SupplierID,SupplierAddress,SupplierName,SupplierContactDetails,ProductID,CarMaker,CarModel,CarColor,CarModelYear,CarPrice,CustomerID,CustomerName,Gender,JobTitle,PhoneNumber,EmailAddress,City,Country,CountryCode,State,CustomerAddress,OrderDate,OrderID,ShipDate,ShipMode,Shipping,PostalCode,Sales,Quantity,Discount,CreditCardType,CreditCard,CustomerFeedback,Warehouse,Opening Stock,Stock Received,Stock Issued,Current Stock,Safety Stock,Reorder Level,Lead Time (Days),Supplier Rating,Damaged Qty,Unit Cost,Inventory Value,Stock Status
BUB-155,542 Dayton Center,Bubbletube,871-57-6028,63,Dodge,Ram 2500,Goldenrod,2007,521963.45,60760-224,Louie Hinsche,Male,Mechanical Systems Engineer,907-966-3323,lhinsche0@comcast.net,Anchorage,United States,US,Alaska,1 Independence Circle,16-12-2018,0268-6694,14-03-2019,Standard Class,Truck,99522,744796.41,1,0.83,diners-club-carte-blanche,3.04E+13,Bad,WH-MUM-01,38,19,1,56,6,12,5,4.6,3,521963.45,29229953.2,Overstock
TAG-55,0674 Springview Circle,Tagopia,337-64-4060,102,Toyota,Tundra,Crimson,2010,672222.04,67457-594,Alexandros Manuel,Male,Structural Engineer,320-943-9301,amanuel1@usnews.com,Saint Cloud,United States,US,Minnesota,209 Lerdahl Alley,13-02-2019,0699-5728,06-03-2019,Standard Class,Truck,56398,794773.17,1,0.79,jcb,3.55E+15,Good,WH-DEL-01,32,20,1,51,7,15,2,3.8,4,672222.04,34283324.04,Overstock
ZOO-350,70 Autumn Leaf Center,Zoomdog,218-19-1802,68,GMC,Savana 1500,Crimson,2011,504465.72,58411-135,Alvie Weighell,Male,Systems Administrator III,312-561-8337,aweighell2@nature.com,Chicago,United States,US,Illinois,1803 Evergreen Trail,16-08-2018,42043-251,20-01-2019,Second Class,Air,60674,968244.9,1,0.28,jcb,3.56E+15,Okay,WH-MUM-01,32,20,1,51,8,10,10,3.8,2,504465.72,25727751.72,Overstock
OOZ-155,649 Corben Lane,Oozz,635-15-3112,103,Volkswagen,Cabriolet,Fuscia,1990,646077.11,0591-5307,Flint Gunston,Male,Operator,407-830-3175,fgunston3@mozilla.org,Orlando,United States,US,Florida,9682 Warbler Terrace,22-02-2019,57520-1044,16-03-2019,First Class,Truck,32885,942213.82,2,0.76,jcb,3.53E+15,Very Bad,WH-CHN-01,25,18,1,42,9,11,7,3.7,5,646077.11,26489161.51,Overstock
KAR-16,94 Namekagon Point,Kare,849-23-6788,85,Mercury,Mariner,Teal,2009,699890.24,51655-189,Alyssa Filpi,Female,Software Engineer III,313-870-7247,afilpi4@webs.com,Detroit,United States,US,Michigan,5751 Tony Avenue,06-09-2018,36987-3308,29-01-2019,Second Class,Air,48232,879519.57,1,0.5,china-unionpay,5.60E+15,Bad,WH-MUM-01,23,16,1,38,6,13,7,4.4,4,699890.24,26595829.12,Overstock
AVA-295,53549 Reindahl Terrace,Avamm,866-71-2942,69,Honda,Civic,Crimson,2003,641468.71,69152-0078,Peria Bovis,Female,Biostatistician II,901-523-2545,pbovis7o@mayoclinic.com,Memphis,United States,US,Tennessee,6262 Florence Drive,26-04-2019,58232-0749,06-02-2019,Same Day,Air,38109,821835.59,1,0.28,jcb,3.54E+15,Good,WH-KOL-01,37,18,1,54,9,14,7,4.4,4,641468.71,34639310.34,Overstock
YOT-110,54338 Holy Cross Circle,Yotz,307-21-2166,57,Buick,Coachbuilder,Teal,1994,610872.2,68016-526,Brigit Ruddiforth,Female,Staff Accountant IV,623-949-6463,bruddiforthos@youtu.be,Scottsdale,United States,US,Arizona,11131 Stone Corner Lane,17-04-2019,53389-100,06-04-2019,Second Class,Truck,85260,904555.79,2,0.74,jcb,3.58E+15,Very Bad,WH-BLR-01,32,19,1,50,9,12,4,4.9,3,610872.2,29932737.8,Overstock
ROO-144,85 Coleman Parkway,Roombo,479-97-2408,100,Subaru,Impreza,Indigo,1999,546977.55,31722-328,Findlay Alberti,Male,Biostatistician III,617-524-1910,falberti6@google.com.br,Boston,United States,US,Massachusetts,60797 Rowland Pass,16-03-2019,24909-111,24-01-2019,Same Day,Truck,2208,883836.81,2,0.79,diners-club-carte-blanche,3.05E+13,Very Bad,WH-KOL-01,39,20,1,58,9,15,2,4.7,3,546977.55,31177720.35,Overstock
SKI-86,5 Hoffman Place,Skipfire,520-91-4887,102,Toyota,Highlander,Yellow,2009,765726.97,49999-598,Richart Lebbon,Male,Associate Professor,716-347-9473,rlebbon66@msn.com,Buffalo,United States,US,New York,7 Crescent Oaks Way,24-01-2019,51672-4030,29-04-2019,Standard Class,Air,14269,712970.25,1,0.54,jcb,3.54E+15,Bad,WH-KOL-01,40,19,1,58,8,12,10,4.9,2,765726.97,44412164.26,Overstock
BUZ-298,9 Lukken Way,Buzzdog,351-97-3917,102,Toyota,Corolla,Aquamarine,2004,563380.63,37000-352,Liuka Dundin,Female,Desktop Support Technician,615-169-0681,ldundini@hc360.com,Murfreesboro,United States,US,Tennessee,8972 Rieder Terrace,03-06-2019,0363-0460,30-04-2019,First Class,Air,37131,758563.82,2,0.56,jcb,3.55E+15,Very Good,WH-MUM-01,40,19,1,58,10,15,7,3.5,4,563380.63,32112695.91,Overstock
LAY-215,7 Esch Trail,Layo,547-88-4825,84,Mercedes-Benz,M-Class,Mauv,2002,722114.57,0955-1015,Duff Dodgshun,Male,Developer I,973-213-3415,ddodgshuna@imgur.com,Newark,United States,US,New Jersey,8104 Colorado Avenue,23-05-2019,50563-202,29-03-2019,Same Day,Air,7112,932957.69,1,0.62,diners-club-enroute,2.01E+14,Very Bad,WH-DEL-01,30,17,1,46,8,15,6,3.8,3,722114.57,33217270.22,Overstock
SKI-151,08884 Farwell Street,Skidoo,164-56-2152,60,Chrysler,Town & Country,Mauv,1996,518555.94,0220-9324,Chryste Please,Female,Operator,515-627-6399,cpleasegm@xing.com,Des Moines,United States,US,Iowa,57169 New Castle Circle,14-04-2019,55910-014,29-04-2019,First Class,Air,50393,990115.45,1,0.85,diners-club-carte-blanche,3.01E+13,Okay,WH-KOL-01,25,17,1,41,7,14,5,4.6,4,518555.94,21260793.54,Overstock
QUA-162,0972 Pepper Wood Lane,Quatz,803-82-7568,84,Mercedes-Benz,CL-Class,Red,2011,568015.89,49825-119,Libbey Divell,Female,VP Sales,304-984-5742,ldivellc@blog.com,Charleston,United States,US,West Virginia,26 Mitchell Center,17-06-2019,54868-6162,21-01-2019,Second Class,Truck,25331,856186.55,2,0.81,diners-club-enroute,2.02E+14,Good,WH-KOL-01,34,20,1,53,8,10,8,4,2,568015.89,29536826.28,Overstock
GAB-256,55262 Emmet Place,Gabvine,854-30-4179,63,Dodge,Avenger,Turquoise,2008,646591.02,54799-504,Demetria Hazelgrove,Female,Human Resources Assistant IV,785-371-7195,dhazelgroved@theatlantic.com,Topeka,United States,US,Kansas,25 Dapin Lane,25-04-2019,57955-8315,17-05-2019,First Class,Air,66642,703359.96,1,0.88,jcb,3.54E+15,Good,WH-KOL-01,23,17,1,39,6,12,3,4.4,5,646591.02,25217049.78,Overstock
QUI-353,94 Doe Crossing Point,Quimba,474-35-5497,101,Suzuki,Sidekick,Puce,1997,573481.77,67296-0470,Tammi Hurch,Female,Health Coach I,702-484-8672,thurchez@home.pl,Las Vegas,United States,US,Nevada,9 Briar Crest Street,11-05-2019,50383-063,31-01-2019,First Class,Air,89140,706633.15,2,0.8,visa,4.37E+12,Very Good,WH-BLR-01,26,20,1,45,9,11,6,5,4,573481.77,25233197.88,Overstock
MYB-249,428 Meadow Ridge Alley,Mybuzz,632-59-2978,56,BMW,M3,Turquoise,2009,728986.85,68788-9728,Erv Manville,Male,Senior Developer,423-655-8690,emanvillef@shareasale.com,Chattanooga,United States,US,Tennessee,98287 Tennessee Place,03-12-2018,65862-082,01-06-2019,Same Day,Air,37416,948098.46,2,0.84,visa,4.04E+12,Good,WH-MUM-01,37,15,1,51,9,10,6,3.7,3,728986.85,36449342.5,Overstock
QUI-229,9485 Dawn Circle,Quire,381-38-3686,79,Lincoln,Continental,Red,1995,764693.06,0363-0359,Betty Cheyne,Female,Developer IV,334-800-4870,bcheynepe@cbc.ca,Montgomery,United States,US,Alabama,568 Moose Point,16-10-2018,0677-1978,20-04-2019,Standard Class,Air,36119,961367.22,1,0.37,visa,4.73E+15,Very Good,WH-CHN-01,37,16,1,52,7,15,3,3.7,3,764693.06,39764039.12,Overstock
LAZ-5,73 Beilfuss Road,Lazz,329-80-2609,69,Honda,FCX Clarity,Yellow,2012,707705.42,21695-215,Jermain Proudman,Male,Senior Editor,920-861-3234,jproudmanh@independent.co.uk,Appleton,United States,US,Wisconsin,064 Everett Circle,15-04-2019,49404-204,20-05-2019,Same Day,Air,54915,749727.44,1,0.64,mastercard,5.00E+15,Very Good,WH-BLR-01,34,19,1,52,7,12,5,4.1,3,707705.42,36800681.84,Overstock
TWI-225,566 Westerfield Point,Twitterlist,181-96-4964,79,Lincoln,MKZ,Violet,2007,732421.3,30142-406,Matthieu Bonifant,Male,Accountant IV,801-430-3792,mbonifant87@engadget.com,Salt Lake City,United States,US,Utah,86 Annamark Pass,10-02-2019,66758-054,12-03-2019,Same Day,Air,84130,941955.73,1,0.85,china-unionpay,5.60E+15,Good,WH-CHN-01,21,18,1,38,10,12,2,4.6,4,732421.3,27832009.4,Overstock
YOD-207,411 Coleman Circle,Yodel,298-99-8758,66,Ford,Tempo,Turquoise,1988,686028.43,49288-0606,Timmy Duck,Female,Payment Adjustment Coordinator,410-914-0768,tduckj@mapquest.com,Annapolis,United States,US,Maryland,90 Mendota Park,12-11-2018,57955-2282,24-03-2019,Standard Class,Truck,21405,927054.81,2,0.83,jcb,3.59E+15,Bad,WH-DEL-01,27,19,1,45,10,12,3,4.6,3,686028.43,30185250.92,Overstock
INN-249,88 Katie Way,Innojam,188-55-0225,84,Mercedes-Benz,SL-Class,Turquoise,2009,526717.03,49693-1801,Barbee Cathel,Female,Chemical Engineer,812-935-0173,bcathelk@paginegialle.it,Bloomington,United States,US,Indiana,618 Bunting Court,03-12-2018,28107-003,31-05-2019,Second Class,Air,47405,979571.33,2,0.4,china-unionpay,5.60E+16,Bad,WH-DEL-01,27,16,1,42,10,10,9,3.9,5,526717.03,21595398.23,Overstock
SKI-151,196 Darwin Park,Skidoo,192-42-0999,59,Chevrolet,Monte Carlo,Aquamarine,1996,569743.98,23155-141,Aimee O'Canavan,Female,Project Manager,818-799-2159,aocanavanl@1688.com,Santa Monica,United States,US,California,12088 Anniversary Trail,24-01-2019,53808-0349,31-05-2019,Standard Class,Air,90405,718907.78,1,0.39,jcb,3.58E+15,Good,WH-KOL-01,36,17,1,52,10,11,8,4.2,5,569743.98,29626686.96,Overstock
MYN-203,90989 Muir Avenue,Mynte,323-91-4731,55,Bentley,Continental Flying Spur,Fuscia,2009,649917,65517-0027,Iain Potell,Male,Software Consultant,812-313-8264,ipotellm@sogou.com,Evansville,United States,US,Indiana,0683 Everett Trail,04-05-2019,13537-217,20-02-2019,Second Class,Truck,47725,736530.42,2,0.89,maestro,6.05E+17,Very Good,WH-MUM-01,32,18,1,49,6,13,3,3.5,5,649917,31196016,Overstock
BRO-294,4800 Melby Court,Browseblab,664-19-9393,102,Toyota,Celica,Puce,2003,702988.61,0703-9258,Marylin Tresvina,Female,Staff Scientist,775-670-5395,mtresvinan@discovery.com,Reno,United States,US,Nevada,8 Northland Lane,09-09-2018,44911-0082,18-02-2019,Second Class,Air,89519,808884,1,0.57,jcb,3.55E+15,Good,WH-KOL-01,29,20,1,48,9,12,3,3.8,4,702988.61,33743453.28,Overstock
MYB-249,9 Onsgard Park,Mybuzz,120-35-5790,56,BMW,7 Series,Turquoise,2012,767834.18,50988-176,Letisha Mahoney,Female,Professor,765-387-1807,lmahoneyo@hibu.com,Muncie,United States,US,Indiana,38475 Longview Terrace,16-08-2018,55316-647,04-06-2019,First Class,Truck,47306,764420.77,1,0.88,jcb,3.59E+15,Very Good,WH-BLR-01,34,17,1,50,7,11,9,4.3,3,767834.18,38391709,Overstock
PHO-21,653 Center Park,Photobug,527-16-1591,90,Nissan,Cube,Turquoise,2009,669596.52,55154-8252,Way Cossell,Male,Compensation Analyst,212-846-4207,wcossellp@npr.org,New York City,United States,US,New York,02096 Eliot Pass,30-04-2019,16864-002,27-04-2019,Same Day,Air,10029,762315.01,1,0.52,diners-club-carte-blanche,3.02E+13,Very Good,WH-KOL-01,20,16,1,35,7,15,9,3.8,4,669596.52,23435878.2,Overstock
FLA-90,5529 High Crossing Place,Flashset,233-78-1949,63,Dodge,Ram 1500 Club,Red,1996,515209.24,51143-213,Ahmad McNiven,Male,VP Quality Control,410-934-9054,amcnivenq@360.cn,Baltimore,United States,US,Maryland,237 7th Parkway,02-06-2019,59779-169,26-02-2019,Same Day,Air,21281,939816.56,2,0.27,china-unionpay,5.60E+16,Very Bad,WH-KOL-01,22,15,1,36,7,12,9,4.5,4,515209.24,18032323.4,Overstock
KAM-314,92 Forest Dale Place,Kamba,283-27-2548,57,Buick,Regal,Orange,2011,649144,42507-612,Phillipe Fussie,Male,Director of Sales,305-467-5364,pfussier@lycos.com,Miami,United States,US,Florida,3110 Loomis Parkway,06-01-2019,0527-1366,02-03-2019,First Class,Air,33158,935633.27,2,0.5,jcb,3.57E+15,Very Bad,WH-DEL-01,40,19,1,58,6,10,3,3.8,5,649144,37001208,Overstock
BRO-246,6 Sugar Hill,Browsetype,462-39-5175,68,GMC,Yukon XL 1500,Crimson,2013,746845.47,63777-255,Petr Ream,Male,Financial Analyst,952-492-3384,preambl@creativecommons.org,Maple Plain,United States,US,Minnesota,6834 Morrow Terrace,04-11-2018,58404-002,08-05-2019,Second Class,Truck,55579,746469.36,2,0.36,jcb,3.59E+15,Okay,WH-BLR-01,35,19,1,53,10,12,3,4.2,3,746845.47,38835964.44,Overstock
RHY-122,97 Golf View Center,Rhyloo,703-69-5945,93,Pontiac,Grand Prix,Red,1983,695215.79,69243-0610,Ernesta Tzarkov,Female,Assistant Media Planner,360-308-5537,etzarkovt@google.fr,Vancouver,United States,US,Washington,09 Bartelt Drive,16-01-2019,63629-5233,09-05-2019,Same Day,Air,98682,740992.19,1,0.63,switch,6.33E+18,Bad,WH-CHN-01,29,15,1,43,6,15,10,5,4,695215.79,29894278.97,Overstock
YAK-57,8005 Duke Trail,Yakijo,289-85-2357,58,Cadillac,DTS,Fuscia,2010,631349.63,75936-123,Hailey Doorbar,Male,Human Resources Manager,402-260-7696,hdoorbaru@un.org,Lincoln,United States,US,Nebraska,3711 Leroy Junction,28-11-2018,54868-4525,27-03-2019,Standard Class,Air,68531,863444.64,2,0.89,jcb,3.59E+15,Very Good,WH-DEL-01,28,19,1,46,6,15,5,4.9,3,631349.63,28410733.35,Overstock
FAN-102,421 Dayton Court,Fanoodle,437-49-2246,103,Volkswagen,Jetta,Turquoise,1984,795403.28,51346-179,Ricoriki Egalton,Male,Help Desk Technician,512-959-3351,regaltonv@ning.com,Austin,United States,US,Texas,508 Hazelcrest Lane,09-12-2018,65342-1377,16-03-2019,Standard Class,Truck,78783,935827.84,2,0.66,jcb,3.53E+15,Good,WH-MUM-01,29,15,1,43,8,14,9,4.1,3,795403.28,33406937.76,Overstock
JAZ-8,34864 Rutledge Circle,Jazzy,299-52-5394,72,Isuzu,Trooper,Puce,1992,656202.16,54868-4250,Giusto Bollis,Male,Geological Engineer,508-843-5655,gbollis21@i2i.jp,Brockton,United States,US,Massachusetts,37867 Lindbergh Pass,25-04-2019,59262-601,13-06-2019,Same Day,Truck,2305,941994.61,1,0.36,china-unionpay,5.60E+18,Bad,WH-KOL-01,28,15,1,42,9,15,9,5,3,656202.16,27560490.72,Overstock
FLA-283,29474 Daystar Drive,Flashpoint,598-40-8384,59,Chevrolet,3500,Indigo,1996,621482.6,52125-632,Jeffy Duckworth,Male,Senior Financial Analyst,915-389-8537,jduckworthx@wix.com,El Paso,United States,US,Texas,778 Sunnyside Hill,26-09-2018,0904-5721,28-01-2019,Second Class,Truck,79999,831839.93,1,0.71,jcb,3.54E+15,Bad,WH-BLR-01,37,17,1,53,7,15,2,4.4,4,621482.6,32938577.8,Overstock
TWI-225,44 Corben Center,Twitterlist,288-77-8840,90,Nissan,Sentra,Turquoise,2011,523333.68,53808-0603,Reese Lace,Male,Associate Professor,504-160-1828,rlacey@ca.gov,New Orleans,United States,US,Louisiana,4138 Westend Junction,26-05-2019,58414-8748,17-03-2019,Same Day,Air,70142,921546.49,2,0.69,maestro,5.02E+16,Good,WH-BLR-01,38,20,1,57,10,15,3,3.6,4,523333.68,29306686.08,Overstock
LIN-162,926 Elmside Alley,Linkbridge,708-65-5880,51,Acura,SLX,Khaki,1999,543658.53,68387-695,Joete Rigmond,Female,Internal Auditor,646-344-7431,jrigmondz@youku.com,New York City,United States,US,New York,07 Forest Run Alley,23-08-2018,63629-4582,03-06-2019,Second Class,Truck,10060,963735.86,1,0.39,jcb,3.58E+15,Good,WH-DEL-01,39,17,1,55,6,15,5,4.4,3,543658.53,29901219.15,Overstock
OYO-216,0 Almo Crossing,Oyonder,798-21-0070,59,Chevrolet,Corvette,Green,1998,579336.1,0603-1384,Orland Morpeth,Male,Nurse,540-250-1864,omorpeth10@discuz.net,Roanoke,United States,US,Virginia,6 Dorton Circle,28-06-2018,47593-363,03-05-2019,Same Day,Truck,24020,883232.92,2,0.43,maestro,6.76E+15,Very Bad,WH-CHN-01,31,18,1,48,8,15,5,3.9,4,579336.1,27228796.7,Overstock
EDG-154,1208 Riverside Court,Edgeblab,279-37-6011,83,Mazda,MX-5,Teal,2009,762675.72,55289-697,Nissie Piller,Female,Safety Technician IV,415-795-6358,npiller11@ucoz.com,San Francisco,United States,US,California,5 Myrtle Circle,11-11-2018,0781-3167,31-05-2019,Standard Class,Air,94177,943846.05,1,0.85,mastercard,5.11E+15,Very Good,WH-CHN-01,40,16,1,55,6,13,7,3.5,5,762675.72,41947164.6,Overstock
JET-92,41 Amoth Road,Jetpulse,375-53-8466,66,Ford,Econoline E250,Fuscia,2002,753675.72,33992-4948,Pablo Mithon,Male,VP Accounting,571-672-5925,pmithon12@mozilla.com,Dulles,United States,US,Virginia,9 Pawling Point,05-09-2018,68084-375,23-03-2019,Same Day,Truck,20189,917587.05,2,0.41,diners-club-carte-blanche,3.05E+13,Good,WH-KOL-01,36,19,1,54,9,12,5,3.9,3,753675.72,39944813.16,Overstock
QUI-355,25003 Arizona Court,Quinu,149-15-6274,53,Audi,100,Goldenrod,1992,518104.02,49938-102,Lishe Healeas,Female,Programmer Analyst III,269-952-1497,lhealeas13@hhs.gov,Battle Creek,United States,US,Michigan,0009 Butterfield Pass,08-07-2018,16714-387,17-02-2019,Standard Class,Air,49018,891387.37,2,0.64,maestro,6.76E+16,Bad,WH-KOL-01,27,18,1,44,9,10,4,4.8,5,518104.02,22278472.86,Overstock
KAZ-13,66777 Colorado Terrace,Kazu,472-35-0505,83,Mazda,Protege,Mauv,1993,623810.35,24488-032,Coriss Toller,Female,Payment Adjustment Coordinator,404-752-3832,ctoller14@mediafire.com,Atlanta,United States,US,Georgia,0460 Northfield Park,19-02-2019,51389-107,28-01-2019,Standard Class,Truck,31106,888070.27,2,0.69,jcb,3.58E+15,Very Bad,WH-BLR-01,26,15,1,40,9,12,6,4.9,4,623810.35,24328603.65,Overstock
SKY-168,39 Brickson Park Parkway,Skyndu,883-12-4168,59,Chevrolet,Suburban 2500,Aquamarine,2009,794485.02,11697-373,Friedrich Roswarne,Male,Cost Accountant,209-830-5801,froswarne15@blinklist.com,Stockton,United States,US,California,25 Artisan Terrace,17-05-2019,50436-6858,30-03-2019,First Class,Air,95298,722987.23,1,0.51,maestro,6.76E+15,Bad,WH-BLR-01,22,18,1,39,8,15,4,3.9,3,794485.02,30984915.78,Overstock
TEK-286,1 Forster Lane,Teklist,820-79-0743,78,Lexus,ES,Mauv,2012,751092.56,16590-301,Sibley Benez,Female,Office Assistant I,917-236-1953,sbenezm4@stumbleupon.com,Jamaica,United States,US,New York,7 Oriole Drive,22-02-2019,21749-527,11-05-2019,First Class,Air,11436,973918.97,2,0.85,visa,4.04E+15,Okay,WH-CHN-01,26,20,1,45,7,13,7,3.9,3,751092.56,33048072.64,Overstock
AVA-324,0473 Sunbrook Point,Avavee,145-89-2056,69,Honda,Accord,Aquamarine,2007,649862.04,62499-395,Barrett Eminson,Male,Web Designer IV,361-869-7414,beminson17@senate.gov,Corpus Christi,United States,US,Texas,5399 Sunnyside Way,01-06-2019,55714-2205,25-01-2019,Standard Class,Air,78405,902974.39,1,0.3,jcb,3.58E+15,Very Good,WH-KOL-01,27,18,1,44,8,10,2,4,2,649862.04,28593929.76,Overstock
TRI-121,82 Stephen Way,Trilia,648-20-2985,97,Saab,900,Orange,1987,766717.6,55154-6649,Joly Tincknell,Female,Financial Analyst,989-485-0171,jtincknell18@stumbleupon.com,Saginaw,United States,US,Michigan,5724 Forster Alley,20-10-2018,55154-6707,01-04-2019,Second Class,Truck,48604,752502.57,1,0.47,jcb,3.57E+15,Good,WH-MUM-01,34,17,1,50,6,14,8,3.7,5,766717.6,38335880,Overstock
OMB-170,6 Artisan Court,Omba,458-38-5152,88,Mitsubishi,Endeavor,Orange,2009,604079.51,51523-018,Homere Denford,Male,Operator,501-383-4943,hdenford19@toplist.cz,Little Rock,United States,US,Arkansas,795 Portage Alley,05-04-2019,76519-1011,23-02-2019,Same Day,Truck,72204,847068.11,1,0.63,jcb,3.53E+15,Okay,WH-KOL-01,23,16,1,38,8,14,10,4.1,4,604079.51,22955021.38,Overstock
REA-140,917 Old Gate Center,Realbuzz,681-37-9765,57,Buick,Riviera,Yellow,1997,757855.82,52959-997,Kilian Ivie,Male,Cost Accountant,864-182-7760,kivie1a@ted.com,Spartanburg,United States,US,South Carolina,4152 Grayhawk Avenue,23-02-2019,0440-1771,12-06-2019,Second Class,Air,29319,716453.03,1,0.4,visa,4.04E+12,Bad,WH-KOL-01,37,15,1,51,7,13,5,4.5,2,757855.82,38650646.82,Overstock
TOP-350,09149 Corry Alley,Topicstorm,101-67-8057,88,Mitsubishi,Galant,Goldenrod,1998,770647.91,37205-458,Bobette Tittletross,Female,Accounting Assistant II,615-668-1467,btittletross1b@cbsnews.com,Nashville,United States,US,Tennessee,42 Hoard Hill,27-08-2018,55289-410,18-02-2019,Same Day,Air,37235,946040.4,2,0.7,jcb,3.55E+15,Very Bad,WH-KOL-01,20,16,1,35,9,15,4,4.8,3,770647.91,26202028.94,Overstock
OOZ-155,3 Dawn Court,Oozz,348-06-1263,88,Mitsubishi,Challenger,Green,2002,672062.8,0268-0899,Deanne Andreolli,Female,Assistant Media Planner,918-407-7055,dandreolli1c@furl.net,Tulsa,United States,US,Oklahoma,0039 Fallview Street,04-11-2018,52709-1001,21-05-2019,Same Day,Air,74133,948811.89,2,0.64,visa,4.04E+12,Very Good,WH-MUM-01,37,18,1,54,10,10,5,3.7,5,672062.8,35619328.4,Overstock
SKY-168,987 Buhler Road,Skyndu,346-24-3016,93,Pontiac,Grand Prix,Indigo,1982,592096.26,59054-140,Madelaine Ratray,Female,Software Consultant,914-116-7544,mratray5f@jugem.jp,Bronx,United States,US,New York,6 Bobwhite Court,05-01-2019,0268-6638,18-04-2019,Same Day,Air,10464,925166.65,2,0.51,maestro,6.05E+16,Bad,WH-BLR-01,28,15,1,42,8,13,10,4.8,3,592096.26,24275946.66,Overstock
RHY-122,88 Troy Hill,Rhyloo,332-97-7780,97,Saab,900,Red,2006,725775.33,66854-024,Jacinthe Deekes,Female,VP Marketing,651-136-8822,jdeekes1e@themeforest.net,Saint Paul,United States,US,Minnesota,9090 Oakridge Alley,02-09-2018,13107-020,20-05-2019,First Class,Truck,55188,992269.44,1,0.36,switch,4.91E+15,Bad,WH-CHN-01,34,19,1,52,8,11,2,4.1,5,725775.33,37740317.16,Overstock
SKI-171,246 Marcy Hill,Skiptube,383-42-7807,78,Lexus,LX,Yellow,2009,743273.77,65862-697,Lannie Bilbery,Male,Structural Engineer,907-597-0285,lbilberynx@pen.io,Anchorage,United States,US,Alaska,1285 Algoma Avenue,30-12-2018,51991-793,01-03-2019,Standard Class,Air,99507,819167.64,2,0.49,jcb,3.55E+15,Very Bad,WH-BLR-01,29,20,1,48,9,10,7,4.4,2,743273.77,34933867.19,Overstock
JAB-348,02169 Melvin Street,Jabbersphere,867-04-5328,93,Pontiac,Grand Prix,Goldenrod,2008,626150.56,68788-9178,Eldon Bartlam,Male,General Manager,602-913-3546,ebartlam1g@biglobe.ne.jp,Tempe,United States,US,Arizona,481 Calypso Street,18-01-2019,43857-0292,23-04-2019,Second Class,Air,85284,858141.4,2,0.62,jcb,3.55E+15,Very Bad,WH-BLR-01,38,15,1,52,7,13,4,3.6,3,626150.56,31933678.56,Overstock
DEM-127,81 Ilene Crossing,Demizz,308-66-6652,66,Ford,Bronco,Red,1990,578528.68,0517-7630,Marlane Nutten,Female,Product Engineer,561-339-5265,mnutten1h@chron.com,West Palm Beach,United States,US,Florida,96 Mcguire Hill,14-04-2019,68016-213,10-05-2019,First Class,Air,33416,761296.61,2,0.68,visa,4.04E+15,Okay,WH-MUM-01,33,16,1,48,8,14,10,4.1,3,578528.68,27190847.96,Overstock
WIK-291,60895 Eliot Way,Wikido,838-19-4550,58,Cadillac,Escalade EXT,Fuscia,2011,575587.24,36987-1206,Gery Zamora,Male,VP Marketing,661-743-8253,gzamora1i@slideshare.net,Lancaster,United States,US,California,0329 Butterfield Court,20-09-2018,63629-1792,25-04-2019,First Class,Truck,93584,903568.39,2,0.56,diners-club-carte-blanche,3.02E+13,Very Good,WH-BLR-01,25,16,1,40,10,14,2,4.9,4,575587.24,22447902.36,Overstock
OYO-105,24 Golf Course Point,Oyoba,131-70-4415,78,Lexus,IS,Violet,2005,501225.2,0093-6126,Nichole Longlands,Female,VP Sales,269-868-5073,nlonglands1j@auda.org.au,Kalamazoo,United States,US,Michigan,659 Mitchell Alley,04-12-2018,54868-6368,06-04-2019,Same Day,Truck,49048,835589.93,1,0.83,switch,5.64E+18,Good,WH-CHN-01,27,17,1,43,10,11,7,4.5,5,501225.2,21552683.6,Overstock
BLO-159,12 Gateway Pass,Blogspan,632-63-7005,90,Nissan,Rogue,Blue,2008,533876.93,51060-009,Ted Schroter,Female,Quality Control Specialist,754-589-8037,tschroter1k@nature.com,Fort Lauderdale,United States,US,Florida,9 Darwin Trail,03-06-2019,0280-6091,17-06-2019,Second Class,Air,33355,993775.95,2,0.62,bankcard,5.60E+15,Bad,WH-DEL-01,32,20,1,51,6,12,7,4.5,4,533876.93,26693846.5,Overstock
WIK-161,7 5th Street,Wikivu,754-14-1688,96,Rolls-Royce,Phantom,Blue,2013,680954.64,55319-533,Maximilien Cortez,Male,Engineer I,405-442-9003,mcortez1l@i2i.jp,Oklahoma City,United States,US,Oklahoma,2 Pierstorff Park,26-10-2018,76439-209,25-04-2019,First Class,Truck,73197,960718.44,1,0.89,jcb,3.56E+15,Very Bad,WH-BLR-01,39,18,1,56,9,14,4,4.1,3,680954.64,38133459.84,Overstock
BLO-191,59 Crowley Trail,Blognation,759-15-0588,84,Mercedes-Benz,CL-Class,Violet,2007,505474.42,0409-1163,Ase Giannazzi,Male,GIS Technical Architect,208-731-8246,agiannazzi1m@npr.org,Boise,United States,US,Idaho,011 Northfield Alley,08-06-2019,53208-447,04-04-2019,Standard Class,Truck,83716,767378.13,2,0.77,maestro,5.02E+17,Very Bad,WH-BLR-01,21,19,1,39,7,12,7,4.2,5,505474.42,19208027.96,Overstock
SKI-57,6 Sloan Trail,Skipstorm,569-13-4343,71,Infiniti,J,Indigo,1993,696777.09,61336-001,Chrissie Whittaker,Male,Web Developer III,202-617-9627,cwhittaker1n@example.com,Washington,United States,US,District of Columbia,76 Eagle Crest Point,03-01-2019,0615-7565,11-06-2019,Standard Class,Truck,20005,935708.53,1,0.63,laser,6.30E+16,Okay,WH-DEL-01,26,17,1,42,6,10,3,4.3,2,696777.09,29264637.78,Overstock
THO-206,8 American Center,Thoughtworks,574-74-0037,93,Pontiac,Grand Prix,Fuscia,2002,550962.34,0135-0460,Chadd Firpi,Male,Administrative Assistant III,479-672-2885,cfirpi1o@wp.com,Fort Smith,United States,US,Arkansas,3 Corscot Circle,23-02-2019,58118-0212,19-04-2019,Standard Class,Truck,72905,807275.14,2,0.86,china-unionpay,5.60E+18,Very Good,WH-DEL-01,24,20,1,43,10,13,6,4.7,3,550962.34,23140418.28,Overstock
PHO-204,28872 Grim Place,Photojam,154-42-3936,59,Chevrolet,Camaro,Yellow,2010,757579.72,53150-411,Caro Pettegre,Female,Administrative Assistant II,734-983-0921,cpettegre1p@un.org,Detroit,United States,US,Michigan,6 Melby Street,02-08-2018,54868-6209,26-01-2019,Second Class,Air,48211,916777.9,2,0.46,china-unionpay,5.60E+16,Very Good,WH-KOL-01,25,18,1,42,8,14,3,4.1,5,757579.72,31060768.52,Overstock
BRO-246,39915 Pond Trail,Browsetype,115-08-9699,90,Nissan,Maxima,Maroon,1996,520683.36,60560-1072,Huberto Lawdham,Male,Actuary,217-967-3290,hlawdham1q@cnbc.com,Champaign,United States,US,Illinois,81314 Eggendart Court,01-10-2018,62032-131,18-01-2019,First Class,Air,61825,936548.81,2,0.89,jcb,3.56E+15,Very Good,WH-KOL-01,25,16,1,40,8,15,8,3.7,5,520683.36,20306651.04,Overstock
TAG-55,00 Haas Circle,Tagopia,650-78-4303,88,Mitsubishi,Galant,Aquamarine,2002,737510.19,52380-3101,Madonna Sultan,Female,Staff Scientist,469-365-6966,msultan1r@4shared.com,Plano,United States,US,Texas,343 Corry Pass,23-08-2018,61722-002,09-03-2019,First Class,Air,75074,752627.75,2,0.42,jcb,3.57E+15,Very Bad,WH-KOL-01,35,17,1,51,9,14,5,4.7,2,737510.19,36875509.5,Overstock
LIV-133,6 Briar Crest Lane,Livepath,583-38-9758,65,Ferrari,California,Teal,2010,577349.21,51141-1000,Tibold Glanfield,Male,Compensation Analyst,214-358-3694,tglanfield1s@fc2.com,Garland,United States,US,Texas,32 Farragut Terrace,26-03-2019,51138-212,30-03-2019,Same Day,Truck,75044,781362.73,2,0.42,jcb,3.57E+15,Very Good,WH-KOL-01,38,19,1,56,7,13,5,4.2,2,577349.21,31754206.55,Overstock
TWI-154,8 Esker Pass,Twitterworks,135-09-6171,84,Mercedes-Benz,SL-Class,Yellow,2011,749804.88,53603-1006,Gonzales Shoard,Male,Community Outreach Specialist,915-824-4121,gshoard4v@example.com,El Paso,United States,US,Texas,6 Anthes Avenue,19-05-2019,68788-0686,08-04-2019,Standard Class,Truck,88558,914755.73,1,0.8,mastercard,5.10E+15,Very Bad,WH-MUM-01,35,15,1,49,6,13,8,3.7,5,749804.88,36740439.12,Overstock
BLO-185,9 Atwood Court,Blogtags,792-59-1635,104,Volvo,V50,Goldenrod,2011,687399.66,43196-514,Cristian Peschka,Male,Occupational Therapist,910-835-1519,cpeschka1u@eepurl.com,Fayetteville,United States,US,North Carolina,1 Northland Trail,05-07-2018,0173-0838,18-03-2019,Same Day,Truck,28305,741827.31,2,0.49,mastercard,5.59E+15,Very Bad,WH-CHN-01,40,20,1,59,8,11,6,4.8,3,687399.66,39869180.28,Overstock
BRA-196,0 Bonner Center,Brainsphere,560-90-4449,93,Pontiac,Sunfire,Fuscia,1995,754928.8,0143-9856,Valdemar Klawi,Male,Accounting Assistant I,704-309-8319,vklawibp@51.la,Winston Salem,United States,US,North Carolina,88 Express Lane,30-08-2018,53329-060,28-01-2019,Same Day,Air,27105,877648.28,1,0.82,laser,6.30E+18,Good,WH-BLR-01,38,18,1,55,10,12,9,3.6,3,754928.8,41521084,Overstock
BAB-285,76904 Onsgard Lane,Babbleopia,269-87-2914,59,Chevrolet,Impala,Violet,1996,644489.28,16714-613,Way Feild,Male,Senior Editor,281-744-9410,wfeildmc@tinyurl.com,Houston,United States,US,Texas,310 Carpenter Hill,31-07-2018,66336-393,01-03-2019,First Class,Air,77293,799501.28,1,0.36,jcb,3.54E+15,Very Bad,WH-BLR-01,39,19,1,57,8,12,10,4.1,2,644489.28,36735888.96,Overstock
DEV-224,7 Raven Way,Devpoint,699-53-1590,85,Mercury,Lynx,Khaki,1985,710759.09,52549-4118,Genevra Whetson,Female,GIS Technical Architect,916-606-7109,gwhetsonrm@ucoz.com,Sacramento,United States,US,California,871 Judy Alley,26-07-2018,0703-4852,31-03-2019,Same Day,Truck,94297,852889.61,1,0.55,jcb,3.58E+15,Okay,WH-DEL-01,33,18,1,50,8,11,2,3.7,4,710759.09,35537954.5,Overstock
FIV-209,1954 Evergreen Lane,Fivespan,174-23-9420,104,Volvo,C70,Turquoise,1999,669557.49,35356-844,Blondie Pirie,Female,Business Systems Development Analyst,205-114-5791,bpirie1y@wufoo.com,Birmingham,United States,US,Alabama,0484 Delaware Crossing,28-01-2019,55316-249,03-04-2019,Standard Class,Air,35290,979593.39,2,0.67,jcb,3.54E+15,Okay,WH-MUM-01,35,16,1,50,10,12,8,4.8,3,669557.49,32808317.01,Overstock
LIN-171,3 Emmet Plaza,Linkbuzz,741-42-7881,63,Dodge,Ram Van 3500,Goldenrod,2001,508230.44,68180-403,Lynde Kiezler,Female,Biostatistician II,205-379-8812,lkiezler1z@go.com,Birmingham,United States,US,Alabama,822 American Parkway,23-07-2018,10370-116,12-03-2019,First Class,Air,35231,959819.33,2,0.88,china-unionpay,5.60E+17,Okay,WH-BLR-01,27,18,1,44,8,10,6,4.8,2,508230.44,21853908.92,Overstock
LAZ-225,3365 Victoria Avenue,Lazzy,579-92-7504,80,Lotus,Esprit,Orange,1993,644944.49,52083-637,Lindon Vidineev,Male,Compensation Analyst,503-642-1039,lvidineevbz@mayoclinic.com,Portland,United States,US,Oregon,533 Sunbrook Way,05-11-2018,11673-510,19-01-2019,Second Class,Truck,97221,880990.12,1,0.82,mastercard,5.11E+15,Okay,WH-KOL-01,29,15,1,43,8,10,2,4.3,2,644944.49,27732613.07,Overstock
FIV-86,1 Welch Point,Fiveclub,719-53-5670,78,Lexus,ES,Blue,2002,620925.48,0185-0128,My Leneve,Male,Design Engineer,316-400-2858,mlenevef2@spotify.com,Wichita,United States,US,Kansas,4 Jana Road,22-12-2018,62037-938,05-02-2019,Standard Class,Air,67220,935182.86,2,0.59,jcb,3.55E+15,Okay,WH-CHN-01,30,16,1,45,8,13,8,4.9,5,620925.48,27320721.12,Overstock
DAB-344,2 Graceland Avenue,Dabtype,855-68-8013,102,Toyota,MR2,Puce,2001,505282.4,53499-0390,Marwin Francescozzi,Male,VP Marketing,817-214-8029,mfrancescozzi22@go.com,Arlington,United States,US,Texas,96 Melby Lane,23-09-2018,63824-271,30-05-2019,Second Class,Truck,76096,779114.68,1,0.43,diners-club-carte-blanche,3.00E+13,Very Bad,WH-DEL-01,23,19,1,41,9,10,8,4.8,3,505282.4,20716578.4,Overstock
GAB-195,7348 Mosinee Circle,Gabtype,121-80-3360,90,Nissan,Maxima,Red,2008,671133.91,37205-664,Yalonda Lampert,Female,Business Systems Development Analyst,808-150-6347,ylampert3r@creativecommons.org,Honolulu,United States,US,Hawaii,024 Onsgard Avenue,06-10-2018,30142-199,30-05-2019,Same Day,Truck,96825,919450.3,1,0.49,jcb,3.58E+15,Bad,WH-BLR-01,25,16,1,40,9,10,8,3.5,3,671133.91,26845356.4,Overstock
VIM-101,1268 Goodland Drive,Vimbo,614-88-1667,63,Dodge,Ram 2500,Blue,2008,553348.39,41520-199,Arlinda Stocker,Female,VP Accounting,972-525-5279,astocker24@domainmarket.com,Dallas,United States,US,Texas,41 Cody Road,20-11-2018,51141-2000,06-04-2019,Second Class,Air,75221,852540.42,2,0.45,diners-club-us-ca,5.44E+15,Okay,WH-MUM-01,37,18,1,54,8,11,3,3.5,5,553348.39,29327464.67,Overstock
FAD-79,479 Shoshone Center,Fadeo,433-83-1238,88,Mitsubishi,Precis,Aquamarine,1994,766396.94,0944-4351,Joan Beddon,Female,Marketing Manager,206-955-3681,jbeddon25@nydailynews.com,Seattle,United States,US,Washington,9170 Delladonna Place,15-12-2018,51367-008,24-05-2019,Second Class,Air,98127,899946.21,1,0.8,jcb,3.56E+15,Bad,WH-KOL-01,27,16,1,42,8,10,3,4.6,2,766396.94,32188671.48,Overstock
THO-53,35 5th Plaza,Thoughtstorm,673-60-4852,91,Oldsmobile,Bravada,Teal,2004,707517.46,76519-1017,Blythe Lampens,Female,Accountant I,404-400-7955,blampens26@google.ca,Atlanta,United States,US,Georgia,28 Granby Place,14-04-2019,61748-017,29-05-2019,Second Class,Air,31132,954701.77,2,0.29,jcb,3.58E+15,Okay,WH-KOL-01,39,16,1,54,10,15,4,4.5,5,707517.46,37498425.38,Overstock
EAD-361,24 Loeprich Terrace,Eadel,807-93-0024,57,Buick,Regal,Purple,1989,667039.78,45963-538,Ozzie Oade,Male,Database Administrator III,321-117-4073,ooade27@bluehost.com,Orlando,United States,US,Florida,272 Forster Parkway,15-09-2018,0904-0304,11-05-2019,Same Day,Truck,32803,830149.53,2,0.58,diners-club-enroute,2.02E+14,Very Good,WH-KOL-01,20,16,1,35,6,13,4,4.7,5,667039.78,22679352.52,Overstock
YAB-293,105 Quincy Way,Yabox,250-42-0967,91,Oldsmobile,Ciera,Violet,1993,546889.09,64117-252,Niels Bushe,Male,Desktop Support Technician,205-400-8698,nbushe28@kickstarter.com,Birmingham,United States,US,Alabama,6925 Tomscot Road,17-06-2019,64455-994,27-05-2019,Second Class,Truck,35263,850167.91,1,0.76,jcb,3.56E+15,Very Bad,WH-BLR-01,39,18,1,56,8,13,8,4.9,4,546889.09,30625789.04,Overstock
MUX-147,4450 Texas Point,Muxo,800-26-8802,90,Nissan,Frontier,Pink,2006,688767.81,43269-669,Vidovic Elwood,Male,Nuclear Power Engineer,210-583-7303,velwood29@miibeian.gov.cn,San Antonio,United States,US,Texas,92 Bowman Pass,25-05-2019,25010-215,01-05-2019,Same Day,Truck,78285,723947.52,1,0.27,jcb,3.58E+15,Bad,WH-CHN-01,26,19,1,44,6,12,6,4.7,5,688767.81,30305783.64,Overstock
FLA-141,8777 Londonderry Court,Flashdog,784-59-9901,77,Land Rover,Defender,Turquoise,1995,754339.76,55154-5599,Daveta Inglesfield,Female,Budget/Accounting Analyst I,281-966-1049,dinglesfieldbr@ycombinator.com,Humble,United States,US,Texas,1 Jay Point,13-11-2018,52686-269,06-02-2019,First Class,Air,77346,956281.86,2,0.55,jcb,3.58E+15,Okay,WH-KOL-01,23,18,1,40,10,14,6,3.5,3,754339.76,29419250.64,Overstock
TAG-117,0144 New Castle Center,Tagfeed,615-16-7269,75,Kia,Optima,Violet,2002,620793.44,24208-544,Sharron Cranna,Female,Staff Scientist,225-841-0636,scranna2b@multiply.com,Baton Rouge,United States,US,Louisiana,6 Melody Circle,16-07-2018,0268-6706,04-02-2019,Same Day,Air,70820,861113.04,1,0.82,jcb,3.55E+15,Bad,WH-CHN-01,20,19,1,38,8,11,7,4.6,3,620793.44,23590150.72,Overstock
COG-310,91 Hollow Ridge Trail,Cogidoo,420-99-2483,63,Dodge,Dakota,Blue,1993,543323.96,10631-099,Marcela Nials,Female,Biostatistician IV,952-896-2862,mnialsis@goo.ne.jp,Young America,United States,US,Minnesota,41 Clove Center,22-03-2019,0591-0885,18-02-2019,Standard Class,Air,55564,753692.62,2,0.73,jcb,3.54E+15,Very Bad,WH-KOL-01,34,20,1,53,7,10,3,4.8,5,543323.96,28252845.92,Overstock
SKI-269,0 Londonderry Crossing,Skinte,389-77-7542,103,Volkswagen,Cabriolet,Turquoise,2000,700445.83,0404-6620,Nickey Truelock,Male,Engineer IV,202-797-0779,ntruelockn0@rambler.ru,Washington,United States,US,District of Columbia,05 Debra Circle,07-12-2018,55154-6260,25-02-2019,Standard Class,Air,20260,958821.13,2,0.44,mastercard,5.28E+15,Very Bad,WH-KOL-01,20,18,1,37,10,11,5,3.6,3,700445.83,25216049.88,Overstock
ROO-273,7218 Leroy Street,Roodel,756-09-5350,69,Honda,Ridgeline,Pink,2007,662004.26,0067-2039,Dinny O'Cooney,Female,Financial Analyst,813-617-4542,docooney2e@blog.com,Tampa,United States,US,Florida,09 Claremont Lane,30-05-2019,59779-949,04-01-2019,Same Day,Air,33620,998843.29,2,0.63,jcb,3.58E+15,Good,WH-MUM-01,38,18,1,55,9,15,2,4.8,3,662004.26,35748230.04,Overstock
GIG-17,5754 Parkside Point,Gigazoom,573-47-8364,93,Pontiac,GTO,Pink,1970,696179.72,55714-4426,Alphard Quantrill,Male,Programmer Analyst IV,480-783-3635,aquantrill2f@netscape.com,Phoenix,United States,US,Arizona,12 Raven Street,01-04-2019,31720-208,17-02-2019,First Class,Air,85025,858307.07,2,0.38,jcb,3.55E+15,Good,WH-CHN-01,28,19,1,46,6,10,7,4.8,4,696179.72,31328087.4,Overstock
OMB-170,9973 Fuller Alley,Omba,435-24-7523,59,Chevrolet,Suburban 1500,Green,2003,714262.33,37808-008,Niven Derrington,Male,Research Assistant IV,479-312-7517,nderrington2g@time.com,Fort Smith,United States,US,Arkansas,9 Gateway Drive,14-02-2019,52183-369,22-01-2019,Standard Class,Air,72905,784074.72,1,0.41,maestro,6.76E+18,Good,WH-KOL-01,29,16,1,44,7,15,5,3.9,4,714262.33,31427542.52,Overstock
INN-41,96748 Sunfield Circle,Innotype,674-69-5280,90,Nissan,Maxima,Turquoise,2009,658004.98,0065-0643,Theodoric Padley,Male,Staff Accountant III,323-363-3595,tpadley2h@usda.gov,Los Angeles,United States,US,California,627 Elmside Alley,25-05-2019,0462-0395,07-04-2019,Standard Class,Truck,90025,749917.29,1,0.83,mastercard,5.10E+15,Very Bad,WH-KOL-01,23,19,1,41,9,13,9,4.7,2,658004.98,26978204.18,Overstock
KWI-279,05741 Linden Point,Kwimbee,674-81-8160,103,Volkswagen,Rabbit,Maroon,2009,679304.05,53746-102,Ada Strange,Female,Help Desk Operator,434-333-8356,astrange2i@java.com,Charlottesville,United States,US,Virginia,864 Fallview Court,01-06-2019,52731-7023,31-03-2019,Second Class,Air,22908,888417.08,2,0.63,visa-electron,4.41E+15,Good,WH-BLR-01,30,17,1,46,6,13,6,4.2,5,679304.05,30568682.25,Overstock
JAY-67,417 Delladonna Road,Jayo,304-18-2648,83,Mazda,Miata MX-5,Crimson,2005,739132.03,55700-020,Gabriello Hegdonne,Male,Technical Writer,316-891-9761,ghegdonne2j@eepurl.com,Wichita,United States,US,Kansas,93 Schiller Terrace,03-05-2019,58118-0017,24-05-2019,Standard Class,Air,67230,989524.24,1,0.84,jcb,3.57E+15,Very Bad,WH-BLR-01,34,19,1,52,9,13,9,4,4,739132.03,38434865.56,Overstock
SKI-171,75 Victoria Court,Skiptube,579-46-2873,93,Pontiac,Grand Prix,Fuscia,1978,720963.77,0206-2100,Gussy Murison,Female,Chemical Engineer,651-279-4209,gmurison2k@google.ru,Saint Paul,United States,US,Minnesota,7861 Cardinal Trail,31-05-2019,67345-0784,21-03-2019,Same Day,Truck,55127,820595.53,2,0.36,americanexpress,3.42E+14,Very Bad,WH-CHN-01,33,18,1,50,10,15,3,4.9,3,720963.77,35327224.73,Overstock
COG-152,278 Oak Avenue,Cogilith,267-60-7116,93,Pontiac,Bonneville,Maroon,1986,789868.88,30142-001,Jerri Attock,Male,Payment Adjustment Coordinator,254-722-0807,jattockht@si.edu,Waco,United States,US,Texas,4950 Lillian Park,09-06-2019,13537-110,07-01-2019,Same Day,Truck,76705,704107.04,2,0.37,diners-club-enroute,2.02E+14,Very Bad,WH-BLR-01,20,20,1,39,9,12,10,4.1,3,789868.88,30015017.44,Overstock
DEV-28,90 Melody Road,Devshare,565-77-8895,103,Volkswagen,Cabriolet,Goldenrod,1985,777674.47,52125-365,Shannah Chartre,Female,Help Desk Technician,916-188-5639,schartrepa@tamu.edu,Sacramento,United States,US,California,50212 Boyd Junction,28-06-2018,49349-609,06-06-2019,Standard Class,Truck,95894,736657.75,1,0.68,switch,6.76E+18,Good,WH-KOL-01,32,15,1,46,10,11,4,4.7,4,777674.47,35773025.62,Overstock
BRO-132,2153 Eastlawn Pass,Browsedrive,812-70-9410,101,Suzuki,Grand Vitara,Puce,2010,691809.05,25021-656,Rozanne Fanton,Female,Director of Sales,203-601-4916,rfantonqo@yahoo.com,Stamford,United States,US,Connecticut,1 Nobel Parkway,03-06-2019,64117-211,07-06-2019,Second Class,Truck,6905,947353.81,2,0.45,maestro,5.02E+17,Very Bad,WH-CHN-01,28,19,1,46,10,14,6,4.8,3,691809.05,31131407.25,Overstock
MID-292,6 American Ash Plaza,Midel,429-51-4961,78,Lexus,GS,Puce,2013,650995.54,64205-101,Wallas Lewing,Male,Structural Analysis Engineer,919-462-7153,wlewing2o@arstechnica.com,Durham,United States,US,North Carolina,0 Emmet Place,10-05-2019,63830-221,04-04-2019,Same Day,Truck,27705,733932.62,1,0.66,jcb,3.54E+15,Very Bad,WH-MUM-01,39,16,1,54,9,13,6,4.2,3,650995.54,35153759.16,Overstock
SKI-204,98 Vahlen Street,Skilith,439-37-5086,90,Nissan,370Z,Mauv,2009,734064.83,54868-6077,Osgood Dunkerk,Male,Safety Technician IV,785-367-0967,odunkerk2p@bravesites.com,Topeka,United States,US,Kansas,01 Quincy Pass,02-08-2018,31722-731,29-05-2019,Second Class,Air,66629,906383.42,2,0.29,bankcard,5.60E+15,Very Good,WH-DEL-01,36,20,1,55,10,13,3,4.1,4,734064.83,39639500.82,Overstock
TAL-186,966 Fallview Plaza,Talane,766-66-2819,74,Jeep,Wrangler,Blue,1998,566961.7,0555-0140,Alvinia Alasdair,Female,Help Desk Operator,818-793-6320,aalasdair2q@rambler.ru,Los Angeles,United States,US,California,3156 Kipling Drive,11-10-2018,43353-914,11-01-2019,Second Class,Truck,90015,768636.97,2,0.57,china-unionpay,5.60E+17,Okay,WH-MUM-01,29,18,1,46,10,10,4,3.6,2,566961.7,25513276.5,Overstock
CHA-98,02122 Sloan Park,Chatterbridge,819-68-9887,69,Honda,S2000,Green,2003,636898.53,65691-0105,Arleta Blondelle,Female,General Manager,913-827-5744,ablondelle2r@people.com.cn,Shawnee Mission,United States,US,Kansas,9992 Portage Hill,23-04-2019,55648-787,03-06-2019,First Class,Truck,66286,827097.96,1,0.75,visa,4.43E+15,Very Bad,WH-MUM-01,28,17,1,44,10,10,5,4.1,4,636898.53,28023535.32,Overstock
SKI-86,03 Dwight Junction,Skipfire,315-95-6593,58,Cadillac,CTS-V,Red,2009,641631.95,55154-9357,Barbie Bridywater,Female,Dental Hygienist,212-664-6255,bbridywater2s@reuters.com,Jamaica,United States,US,New York,62 Buena Vista Parkway,25-10-2018,59614-298,12-02-2019,Standard Class,Air,11431,863138.65,2,0.53,china-unionpay,5.61E+15,Okay,WH-MUM-01,29,16,1,44,7,10,2,4.9,5,641631.95,27590173.85,Overstock
FIV-87,90280 Schlimgen Road,Fivebridge,739-39-5689,68,GMC,Suburban 1500,Red,1999,724303.85,52125-866,Curcio Januszewski,Male,Project Manager,303-536-9709,cjanuszewski2t@acquirethisname.com,Denver,United States,US,Colorado,837 Upham Lane,25-08-2018,59630-574,20-02-2019,Second Class,Truck,80243,898660.85,2,0.49,china-unionpay,5.60E+17,Good,WH-BLR-01,20,16,1,35,9,11,5,4.3,4,724303.85,24626330.9,Overstock
REA-10,69174 Springview Park,Realcube,433-53-9139,59,Chevrolet,Sportvan G30,Teal,1995,679976.16,54458-907,Georgiana Decker,Female,Financial Analyst,253-129-3808,gdecker2u@wordpress.com,Olympia,United States,US,Washington,86058 Farwell Way,29-03-2019,43742-0489,17-04-2019,Standard Class,Truck,98516,955190.63,2,0.78,switch,6.76E+18,Very Bad,WH-BLR-01,21,15,1,35,7,15,9,3.5,3,679976.16,23119189.44,Overstock
SKI-316,3 Transport Center,Skivee,615-13-4570,59,Chevrolet,Express 1500,Red,2004,665876.6,33261-228,Angus Bilbey,Male,Analyst Programmer,202-489-6564,abilbey2v@tamu.edu,Washington,United States,US,District of Columbia,08432 Arizona Hill,08-11-2018,50181-0003,02-04-2019,Standard Class,Truck,20299,986265.39,1,0.3,switch,6.33E+17,Very Bad,WH-CHN-01,34,20,1,53,8,12,5,4.7,2,665876.6,35291459.8,Overstock
CHA-98,79 Tennyson Road,Chatterbridge,868-80-3843,58,Cadillac,Escalade,Red,2007,514525.98,11584-1060,Gerek Timmins,Male,Physical Therapy Assistant,480-458-6503,gtimmins2w@wiley.com,Apache Junction,United States,US,Arizona,63 Fairview Park,22-04-2019,49348-553,09-03-2019,Standard Class,Air,85219,700375.26,2,0.67,jcb,3.56E+15,Very Good,WH-MUM-01,36,16,1,51,9,10,3,3.8,3,514525.98,25726299,Overstock
BUZ-263,615 Lakewood Gardens Way,Buzzbean,640-88-8698,93,Pontiac,Grand Am,Turquoise,1996,543539.17,0363-1024,Garald Shepland,Male,Cost Accountant,225-811-0306,gshepland2x@narod.ru,Baton Rouge,United States,US,Louisiana,48819 Pleasure Road,02-07-2018,45963-346,19-01-2019,Second Class,Truck,70826,918972.63,1,0.32,mastercard,5.45E+15,Good,WH-BLR-01,40,15,1,54,9,14,4,4.4,5,543539.17,29351115.18,Overstock
VOO-128,08 Shopko Trail,Voonix,543-42-8435,102,Toyota,Sequoia,Green,2008,563223.72,50268-452,Michelle McLagain,Female,Human Resources Assistant IV,904-531-8925,mmclagain2y@woothemes.com,Jacksonville,United States,US,Florida,32978 Grayhawk Pass,23-12-2018,0270-0149,23-02-2019,Same Day,Truck,32236,742527.92,1,0.45,jcb,3.56E+15,Bad,WH-MUM-01,28,15,1,42,6,10,6,4.9,4,563223.72,23655396.24,Overstock
THO-216,8 Sunfield Park,Thoughtblab,542-88-8254,102,Toyota,Celica,Yellow,1994,739368.39,37808-817,Morgun Pfaff,Male,Senior Quality Engineer,850-978-0378,mpfaff2z@economist.com,Pensacola,United States,US,Florida,0300 Colorado Avenue,06-12-2018,36800-443,10-03-2019,First Class,Air,32575,862137.37,2,0.27,jcb,3.57E+15,Bad,WH-MUM-01,35,20,1,54,6,10,2,4.6,2,739368.39,39186524.67,Overstock
YAK-267,0 Rutledge Lane,Yakitri,488-54-5386,56,BMW,M3,Violet,2011,543026.94,68084-009,Carmel Gentzsch,Female,Research Nurse,336-879-7974,cgentzsch30@yahoo.co.jp,Winston Salem,United States,US,North Carolina,27 Debs Center,24-07-2018,0904-5186,25-05-2019,Standard Class,Air,27157,956235.6,2,0.73,jcb,3.53E+15,Very Bad,WH-DEL-01,30,18,1,47,7,12,2,4.4,3,543026.94,24979239.24,Overstock
ZOO-66,37 Monument Hill,Zoozzy,725-32-8162,77,Land Rover,Range Rover,Crimson,1986,569435.74,65862-599,Paton Clynman,Male,VP Sales,915-353-6106,pclynman31@smh.com.au,El Paso,United States,US,Texas,51 Annamark Circle,26-04-2019,53808-0251,16-01-2019,Standard Class,Truck,88584,981365.77,1,0.36,visa,4.04E+15,Very Good,WH-KOL-01,35,15,1,49,7,13,4,4.5,5,569435.74,27902351.26,Overstock
DEM-336,87 Heffernan Pass,Demivee,493-38-2166,88,Mitsubishi,Mirage,Puce,1998,593076.64,51918-1001,Danya Lambis,Male,Staff Scientist,817-933-4301,dlambis32@themeforest.net,Fort Worth,United States,US,Texas,1 Warner Trail,20-03-2019,65044-1060,03-04-2019,Second Class,Truck,76134,990328.59,2,0.29,visa-electron,4.41E+15,Bad,WH-CHN-01,23,15,1,37,8,12,7,4.5,2,593076.64,21350759.04,Overstock
MEE-358,5 Bluestem Way,Meedoo,320-16-8226,72,Isuzu,Oasis,Mauv,1996,522435.2,55154-6127,Robbert Goodhand,Male,Senior Editor,801-200-3771,rgoodhand33@moonfruit.com,Provo,United States,US,Utah,56388 Veith Alley,23-09-2018,0378-1045,28-01-2019,Second Class,Air,84605,976754.62,2,0.7,visa-electron,4.84E+15,Bad,WH-MUM-01,37,20,1,56,6,11,8,4.2,3,522435.2,28733936,Overstock
YOU-334,96 Sunnyside Crossing,Youfeed,712-07-8073,83,Mazda,Protege,Orange,2002,516052.17,59535-1041,Fax Terrill,Male,Staff Scientist,626-622-9124,fterrillqz@time.com,Pasadena,United States,US,California,75278 Texas Street,24-12-2018,68180-517,19-05-2019,First Class,Truck,91131,948690.72,2,0.32,maestro,6.76E+15,Very Bad,WH-CHN-01,30,17,1,46,6,13,10,4.7,2,516052.17,23222347.65,Overstock
YOT-110,850 Cordelia Plaza,Yotz,808-58-8679,93,Pontiac,Bonneville,Puce,1999,723754.77,61598-200,Bobbi Collingdon,Female,Legal Assistant,210-748-9946,bcollingdon35@creativecommons.org,San Antonio,United States,US,Texas,65379 Marquette Avenue,15-11-2018,16590-954,26-05-2019,Standard Class,Truck,78220,935004.75,2,0.74,switch,6.33E+18,Very Good,WH-MUM-01,36,17,1,52,7,14,10,4.4,2,723754.77,36911493.27,Overstock
DIV-109,1595 Homewood Road,Divavu,695-01-2565,59,Chevrolet,Camaro,Goldenrod,1969,527560.44,60971-1176,Pammie Drover,Female,Mechanical Systems Engineer,469-818-7917,pdroverft@psu.edu,Irving,United States,US,Texas,0 Glendale Road,04-12-2018,51389-119,22-01-2019,Second Class,Truck,75062,811729,2,0.59,jcb,3.54E+15,Bad,WH-CHN-01,20,20,1,39,10,14,3,4,4,527560.44,20047296.72,Overstock
VIN-74,132 Tennessee Parkway,Vinte,559-86-3976,69,Honda,Accord,Blue,2011,745757.69,59078-039,Judy Hunt,Female,VP Marketing,504-318-5022,jhunt37@tinypic.com,New Orleans,United States,US,Louisiana,364 Algoma Lane,25-06-2018,0049-4940,25-03-2019,Same Day,Truck,70160,951211.32,1,0.72,diners-club-carte-blanche,3.00E+13,Okay,WH-DEL-01,38,16,1,53,6,11,2,4.6,3,745757.69,39525157.57,Overstock
BRA-196,25 Debs Plaza,Brainsphere,885-75-0938,57,Buick,Rainier,Green,2007,564899.94,68026-544,Gustave Velte,Male,Project Manager,205-113-2865,gvelte38@zimbio.com,Birmingham,United States,US,Alabama,41054 Elka Pass,21-01-2019,0781-6135,04-06-2019,Standard Class,Truck,35295,800301.44,1,0.53,jcb,3.57E+15,Okay,WH-BLR-01,27,20,1,46,7,15,5,4.2,3,564899.94,25985397.24,Overstock
VIP-158,2 Clemons Center,Vipe,723-83-8372,69,Honda,Pilot,Mauv,2010,663125.07,21695-835,Nellie Lockier,Female,Senior Editor,775-563-8351,nlockier39@tamu.edu,Reno,United States,US,Nevada,26 Lillian Court,24-12-2018,41250-318,06-03-2019,Standard Class,Air,89510,743330.27,1,0.29,switch,6.33E+18,Okay,WH-KOL-01,25,20,1,44,7,11,6,4.8,4,663125.07,29177503.08,Overstock
INN-41,652 Sutherland Parkway,Innotype,639-47-5189,84,Mercedes-Benz,400SEL,Teal,1993,519500.85,68084-713,Stanford Rusted,Male,Editor,304-680-1408,srusted3a@wikipedia.org,Morgantown,United States,US,West Virginia,72451 2nd Plaza,01-06-2019,52125-266,07-03-2019,Standard Class,Air,26505,914405.05,1,0.57,visa,4.04E+15,Very Good,WH-DEL-01,29,18,1,46,7,14,5,4.6,2,519500.85,23897039.1,Overstock
GAB-28,7 Redwing Circle,Gabspot,431-91-7448,100,Subaru,Impreza,Blue,2003,712744.35,49349-191,Richardo Beaver,Male,Programmer II,210-648-7948,rbeaver3b@yelp.com,San Antonio,United States,US,Texas,661 Trailsway Crossing,29-11-2018,0093-5514,21-01-2019,Same Day,Truck,78291,945325.6,1,0.68,americanexpress,3.38E+14,Good,WH-KOL-01,24,20,1,43,7,11,10,4.7,5,712744.35,30648007.05,Overstock
ROO-298,899 Cordelia Lane,Rooxo,184-89-9088,63,Dodge,Stratus,Indigo,1997,786558.98,0067-6045,Onofredo Breede,Male,Programmer Analyst I,510-830-2761,obreede3c@people.com.cn,Berkeley,United States,US,California,36 Melrose Parkway,12-05-2019,11822-0442,12-05-2019,Same Day,Air,94705,821296.41,2,0.66,mastercard,5.23E+15,Good,WH-DEL-01,29,19,1,47,7,12,9,4.2,4,786558.98,36181713.08,Overstock
TWI-154,1008 Monica Pass,Twitterworks,499-15-3729,66,Ford,F350,Khaki,2009,505526.69,10096-0158,Vanni Usher,Female,Product Engineer,301-132-7936,vusher3d@paypal.com,Bethesda,United States,US,Maryland,571 Burning Wood Avenue,20-07-2018,76420-611,29-04-2019,Second Class,Air,20892,855201.29,2,0.67,americanexpress,3.75E+14,Very Bad,WH-DEL-01,39,15,1,53,7,12,7,5,5,505526.69,26287387.88,Overstock
EDG-356,4988 Bultman Pass,Edgewire,669-10-9388,57,Buick,Riviera,Turquoise,1989,764479.19,0574-0427,Arlette Cattanach,Female,Editor,425-958-6133,acattanach3e@army.mil,Seattle,United States,US,Washington,10 Fair Oaks Crossing,29-07-2018,0363-0438,23-01-2019,Same Day,Air,98104,872185.79,1,0.81,switch,6.76E+15,Bad,WH-DEL-01,29,15,1,43,9,13,2,4.6,4,764479.19,32872605.17,Overstock
FEE-95,6 Badeau Street,Feedmix,125-29-5865,73,Jaguar,XJ Series,Indigo,2003,622723.51,55154-1385,Reece Pummell,Male,Design Engineer,864-849-1464,rpummelllf@hhs.gov,Greenville,United States,US,South Carolina,056 High Crossing Lane,01-01-2019,10237-833,10-04-2019,First Class,Air,29615,921861.76,1,0.31,jcb,3.53E+15,Bad,WH-CHN-01,24,17,1,40,10,15,9,3.8,4,622723.51,24908940.4,Overstock
FEE-95,9760 Fallview Point,Feedmix,631-99-9505,93,Pontiac,Grand Prix,Indigo,1994,550152.88,55150-125,Elysha Marquez,Female,Assistant Manager,414-982-2282,emarqueznf@google.de,Milwaukee,United States,US,Wisconsin,53148 Northview Way,03-02-2019,51672-4050,09-04-2019,First Class,Truck,53215,980213.23,2,0.73,diners-club-carte-blanche,3.02E+13,Bad,WH-BLR-01,27,20,1,46,10,12,3,4.9,3,550152.88,24756879.6,Overstock
YOM-157,7579 Prentice Circle,Yombu,271-23-9597,69,Honda,Accord,Green,2003,712232.05,49715-019,Babbette Champken,Female,Internal Auditor,205-412-9488,bchampken3h@comsenz.com,Birmingham,United States,US,Alabama,0078 Lyons Center,06-07-2018,42808-201,04-01-2019,Second Class,Air,35242,761383.2,2,0.8,jcb,3.57E+15,Bad,WH-BLR-01,30,16,1,45,10,15,9,4,5,712232.05,31338210.2,Overstock
MYC-157,9785 Service Drive,Mycat,839-41-5843,68,GMC,Canyon,Orange,2008,799454.24,60505-3780,Ade Mityashev,Male,Senior Developer,513-192-0087,amityashev3i@xrea.com,Cincinnati,United States,US,Ohio,655 Elgar Pass,10-10-2018,59746-216,08-01-2019,Same Day,Air,45203,781571.38,1,0.3,mastercard,5.10E+15,Good,WH-CHN-01,39,17,1,55,6,11,10,4.9,3,799454.24,43969983.2,Overstock
WOR-210,6722 Texas Parkway,Wordify,535-09-1446,59,Chevrolet,Suburban 1500,Purple,1997,677203.05,49288-0302,Ody Karolczyk,Male,Office Assistant II,608-727-7360,okarolczyk3j@goo.gl,Madison,United States,US,Wisconsin,23 Kenwood Junction,12-06-2019,68428-112,13-05-2019,First Class,Truck,53710,765985.31,2,0.89,jcb,3.54E+15,Okay,WH-BLR-01,24,16,1,39,7,15,3,4.4,2,677203.05,25733715.9,Overstock
WOR-1,9 Kings Park,Wordtune,196-68-8662,104,Volvo,C30,Khaki,2012,698042.77,75884-100,Huntlee Cunnah,Male,Analog Circuit Design manager,208-912-6887,hcunnahqb@arstechnica.com,Idaho Falls,United States,US,Idaho,3 Atwood Parkway,29-10-2018,51079-425,14-05-2019,Standard Class,Truck,83405,851696.17,2,0.9,jcb,3.59E+15,Good,WH-KOL-01,22,15,1,36,6,12,4,4.5,3,698042.77,24431496.95,Overstock
LIV-47,80 Gerald Alley,Livetube,527-99-2547,102,Toyota,Prius,Purple,2003,673084.72,50036-571,Harrietta Fealey,Female,Help Desk Technician,804-947-0692,hfealey3l@phpbb.com,Richmond,United States,US,Virginia,90 Monument Parkway,29-12-2018,0096-0738,12-04-2019,Second Class,Truck,23213,957562.51,2,0.49,jcb,3.55E+15,Good,WH-DEL-01,26,15,1,40,10,11,2,4,4,673084.72,26250304.08,Overstock
LAY-215,255 Hoepker Center,Layo,189-30-8872,88,Mitsubishi,Endeavor,Aquamarine,2006,753865.45,11564-003,Kendra Pearmine,Female,Recruiter,202-956-9934,kpearmine4i@uol.com.br,Washington,United States,US,District of Columbia,9 Bayside Alley,21-08-2018,0187-2615,16-04-2019,Same Day,Truck,20599,777555.76,1,0.71,bankcard,5.60E+15,Very Good,WH-DEL-01,35,16,1,50,7,15,3,3.6,2,753865.45,37693272.5,Overstock
JAZ-8,1 Pond Lane,Jazzy,641-37-3900,103,Volkswagen,GTI,Crimson,1991,706191.64,0067-4870,Ariadne Crowth,Female,Database Administrator II,203-112-7711,acrowth5k@angelfire.com,Stamford,United States,US,Connecticut,40532 Moland Circle,10-01-2019,24236-608,05-02-2019,First Class,Air,6922,993717.13,2,0.38,jcb,3.56E+15,Good,WH-MUM-01,33,18,1,50,6,12,2,4.8,5,706191.64,34603390.36,Overstock
DIG-193,09695 Waywood Crossing,Digitube,282-02-0435,83,Mazda,MX-6,Turquoise,1996,520410.55,36800-004,Steven Enders,Male,Assistant Media Planner,813-898-1241,senders3o@shinystat.com,Tampa,United States,US,Florida,7513 Lighthouse Bay Center,20-02-2019,65003-018,29-05-2019,Standard Class,Truck,33673,891475.99,1,0.58,diners-club-enroute,2.02E+14,Very Bad,WH-CHN-01,22,20,1,41,8,14,6,3.7,2,520410.55,21336832.55,Overstock
ROO-298,6414 Moulton Point,Rooxo,465-30-3895,68,GMC,Yukon XL 1500,Crimson,2010,698915.25,51141-5000,Sabine Maude,Female,Tax Accountant,281-924-4288,smaude3p@drupal.org,Houston,United States,US,Texas,2 Vidon Parkway,19-08-2018,42254-168,10-03-2019,First Class,Air,77035,759267.76,1,0.5,mastercard,5.10E+15,Very Good,WH-BLR-01,23,17,1,39,6,11,8,4.2,2,698915.25,27257694.75,Overstock
DYN-134,2 Commercial Avenue,Dynazzy,652-89-6783,75,Kia,Sorento,Purple,2011,734569.89,65342-0001,Bill Richten,Female,Compensation Analyst,559-377-5433,brichten3q@hatena.ne.jp,Fresno,United States,US,California,3523 Clyde Gallagher Junction,10-07-2018,30142-910,11-04-2019,First Class,Air,93709,767218.08,1,0.66,maestro,6.30E+18,Very Bad,WH-BLR-01,22,19,1,40,9,15,5,4.4,4,734569.89,29382795.6,Overstock
ROO-144,1572 Mitchell Place,Roombo,652-19-2433,79,Lincoln,LS,Puce,2003,727445.38,60319-2001,Boone Rubie,Male,Legal Assistant,281-864-1863,brubiejk@clickbank.net,Houston,United States,US,Texas,4841 Pond Pass,31-05-2019,13537-171,01-05-2019,Second Class,Truck,77095,724227.01,2,0.29,china-unionpay,5.60E+16,Okay,WH-KOL-01,25,17,1,41,7,11,2,3.8,2,727445.38,29097815.2,Overstock
KAN-79,02 Old Shore Park,Kanoodle,556-07-8839,84,Mercedes-Benz,S-Class,Puce,1998,767605.11,68151-0329,Georgiana Basilone,Female,Cost Accountant,813-683-0121,gbasilone3s@gmpg.org,Tampa,United States,US,Florida,5183 Russell Park,09-06-2019,64536-1269,23-05-2019,First Class,Truck,33633,821251.58,2,0.5,jcb,3.54E+15,Very Bad,WH-BLR-01,37,16,1,52,10,11,5,3.8,2,767605.11,39147860.61,Overstock
LIN-356,5 Mesta Center,Linktype,368-88-5947,73,Jaguar,XK,Pink,2007,633327.69,61786-020,Irving Winear,Male,Speech Pathologist,202-874-9997,iwinear3t@auda.org.au,Washington,United States,US,District of Columbia,858 Algoma Terrace,14-07-2018,55714-4418,05-04-2019,Same Day,Truck,20392,974671.7,2,0.25,americanexpress,3.75E+14,Good,WH-CHN-01,28,16,1,43,8,12,3,4,3,633327.69,26599762.98,Overstock
LAT-337,84598 Cherokee Pass,Latz,420-62-9576,56,BMW,X3,Pink,2006,593715.78,24488-027,Trey Jirick,Male,Senior Cost Accountant,610-369-0593,tjirick3u@e-recht24.de,Allentown,United States,US,Pennsylvania,576 Cambridge Center,17-05-2019,43742-0197,27-02-2019,Second Class,Truck,18105,990521.11,1,0.66,jcb,3.56E+15,Very Good,WH-BLR-01,24,17,1,40,7,10,3,4,3,593715.78,23748631.2,Overstock
AIN-229,5 Onsgard Way,Ainyx,562-63-7880,88,Mitsubishi,Diamante,Turquoise,2000,797965.14,47682-903,Lane Boreham,Male,Web Designer II,210-204-7413,lboreham3v@histats.com,San Antonio,United States,US,Texas,224 Express Place,19-10-2018,58466-033,16-05-2019,Second Class,Air,78250,767372.51,2,0.41,jcb,3.57E+15,Okay,WH-DEL-01,39,16,1,54,8,15,7,4.3,4,797965.14,42292152.42,Overstock
AVA-324,4306 Sunbrook Parkway,Avavee,125-38-2989,102,Toyota,Venza,Indigo,2012,723482.26,0113-0277,Heywood Matuszkiewicz,Male,Information Systems Manager,404-766-3677,hmatuszkiewicz3w@cargocollective.com,Atlanta,United States,US,Georgia,62725 Dovetail Place,03-04-2019,49288-0368,10-01-2019,Standard Class,Truck,30375,935442.83,2,0.39,visa,4.51E+15,Very Good,WH-BLR-01,34,15,1,48,7,15,7,4.2,5,723482.26,34003666.22,Overstock
KAZ-13,711 Messerschmidt Junction,Kazu,267-59-2200,71,Infiniti,EX,Crimson,2009,607293.44,68220-160,Renato Bahike,Male,Accounting Assistant II,202-177-3286,rbahike3x@parallels.com,Washington,United States,US,District of Columbia,6 Declaration Street,29-11-2018,65044-2215,04-05-2019,Second Class,Air,20220,736586.79,2,0.6,jcb,3.54E+15,Very Good,WH-BLR-01,26,15,1,40,9,11,10,3.6,3,607293.44,23684444.16,Overstock
COG-310,68724 Moose Lane,Cogidoo,834-02-0219,70,Hyundai,Genesis,Turquoise,2010,726772.89,55111-697,Guilbert Twitchett,Male,Programmer I,862-324-3537,gtwitchett3y@skype.com,Newark,United States,US,New Jersey,625 Sutherland Trail,19-01-2019,68703-100,05-01-2019,Same Day,Truck,7195,997480.97,2,0.27,jcb,3.53E+15,Very Bad,WH-KOL-01,23,20,1,42,9,11,7,4.4,2,726772.89,29797688.49,Overstock
VOO-57,5 Sutherland Parkway,Voomm,595-39-1214,69,Honda,Accord,Teal,1985,521198.62,62296-0036,Bert Giacomoni,Female,Nurse Practicioner,303-624-6971,bgiacomonimz@about.me,Denver,United States,US,Colorado,74 Memorial Avenue,02-12-2018,0781-2639,13-02-2019,Second Class,Truck,80270,716417.91,1,0.39,americanexpress,3.38E+14,Very Bad,WH-MUM-01,28,17,1,44,8,15,7,4.1,2,521198.62,22932739.28,Overstock
TWI-124,0853 Coolidge Point,Twitternation,233-64-3603,83,Mazda,B2500,Mauv,2001,605937.43,0093-7304,Coleman Tallach,Male,Biostatistician II,217-194-7564,ctallachlz@desdev.cn,Springfield,United States,US,Illinois,7044 Sommers Drive,02-04-2019,55154-6637,27-01-2019,First Class,Truck,62723,877869.33,1,0.49,jcb,3.59E+15,Okay,WH-KOL-01,36,19,1,54,8,15,6,4.9,5,605937.43,32720621.22,Overstock
DIV-109,23 Buhler Street,Divavu,311-70-1584,102,Toyota,Avalon,Crimson,2005,750136.44,36987-2864,Nolly Kayser,Male,Safety Technician I,512-542-4541,nkayser7q@privacy.gov.au,Austin,United States,US,Texas,52 Pawling Crossing,03-07-2018,41250-854,17-02-2019,Standard Class,Air,78721,965227.41,1,0.65,diners-club-enroute,2.02E+14,Okay,WH-MUM-01,32,20,1,51,8,14,7,3.5,4,750136.44,38256958.44,Overstock
SHU-349,252 Stephen Terrace,Shuffledrive,572-63-8744,85,Mercury,Sable,Green,1999,621305.74,42043-171,Tove Arrundale,Female,Engineer III,718-588-3004,tarrundale42@dagondesign.com,Bronx,United States,US,New York,22 Corben Trail,31-01-2019,63304-590,01-01-2019,Same Day,Truck,10454,762009.69,2,0.33,jcb,3.57E+15,Good,WH-MUM-01,21,16,1,36,10,11,4,4.5,4,621305.74,21745700.9,Overstock
TRU-42,9031 Westport Road,Trunyx,465-55-6310,76,Lamborghini,Gallardo,Puce,2010,642557.99,59779-115,Haskell Gilfether,Male,Database Administrator IV,503-616-4766,hgilfether43@oakley.com,Portland,United States,US,Oregon,37 Schlimgen Drive,18-10-2018,13630-0035,27-02-2019,Second Class,Truck,97286,892976.72,1,0.6,switch,6.33E+17,Very Bad,WH-CHN-01,22,16,1,37,8,13,7,4.2,5,642557.99,23774645.63,Overstock
DAZ-81,083 Lotheville Street,Dazzlesphere,850-34-3773,76,Lamborghini,Murciélago,Crimson,2008,587427.52,68151-4021,Ora Banghe,Female,Associate Professor,813-581-8697,obanghe44@ed.gov,Tampa,United States,US,Florida,0 Starling Terrace,13-09-2018,0268-0282,20-05-2019,Standard Class,Air,33605,977796.57,2,0.4,visa-electron,4.84E+15,Very Good,WH-DEL-01,39,15,1,53,10,13,7,4.1,4,587427.52,30546231.04,Overstock
YOU-192,0464 Pond Trail,Youbridge,410-14-6619,102,Toyota,Tacoma Xtra,Khaki,1996,600983.11,67046-017,Cirstoforo Pitsall,Male,Senior Editor,813-567-0594,cpitsall45@usa.gov,Tampa,United States,US,Florida,203 Corben Hill,17-10-2018,52667-001,08-02-2019,Second Class,Air,33673,926029.04,2,0.87,bankcard,5.60E+15,Very Good,WH-DEL-01,37,20,1,56,9,11,2,4.7,5,600983.11,33054071.05,Overstock
AIB-280,995 Kim Place,Aibox,679-67-8363,88,Mitsubishi,GTO,Purple,1999,605573.45,69152-0006,Ermina Brambill,Female,Operator,816-808-9158,ebrambill46@whitehouse.gov,Independence,United States,US,Missouri,540 Veith Parkway,29-05-2019,68770-120,03-06-2019,Second Class,Air,64054,743622.93,2,0.74,jcb,3.57E+15,Very Bad,WH-KOL-01,29,20,1,48,10,14,10,4.4,2,605573.45,28461952.15,Overstock
TAG-247,5 Mayfield Street,Tagtune,131-48-8804,90,Nissan,Maxima,Violet,1997,724973.08,49348-274,Roberto Voase,Male,Structural Engineer,626-727-2694,rvoase47@harvard.edu,Los Angeles,United States,US,California,38271 6th Pass,14-12-2018,21695-388,13-06-2019,Same Day,Truck,90020,744128.64,1,0.89,mastercard,5.01E+15,Okay,WH-KOL-01,23,20,1,42,8,15,2,4.8,5,724973.08,30448869.36,Overstock
OOZ-155,38186 Bunting Junction,Oozz,186-07-8144,63,Dodge,Viper,Puce,2004,568613.03,53620-101,Zea O'Dooghaine,Female,Research Associate,925-895-4232,zodooghaine48@vkontakte.ru,Concord,United States,US,California,79427 Victoria Plaza,03-07-2018,43742-0012,12-04-2019,Second Class,Air,94522,875011.94,2,0.33,americanexpress,3.76E+14,Bad,WH-CHN-01,23,15,1,37,8,14,3,3.7,4,568613.03,20470069.08,Overstock
EDG-136,1584 Cascade Alley,Edgetag,537-46-5679,59,Chevrolet,Corvette,Indigo,1953,532923.48,0002-7597,Foss Ratcliffe,Male,Chief Design Engineer,360-923-0728,fratcliffed3@blog.com,Olympia,United States,US,Washington,4941 Tomscot Drive,03-02-2019,68428-158,06-05-2019,First Class,Air,98506,890076.42,1,0.32,visa,4.02E+12,Very Bad,WH-DEL-01,29,16,1,44,7,10,10,3.6,4,532923.48,23448633.12,Overstock
CEN-278,0 Orin Place,Centizu,337-51-9337,103,Volkswagen,Jetta,Orange,1997,504405.29,0065-0454,Leela Gregolin,Female,Legal Assistant,612-969-9476,lgregolin4a@friendfeed.com,Minneapolis,United States,US,Minnesota,614 Mayer Center,12-05-2019,76049-002,15-03-2019,First Class,Truck,55470,986893.25,1,0.61,jcb,3.54E+15,Very Bad,WH-KOL-01,28,17,1,44,8,13,9,4.7,4,504405.29,22193832.76,Overstock
YOZ-17,48 Mockingbird Trail,Yozio,446-25-6296,73,Jaguar,XK Series,Maroon,2005,633145.47,66758-004,Wilmar Rennebach,Male,Clinical Specialist,571-864-7389,wrennebach4b@fastcompany.com,Alexandria,United States,US,Virginia,57101 Clove Hill,30-11-2018,62011-0200,14-02-2019,Same Day,Air,22313,881577.52,2,0.87,jcb,3.53E+15,Bad,WH-CHN-01,39,19,1,57,10,15,5,4.6,3,633145.47,35456146.32,Overstock
SKI-156,928 Hayes Park,Skinix,111-84-2828,102,Toyota,Matrix,Turquoise,2011,612526.42,65044-6693,Rafaelia Grzeskowski,Female,Research Associate,724-985-3190,rgrzeskowski4c@europa.eu,Pittsburgh,United States,US,Pennsylvania,05821 Bunker Hill Trail,22-12-2018,59062-1381,10-03-2019,Second Class,Air,15235,832307.58,2,0.45,visa-electron,4.91E+15,Good,WH-CHN-01,20,18,1,37,8,14,2,5,3,612526.42,22050951.12,Overstock
FEE-197,7817 Lakewood Lane,Feednation,710-21-1159,52,Aston Martin,Vantage,Crimson,2008,720268.84,11523-1314,Inesita Lots,Female,Tax Accountant,904-365-2848,ilotspp@amazon.com,Jacksonville,United States,US,Florida,9121 Mcguire Way,09-07-2018,51138-067,15-04-2019,Same Day,Truck,32209,849411.71,1,0.37,jcb,3.54E+15,Good,WH-KOL-01,32,17,1,48,10,13,9,3.8,3,720268.84,34572904.32,Overstock
AIN-229,48 Michigan Crossing,Ainyx,222-96-0060,83,Mazda,MX-3,Purple,1994,614853.62,66497-0001,Maxim Aizlewood,Male,Biostatistician I,323-142-1369,maizlewood4e@posterous.com,Long Beach,United States,US,California,49 Maryland Center,07-05-2019,11716-0003,11-03-2019,Second Class,Air,90810,932723.37,1,0.69,jcb,3.57E+15,Good,WH-KOL-01,34,19,1,52,7,10,6,4.6,5,614853.62,31972388.24,Overstock
VIV-16,82406 Nevada Center,Viva,422-89-1758,75,Kia,Borrego,Green,2009,700402.15,49348-616,Yasmeen Ridulfo,Female,Automation Specialist II,530-803-4379,yridulfo4f@dailymail.co.uk,South Lake Tahoe,United States,US,California,134 Stang Trail,08-03-2019,11410-162,12-06-2019,Same Day,Truck,96154,795220.22,2,0.3,diners-club-carte-blanche,3.01E+13,Very Bad,WH-MUM-01,22,16,1,37,6,11,10,3.6,4,700402.15,25214477.4,Overstock
SKI-86,36 Manitowish Pass,Skipfire,868-61-9439,59,Chevrolet,HHR,Turquoise,2007,754328.07,63565-0001,Modesta Canedo,Female,Software Consultant,804-831-0385,mcanedo4g@networksolutions.com,Richmond,United States,US,Virginia,4 Nevada Plaza,29-09-2018,68546-325,27-04-2019,Same Day,Truck,23242,969791.15,1,0.45,jcb,3.54E+15,Okay,WH-BLR-01,31,19,1,49,10,10,9,4.1,3,754328.07,36962075.43,Overstock
KAY-102,89 Brentwood Terrace,Kayveo,849-83-6706,68,GMC,Yukon XL 2500,Crimson,2003,589447.2,59262-259,Josey Pargetter,Female,Statistician III,602-375-6375,jpargetter4h@ted.com,Phoenix,United States,US,Arizona,61 Trailsway Park,26-12-2018,11822-0413,19-05-2019,Standard Class,Truck,85053,754756.67,1,0.88,jcb,3.59E+15,Good,WH-KOL-01,39,20,1,58,10,15,8,4.5,4,589447.2,34187937.6,Overstock
DAB-127,6692 Village Lane,Dabfeed,422-06-7486,56,BMW,M Roadster,Yellow,2008,622688,65862-536,Keen Galego,Male,Mechanical Systems Engineer,915-129-2280,kgalego62@lulu.com,El Paso,United States,US,Texas,993 Mandrake Street,24-04-2019,43063-209,16-02-2019,First Class,Truck,88530,830384.88,1,0.66,diners-club-carte-blanche,3.05E+13,Very Bad,WH-MUM-01,40,20,1,59,10,12,7,3.9,3,622688,36738592,Overstock
DEV-28,22081 Messerschmidt Way,Devshare,791-26-1894,59,Chevrolet,Aveo,Yellow,2006,658182.03,66336-099,Kimbell Trawin,Male,Dental Hygienist,214-170-7433,ktrawin4j@independent.co.uk,Dallas,United States,US,Texas,40716 Goodland Drive,20-09-2018,64117-136,20-05-2019,Standard Class,Truck,75226,725711.13,2,0.39,jcb,3.55E+15,Good,WH-DEL-01,27,17,1,43,9,11,10,4.5,5,658182.03,27643645.26,Overstock
WIK-132,21 Sullivan Lane,Wikibox,304-68-5356,56,BMW,525,Blue,2002,636186.89,63629-3279,Millard Rathmell,Male,Programmer III,206-825-7596,mrathmell4k@zdnet.com,Seattle,United States,US,Washington,5035 Algoma Circle,26-04-2019,50436-9803,25-01-2019,Same Day,Truck,98185,722891.11,2,0.53,americanexpress,3.75E+14,Bad,WH-DEL-01,27,15,1,41,6,15,6,4,4,636186.89,25447475.6,Overstock
SKI-151,972 Kings Point,Skidoo,370-33-4057,83,Mazda,Familia,Khaki,1990,513142.93,0378-0345,Hermine Woolham,Female,Geologist III,812-119-5202,hwoolhammr@cisco.com,Terre Haute,United States,US,Indiana,19892 Maryland Court,10-09-2018,52125-576,06-06-2019,First Class,Air,47805,795924.05,1,0.67,maestro,5.02E+15,Okay,WH-DEL-01,36,17,1,52,10,15,4,4.9,5,513142.93,26683432.36,Overstock
REA-293,18889 Glacier Hill Hill,Realmix,159-95-4995,102,Toyota,4Runner,Mauv,2000,542786.28,35356-251,Editha Harpham,Female,GIS Technical Architect,253-306-7420,eharpham4m@wikimedia.org,Tacoma,United States,US,Washington,64087 Florence Center,08-02-2019,49580-0390,05-01-2019,Second Class,Air,98442,758476.1,1,0.78,visa-electron,4.92E+15,Very Good,WH-KOL-01,21,18,1,38,8,11,5,4.8,4,542786.28,20625878.64,Overstock
KAZ-13,4554 Sachs Point,Kazu,780-47-0245,93,Pontiac,Montana,Purple,2006,710720.19,76433-002,Eran Meece,Female,Help Desk Operator,203-979-0342,emeece4n@stumbleupon.com,Waterbury,United States,US,Connecticut,4 Ruskin Alley,09-03-2019,75987-021,13-05-2019,Second Class,Air,6721,940192.17,1,0.6,instapayment,6.38E+15,Okay,WH-CHN-01,35,18,1,52,6,14,6,3.8,4,710720.19,36957449.88,Overstock
SKI-156,527 Eastlawn Road,Skinix,463-73-5608,90,Nissan,Frontier,Orange,2007,644916.53,10348-010,Saloma Dilley,Female,Project Manager,212-512-5743,sdilley4o@samsung.com,New York City,United States,US,New York,42 Canary Way,26-11-2018,43742-0206,08-01-2019,Second Class,Air,10110,787798.65,2,0.83,diners-club-enroute,2.01E+14,Okay,WH-DEL-01,22,17,1,38,7,15,4,4.3,4,644916.53,23861911.61,Overstock
ABA-327,026 Manley Lane,Abata,517-15-7183,68,GMC,2500 Club Coupe,Puce,1993,715190.72,0699-7051,Francois Tankard,Male,Office Assistant II,312-298-1026,ftankard4p@reddit.com,Chicago,United States,US,Illinois,382 Ludington Court,09-03-2019,53808-0369,25-05-2019,Standard Class,Truck,60614,929803.73,1,0.48,jcb,3.57E+15,Okay,WH-KOL-01,34,15,1,48,10,14,10,4.1,2,715190.72,34329154.56,Overstock
FEE-83,6616 Warbler Hill,Feedbug,521-61-3108,72,Isuzu,Hombre Space,Maroon,2000,688506.62,68788-9141,Aile Rodell,Female,Assistant Professor,208-592-2751,arodell4q@flickr.com,Boise,United States,US,Idaho,1423 Gulseth Trail,20-04-2019,54868-4101,27-03-2019,Standard Class,Truck,83711,896394.92,2,0.71,diners-club-enroute,2.02E+14,Okay,WH-BLR-01,38,20,1,57,7,13,7,4.8,2,688506.62,38556370.72,Overstock
JET-234,2 Stuart Parkway,Jetwire,762-85-5444,57,Buick,Century,Crimson,1991,682260.42,0268-0654,Datha Christon,Female,VP Accounting,806-319-0596,dchriston4r@google.ru,Amarillo,United States,US,Texas,43 Meadow Ridge Park,03-04-2019,76340-9001,07-04-2019,Same Day,Truck,79171,803441.55,2,0.5,jcb,3.58E+15,Okay,WH-MUM-01,39,15,1,53,10,14,6,4.5,5,682260.42,35477541.84,Overstock
DIV-215,1456 Butternut Terrace,Divanoodle,511-35-4021,66,Ford,Taurus,Indigo,2010,717536.91,42549-497,Ryann Torel,Female,Paralegal,312-619-6759,rtorel4s@cyberchimps.com,Chicago,United States,US,Illinois,9 Colorado Street,23-05-2019,63323-125,13-02-2019,Same Day,Air,60686,827766,2,0.54,jcb,3.55E+15,Bad,WH-BLR-01,27,19,1,45,6,10,5,3.7,5,717536.91,31571624.04,Overstock
SKI-156,7702 Bluestem Alley,Skinix,204-02-7998,66,Ford,Flex,Indigo,2010,563453.56,55315-455,Eddi Merryweather,Female,Occupational Therapist,212-389-0212,emerryweather36@fotki.com,New York City,United States,US,New York,70762 Westerfield Lane,17-01-2019,55301-619,17-02-2019,Same Day,Truck,10203,774003.01,2,0.57,diners-club-carte-blanche,3.02E+13,Good,WH-CHN-01,32,16,1,47,9,11,6,3.7,3,563453.56,25918863.76,Overstock
BAB-77,87 Morrow Trail,Babblestorm,470-73-7676,102,Toyota,Tacoma,Goldenrod,2001,780956.91,43269-780,Armstrong Cripin,Male,Chemical Engineer,574-485-6534,acripin4u@loc.gov,South Bend,United States,US,Indiana,08365 Pepper Wood Center,17-04-2019,49999-885,11-03-2019,Standard Class,Air,46620,848006.6,2,0.34,jcb,3.54E+15,Very Bad,WH-CHN-01,21,20,1,40,8,12,5,4.6,3,780956.91,30457319.49,Overstock
RIF-269,2 Lerdahl Junction,Riffwire,446-64-7077,69,Honda,Accord,Turquoise,1988,763573.51,52125-271,Gratiana Dunkley,Female,Structural Analysis Engineer,310-744-6141,gdunkley3f@chron.com,Torrance,United States,US,California,1 Lerdahl Parkway,18-11-2018,50436-4842,13-02-2019,First Class,Air,90505,861041.91,1,0.75,visa-electron,4.18E+15,Bad,WH-CHN-01,37,17,1,53,8,11,2,4.3,5,763573.51,40469396.03,Overstock
QUA-162,57 Monument Center,Quatz,195-12-4744,72,Isuzu,Amigo,Indigo,1993,625746.04,68151-1471,Ross Leither,Male,Automation Specialist IV,314-644-4750,rleither4w@privacy.gov.au,Saint Louis,United States,US,Missouri,4 Chive Lane,02-04-2019,0019-0862,21-03-2019,Standard Class,Air,63150,946127.7,2,0.74,laser,6.30E+16,Okay,WH-MUM-01,25,15,1,39,9,11,8,4.2,4,625746.04,23778349.52,Overstock
QUA-195,02 Crest Line Street,Quamba,819-31-2989,81,Maserati,Gran Sport,Violet,2005,731358.51,53305-074,Addy Kale,Male,Media Manager II,860-333-1948,akale4t@multiply.com,Hartford,United States,US,Connecticut,85163 Menomonie Park,17-04-2019,10122-321,28-05-2019,Same Day,Truck,6160,916848.99,1,0.88,diners-club-enroute,2.02E+14,Very Good,WH-BLR-01,22,15,1,36,7,10,6,3.8,3,731358.51,26328906.36,Overstock
TWI-154,903 Prairie Rose Parkway,Twitterworks,312-35-7412,101,Suzuki,Grand Vitara,Goldenrod,2002,688373.49,64990-601,Marcia Burdis,Female,Environmental Tech,941-127-1885,mburdisig@unicef.org,Sarasota,United States,US,Florida,93 Manufacturers Junction,27-02-2019,55910-042,17-02-2019,Same Day,Air,34276,869234.14,2,0.8,diners-club-enroute,2.01E+14,Bad,WH-BLR-01,35,15,1,49,8,10,5,3.9,2,688373.49,33041927.52,Overstock
JAM-275,0 Village Park,Jamia,500-01-9399,66,Ford,EXP,Crimson,1987,634313.95,48951-8189,Leigh Tomeo,Female,Teacher,202-340-5556,ltomeo4z@pen.io,Washington,United States,US,District of Columbia,6 Lunder Point,08-10-2018,0395-2655,25-02-2019,Second Class,Truck,20425,719142.81,2,0.74,visa-electron,4.91E+15,Very Good,WH-KOL-01,28,17,1,44,9,14,3,4.8,5,634313.95,27275499.85,Overstock
TAL-186,7 Arrowood Circle,Talane,271-37-6285,84,Mercedes-Benz,300SL,Pink,1992,783367.8,35356-882,Burk Philpin,Male,Human Resources Manager,612-954-3382,bphilpin50@blogtalkradio.com,Minneapolis,United States,US,Minnesota,268 Trailsway Junction,29-10-2018,53144-4001,22-05-2019,First Class,Air,55487,839888.72,2,0.48,jcb,3.54E+15,Very Good,WH-BLR-01,26,16,1,41,6,12,3,4.4,3,783367.8,31334712,Overstock
JAB-259,06778 Hazelcrest Crossing,Jabbercube,496-50-4716,98,Saturn,VUE,Purple,2009,564137.06,41163-478,Dugald Deakin,Male,Senior Cost Accountant,303-904-3257,ddeakin51@list-manage.com,Aurora,United States,US,Colorado,2 Milwaukee Point,28-04-2019,55504-9003,22-02-2019,Standard Class,Truck,80044,962581.19,2,0.63,china-unionpay,5.60E+17,Bad,WH-BLR-01,29,20,1,48,6,12,4,3.7,2,564137.06,26514441.82,Overstock
MYC-157,56 Eagle Crest Street,Mycat,469-63-4330,103,Volkswagen,Scirocco,Aquamarine,1987,721311.59,12634-537,Amii Sydall,Female,VP Accounting,501-384-2881,asydallap@theguardian.com,North Little Rock,United States,US,Arkansas,5 Mosinee Hill,26-08-2018,50436-0165,05-03-2019,First Class,Truck,72118,924086.63,2,0.36,jcb,3.53E+15,Okay,WH-BLR-01,28,20,1,47,8,12,4,4.3,5,721311.59,33180333.14,Overstock
DEV-224,319 Michigan Road,Devpoint,497-11-1518,79,Lincoln,Mark VIII,Blue,1994,625680.96,63187-181,Filippa Fowlie,Female,Cost Accountant,213-927-4402,ffowlie53@ustream.tv,Los Angeles,United States,US,California,40 Messerschmidt Park,17-06-2019,33261-825,05-02-2019,First Class,Truck,90055,941370.48,2,0.87,jcb,3.59E+15,Very Bad,WH-CHN-01,38,20,1,57,7,10,7,3.7,2,625680.96,35038133.76,Overstock
BAB-125,9 Alpine Terrace,Babbleblab,531-84-6299,84,Mercedes-Benz,E-Class,Aquamarine,2005,763055.59,36800-010,Lula MacIllrick,Female,Food Chemist,402-324-3696,lmacillrick54@unc.edu,Lincoln,United States,US,Nebraska,89798 Miller Court,11-08-2018,49999-378,16-04-2019,Second Class,Truck,68583,931107.08,1,0.36,bankcard,5.61E+15,Bad,WH-KOL-01,38,18,1,55,7,10,2,4.3,2,763055.59,41968057.45,Overstock
FLA-283,6 Independence Plaza,Flashpoint,249-35-9061,53,Audi,A5,Goldenrod,2012,796085.49,49349-926,Pieter Gerardet,Male,GIS Technical Architect,304-556-4067,pgerardet55@behance.net,Charleston,United States,US,West Virginia,2 Vera Trail,26-05-2019,52125-019,30-03-2019,Second Class,Air,25362,934334.05,2,0.79,jcb,3.54E+15,Very Good,WH-KOL-01,33,17,1,49,8,14,7,3.6,5,796085.49,38212103.52,Overstock
GAB-28,0399 Anzinger Alley,Gabspot,223-18-3159,85,Mercury,Grand Marquis,Crimson,1990,713675.58,62839-2810,Jarib O'Currane,Male,Clinical Specialist,817-947-7356,jocurrane56@usda.gov,Fort Worth,United States,US,Texas,269 Manitowish Road,02-02-2019,42858-302,14-02-2019,First Class,Truck,76129,935458.08,2,0.56,diners-club-enroute,2.01E+14,Okay,WH-BLR-01,21,19,1,39,7,12,9,4.2,5,713675.58,27119672.04,Overstock
JAB-259,0 Harbort Lane,Jabbercube,172-91-8070,58,Cadillac,Seville,Fuscia,2001,774642.61,55154-5676,Derick Blaasch,Male,Financial Analyst,520-911-4959,dblaasch57@apple.com,Tucson,United States,US,Arizona,386 Hansons Way,18-09-2018,11344-919,21-02-2019,Same Day,Air,85705,946737.19,1,0.34,mastercard,5.00E+15,Good,WH-CHN-01,27,15,1,41,10,13,4,4.2,4,774642.61,31760347.01,Overstock
MEE-144,48587 Mockingbird Avenue,Meejo,506-59-6468,94,Porsche,Boxster,Purple,2002,654317.34,36987-1498,Seamus Harrell,Male,Software Test Engineer II,205-686-6704,sharrellb3@twitter.com,Birmingham,United States,US,Alabama,99 Dawn Place,15-02-2019,65224-539,08-03-2019,Second Class,Truck,35225,844780.81,1,0.72,diners-club-carte-blanche,3.05E+13,Okay,WH-BLR-01,34,15,1,48,7,10,2,4.6,5,654317.34,31407232.32,Overstock
REA-293,9574 Farmco Place,Realmix,841-57-3344,51,Acura,NSX,Yellow,1993,670873.16,68258-8973,Mel O'Sherin,Female,Recruiter,901-953-7355,mosherin94@un.org,Memphis,United States,US,Tennessee,13199 Transport Court,24-07-2018,60432-604,22-04-2019,Second Class,Air,38114,858907.73,2,0.87,visa-electron,4.41E+15,Good,WH-MUM-01,22,18,1,39,7,11,8,4.7,4,670873.16,25493180.08,Overstock
ROO-144,22 Elgar Road,Roombo,758-56-8189,74,Jeep,Liberty,Purple,2002,661128.07,65649-802,Wilfred Barmadier,Male,Information Systems Manager,202-601-5408,wbarmadiercp@vimeo.com,Washington,United States,US,District of Columbia,4 Ridge Oak Street,12-08-2018,24236-350,18-03-2019,Second Class,Air,20226,965633.6,1,0.8,laser,6.77E+17,Bad,WH-KOL-01,25,20,1,44,9,14,3,4.5,3,661128.07,29089635.08,Overstock
VIN-74,7680 Bashford Avenue,Vinte,170-33-0650,102,Toyota,Tacoma Xtra,Maroon,2003,530088.66,16571-150,Shir Bullent,Female,Payment Adjustment Coordinator,623-188-4046,sbullent5b@creativecommons.org,Phoenix,United States,US,Arizona,81967 Old Shore Alley,09-02-2019,49288-0145,25-02-2019,Second Class,Truck,85020,760486.09,1,0.79,jcb,3.59E+15,Very Good,WH-MUM-01,27,19,1,45,7,13,3,4.9,2,530088.66,23853989.7,Overstock
FIV-209,87887 Sachs Trail,Fivespan,516-46-0775,104,Volvo,V50,Puce,2010,633559.05,54340-809,Coleen Chalder,Female,Safety Technician IV,850-196-5273,cchalder5c@wordpress.com,Panama City,United States,US,Florida,2 Maple Wood Parkway,26-07-2018,0179-1435,23-04-2019,Second Class,Truck,32405,766362.46,2,0.49,bankcard,5.60E+15,Good,WH-MUM-01,34,20,1,53,6,14,10,4.5,5,633559.05,32945070.6,Overstock
WOR-123,217 Red Cloud Way,Wordpedia,325-38-0058,81,Maserati,GranTurismo,Orange,2011,752857.85,24385-549,Matty Dabinett,Male,Marketing Manager,619-147-1030,mdabinett5d@discovery.com,Chula Vista,United States,US,California,2765 Carioca Street,28-02-2019,41900-500,20-02-2019,First Class,Air,91913,912761.13,1,0.28,china-unionpay,5.60E+15,Good,WH-BLR-01,28,19,1,46,6,11,8,4,2,752857.85,34631461.1,Overstock
DAB-336,30 Brickson Park Street,Dabjam,649-52-8302,63,Dodge,Durango,Maroon,2009,703519.17,60429-323,Missy Powland,Female,Administrative Assistant II,256-527-2391,mpowlandf9@slate.com,Huntsville,United States,US,Alabama,587 Nelson Trail,30-06-2018,43063-407,27-01-2019,Second Class,Air,35815,911847.09,1,0.72,jcb,3.59E+15,Bad,WH-MUM-01,40,18,1,57,10,11,10,4.7,5,703519.17,40100592.69,Overstock
PIX-247,18680 Artisan Circle,Pixoboo,110-62-0215,63,Dodge,Sprinter,Purple,2006,713189.06,63824-750,Desi Feldbaum,Male,Quality Engineer,615-350-0344,dfeldbaum1w@de.vu,Nashville,United States,US,Tennessee,75 Gulseth Pass,26-05-2019,68151-1020,04-01-2019,Second Class,Truck,37205,717444.55,1,0.36,jcb,3.53E+15,Very Good,WH-BLR-01,22,16,1,37,10,13,3,3.7,3,713189.06,26387995.22,Overstock
OYO-30,53 Namekagon Center,Oyondu,603-79-6170,93,Pontiac,Firebird,Teal,1991,504433.54,43857-0026,Julia Ettery,Female,Payment Adjustment Coordinator,915-835-1984,jettery5g@skyrock.com,El Paso,United States,US,Texas,68401 Oriole Point,29-03-2019,52959-596,31-05-2019,Standard Class,Air,79999,713196.58,1,0.79,jcb,3.55E+15,Very Good,WH-DEL-01,37,16,1,52,7,12,4,3.7,4,504433.54,26230544.08,Overstock
GAB-87,4 Vahlen Terrace,Gabcube,455-91-1610,63,Dodge,Durango,Goldenrod,2006,574692.68,61667-001,Penny Stoter,Male,Food Chemist,810-994-0269,pstoter5h@reuters.com,Flint,United States,US,Michigan,90 Mayer Parkway,27-12-2018,43353-538,03-06-2019,Same Day,Truck,48550,914855.62,2,0.77,americanexpress,3.75E+14,Good,WH-KOL-01,32,17,1,48,6,12,8,4.5,2,574692.68,27010555.96,Overstock
AVA-324,4 Veith Trail,Avavee,759-48-7604,66,Ford,Ranger,Aquamarine,1985,755070.16,11673-977,Dari Boston,Female,Business Systems Development Analyst,810-406-6063,dbostonmo@soup.io,Warren,United States,US,Michigan,48267 Northview Avenue,19-04-2019,62011-0225,14-01-2019,First Class,Truck,48092,825703.77,2,0.75,jcb,3.55E+15,Okay,WH-MUM-01,38,15,1,52,9,14,9,3.7,3,755070.16,38508578.16,Overstock
VOO-145,037 Lyons Lane,Voolia,698-94-3065,77,Land Rover,Freelander,Crimson,2009,608622.72,55316-478,Billie Bullivant,Male,Civil Engineer,303-315-8967,bbullivant5j@foxnews.com,Denver,United States,US,Colorado,7911 Bobwhite Crossing,08-06-2019,54575-349,05-02-2019,Same Day,Truck,80255,952850.42,1,0.73,jcb,3.55E+15,Okay,WH-MUM-01,36,19,1,54,7,12,6,4.3,3,608622.72,32865626.88,Overstock
NLO-35,6 6th Street,Nlounge,141-87-7188,90,Nissan,Maxima,Khaki,1997,583144.17,54868-6220,Stevie Crossingham,Male,Budget/Accounting Analyst IV,818-954-8445,scrossinghampr@illinois.edu,Van Nuys,United States,US,California,5 Scoville Terrace,01-05-2019,63395-201,30-04-2019,Same Day,Truck,91411,796646.15,2,0.64,diners-club-enroute,2.01E+14,Okay,WH-MUM-01,38,15,1,52,10,10,3,4.2,2,583144.17,29740352.67,Overstock
GIG-173,49838 Norway Maple Court,Gigaclub,749-45-5048,83,Mazda,626,Red,1993,600392.19,53808-0737,Trudi Scapelhorn,Female,Operator,325-245-5031,tscapelhorn5l@booking.com,San Angelo,United States,US,Texas,6 Shoshone Court,02-10-2018,49288-0864,18-01-2019,Same Day,Air,76905,923600.29,2,0.77,jcb,3.56E+15,Bad,WH-BLR-01,27,17,1,43,7,11,3,3.9,3,600392.19,25216471.98,Overstock
VOO-128,86 Di Loreto Point,Voonix,650-97-0439,84,Mercedes-Benz,GL-Class,Yellow,2012,626861.89,60429-981,Gianna Clarson,Female,Database Administrator I,405-284-1776,gclarson5m@myspace.com,Oklahoma City,United States,US,Oklahoma,9909 Old Gate Circle,23-01-2019,35000-586,02-06-2019,Standard Class,Truck,73129,791094.95,2,0.51,jcb,3.57E+15,Okay,WH-DEL-01,28,19,1,46,6,11,9,4.9,3,626861.89,28208785.05,Overstock
PHO-21,00932 Upham Place,Photobug,266-97-6904,97,Saab,900,Yellow,2006,694876.95,59062-1227,Karalee Lackmann,Female,Quality Control Specialist,626-290-6033,klackmann5n@jalbum.net,Pasadena,United States,US,California,0384 Talmadge Place,12-04-2019,63402-515,09-05-2019,Second Class,Truck,91199,738823.53,1,0.49,jcb,3.55E+15,Very Bad,WH-CHN-01,34,15,1,48,6,13,5,5,4,694876.95,33354093.6,Overstock
THO-248,36561 Surrey Parkway,Thoughtbeat,752-91-2144,59,Chevrolet,Express 2500,Green,2000,500952.88,0781-1971,Nananne Itskovitz,Female,Software Test Engineer III,912-128-9397,nitskovitz5o@tamu.edu,Savannah,United States,US,Georgia,412 Autumn Leaf Way,08-10-2018,68645-151,02-04-2019,First Class,Air,31405,721150.82,2,0.87,maestro,5.04E+15,Very Good,WH-DEL-01,29,16,1,44,10,12,7,3.7,5,500952.88,21540973.84,Overstock
YOU-192,69 Emmet Way,Youbridge,303-10-2442,56,BMW,530,Purple,2002,636917.06,54868-1971,Dorry Bramwich,Female,Quality Engineer,253-722-9953,dbramwich5p@shinystat.com,Tacoma,United States,US,Washington,5570 Anthes Park,14-02-2019,58118-2528,03-05-2019,Second Class,Air,98447,797594.37,1,0.79,jcb,3.54E+15,Okay,WH-MUM-01,33,17,1,49,8,13,9,4.9,2,636917.06,31208935.94,Overstock
SKI-323,6 Warner Drive,Skippad,518-75-5398,71,Infiniti,QX,Green,2011,529963.3,43419-380,Carlota Mapletoft,Female,Research Assistant II,646-468-6380,cmapletoftqk@mtv.com,New York City,United States,US,New York,1 Drewry Avenue,13-04-2019,60429-509,12-06-2019,Same Day,Truck,10045,905366.74,2,0.65,jcb,3.56E+15,Very Good,WH-MUM-01,24,16,1,39,10,14,5,4.8,3,529963.3,20138605.4,Overstock
PHO-23,51 Twin Pines Circle,Photobean,820-82-9655,68,GMC,1500,Yellow,1996,621950.59,0121-4675,Jourdain Kingzeth,Male,Assistant Manager,772-959-2301,jkingzeth5r@privacy.gov.au,Fort Pierce,United States,US,Florida,74 Maywood Place,25-07-2018,67877-169,17-05-2019,Standard Class,Air,34949,714287.99,2,0.88,diners-club-enroute,2.02E+14,Okay,WH-DEL-01,23,18,1,40,10,14,5,4.5,3,621950.59,24256073.01,Overstock
BRA-273,5284 Blackbird Trail,Brainlounge,571-38-4231,93,Pontiac,LeMans,Fuscia,1990,506364.92,66312-110,Garrett Enrdigo,Male,Structural Analysis Engineer,256-904-6031,genrdigo5s@yellowpages.com,Huntsville,United States,US,Alabama,06 Luster Street,05-11-2018,0187-5205,22-02-2019,Same Day,Truck,35810,838836.35,2,0.87,jcb,3.59E+15,Bad,WH-BLR-01,28,16,1,43,10,13,10,4.4,3,506364.92,21267326.64,Overstock
SKY-8,1654 Marcy Crossing,Skyba,535-89-9766,57,Buick,Century,Purple,1991,710688.6,30142-462,Rosemonde Gathercole,Female,GIS Technical Architect,412-158-3036,rgathercole9k@hostgator.com,Pittsburgh,United States,US,Pennsylvania,42431 Algoma Drive,13-07-2018,61442-363,02-05-2019,Second Class,Air,15225,913674.43,1,0.57,jcb,3.58E+15,Very Good,WH-BLR-01,32,16,1,47,10,13,10,3.7,2,710688.6,33402364.2,Overstock
ZOO-275,90 Chive Junction,Zoonder,493-82-7589,68,GMC,Jimmy,Orange,1999,576531.57,11673-165,Edouard Gulleford,Male,Administrative Officer,816-439-5151,egulleford5u@usatoday.com,Lees Summit,United States,US,Missouri,36032 Packers Court,15-01-2019,44924-013,14-01-2019,Standard Class,Truck,64082,831547.06,2,0.78,jcb,3.55E+15,Very Bad,WH-BLR-01,21,18,1,38,9,10,10,3.6,4,576531.57,21331668.09,Overstock
AIN-229,0665 Susan Court,Ainyx,433-04-4627,68,GMC,Canyon,Goldenrod,2007,712220.24,10819-3737,Broddy Takle,Male,Civil Engineer,808-630-7794,btakle5v@domainmarket.com,Honolulu,United States,US,Hawaii,6 Towne Point,15-02-2019,0591-2230,11-06-2019,Second Class,Truck,96815,931587.86,2,0.89,visa,4.91E+15,Very Bad,WH-KOL-01,35,15,1,49,8,11,2,4.8,4,712220.24,34186571.52,Overstock
KAY-92,1 Meadow Valley Court,Kaymbo,561-72-9421,59,Chevrolet,3500,Mauv,1993,714010.1,68391-306,Myer McQuilliam,Male,Automation Specialist III,202-918-0251,mmcquilliamff@ning.com,Washington,United States,US,District of Columbia,6 Anthes Parkway,19-10-2018,35356-173,15-02-2019,Standard Class,Air,20220,989798.81,2,0.4,maestro,6.76E+18,Okay,WH-CHN-01,32,15,1,46,9,10,4,4.3,2,714010.1,32130454.5,Overstock
GAB-256,74937 Lunder Trail,Gabvine,452-34-3464,103,Volkswagen,New Beetle,Blue,2003,777460.38,26509-0003,Selie Brogi,Female,Sales Representative,540-821-3180,sbrogiqp@51.la,Roanoke,United States,US,Virginia,55 Maple Trail,11-08-2018,41163-445,13-06-2019,Standard Class,Air,24004,826034.52,1,0.33,switch,5.64E+17,Okay,WH-MUM-01,36,18,1,53,10,10,8,3.9,2,777460.38,41205400.14,Overstock
KAR-16,6 Talmadge Circle,Kare,829-27-8030,83,Mazda,Miata MX-5,Orange,2001,699037.15,10337-332,Merle Cubberley,Female,Financial Advisor,262-777-9429,mcubberley5y@xing.com,Racine,United States,US,Wisconsin,291 Ramsey Plaza,15-04-2019,44929-001,15-05-2019,Same Day,Truck,53405,907476,2,0.83,americanexpress,3.72E+14,Good,WH-DEL-01,28,19,1,46,7,10,4,3.6,4,699037.15,31456671.75,Overstock
PIX-26,77931 Norway Maple Pass,Pixonyx,765-18-4817,102,Toyota,Solara,Yellow,2003,538626.58,68405-014,Madge Farndell,Female,Media Manager III,808-564-2781,mfarndell5z@cmu.edu,Honolulu,United States,US,Hawaii,6872 Buena Vista Terrace,25-05-2019,66467-3740,30-04-2019,Standard Class,Truck,96840,783651.01,1,0.74,jcb,3.59E+15,Very Good,WH-CHN-01,35,17,1,51,9,10,5,4,4,538626.58,27469955.58,Overstock
FEE-330,18059 Toban Court,Feedfire,882-50-6408,57,Buick,Century,Aquamarine,1989,591275.55,60681-2105,Meir Poff,Male,Design Engineer,704-708-7878,mpoff60@unesco.org,Charlotte,United States,US,North Carolina,472 Karstens Plaza,22-06-2018,68788-0600,27-03-2019,Same Day,Air,28210,705535.68,2,0.65,mastercard,5.22E+15,Okay,WH-MUM-01,22,19,1,40,7,10,2,3.9,5,591275.55,23059746.45,Overstock
WIK-132,556 Myrtle Drive,Wikibox,311-27-8922,93,Pontiac,Firebird,Goldenrod,1989,676966.15,15127-831,Gwendolyn MacConneely,Female,VP Accounting,702-863-4129,gmacconneely61@imgur.com,Las Vegas,United States,US,Nevada,806 Fordem Terrace,10-10-2018,51444-002,17-01-2019,Same Day,Truck,89120,949932.74,1,0.76,maestro,6.76E+17,Very Good,WH-MUM-01,30,18,1,47,7,10,8,4.6,4,676966.15,31817409.05,Overstock
KWI-279,2 Manufacturers Way,Kwimbee,795-56-0064,59,Chevrolet,Monte Carlo,Aquamarine,1999,620518.8,55714-2351,Royce Woodyear,Male,Senior Financial Analyst,330-859-9512,rwoodyearam@shareasale.com,Akron,United States,US,Ohio,375 Bay Street,27-10-2018,50225-355,11-04-2019,First Class,Truck,44329,784861.1,2,0.32,mastercard,5.11E+15,Good,WH-MUM-01,33,16,1,48,7,10,3,4.4,2,620518.8,29164383.6,Overstock
SKI-171,30 West Court,Skiptube,829-46-6307,102,Toyota,Sequoia,Yellow,2006,774830.01,44717-536,Merrill Ryves,Male,Director of Sales,937-970-1815,mryves63@moonfruit.com,Springfield,United States,US,Ohio,72042 Merry Hill,09-02-2019,0228-3504,12-01-2019,Same Day,Air,45505,818806.17,2,0.26,jcb,3.53E+15,Good,WH-CHN-01,22,20,1,41,7,10,4,3.9,4,774830.01,30993200.4,Overstock
DEV-142,23319 South Lane,Devbug,260-79-5534,72,Isuzu,Rodeo,Orange,2004,782289.27,61715-028,Rodolph Domke,Male,Actuary,415-175-2670,rdomkel9@japanpost.jp,Hayward,United States,US,California,8 Rockefeller Terrace,28-01-2019,21695-133,26-03-2019,Second Class,Truck,94544,893327.67,2,0.4,jcb,3.54E+15,Very Bad,WH-CHN-01,39,15,1,53,8,10,10,4.3,4,782289.27,40679042.04,Overstock
SHU-349,99 Transport Park,Shuffledrive,830-30-8824,66,Ford,Focus,Mauv,2004,769767.05,0378-7185,Llywellyn Speedin,Male,Tax Accountant,313-133-8486,lspeedin65@yahoo.co.jp,Detroit,United States,US,Michigan,63596 School Terrace,26-09-2018,67938-2009,05-04-2019,Second Class,Truck,48275,831934.34,1,0.65,jcb,3.53E+15,Very Bad,WH-DEL-01,26,19,1,44,9,13,8,4.5,2,769767.05,33869750.2,Overstock
WIK-21,0618 Laurel Drive,Wikizz,705-72-6800,63,Dodge,Ram 1500,Teal,1994,776503.93,52533-024,Elsa Fayter,Female,Senior Financial Analyst,915-832-1634,efayter5w@disqus.com,El Paso,United States,US,Texas,52 Dryden Plaza,02-08-2018,21695-604,26-03-2019,First Class,Air,79950,720437.79,1,0.74,visa-electron,4.03E+15,Good,WH-BLR-01,38,19,1,56,9,15,7,4,2,776503.93,43484220.08,Overstock
COG-152,89 Riverside Alley,Cogilith,742-92-0451,100,Subaru,Tribeca,Maroon,2008,768870.77,68745-1056,Isabel Bysh,Female,Account Representative III,904-163-4942,ibyshcm@woothemes.com,Jacksonville,United States,US,Florida,833 5th Pass,20-04-2019,34645-5018,17-03-2019,Standard Class,Truck,32204,733529.11,1,0.84,jcb,3.53E+15,Bad,WH-MUM-01,27,19,1,45,9,12,9,4,2,768870.77,34599184.65,Overstock
KWI-102,007 Delaware Road,Kwinu,557-61-0203,63,Dodge,Caliber,Goldenrod,2010,680084.14,37000-199,Killy Breton,Male,Assistant Manager,727-142-2842,kbreton68@nationalgeographic.com,Saint Petersburg,United States,US,Florida,567 Artisan Road,11-08-2018,49349-277,13-06-2019,Standard Class,Air,33710,806964.63,1,0.44,jcb,3.56E+15,Okay,WH-KOL-01,38,20,1,57,7,13,2,4.5,2,680084.14,38764795.98,Overstock
LEE-13,20689 Utah Hill,Leenti,450-37-8265,59,Chevrolet,3500,Maroon,1998,546129.68,16590-080,Joline Mohun,Female,Dental Hygienist,727-443-5253,jmohun69@ocn.ne.jp,Clearwater,United States,US,Florida,0 Hansons Way,13-02-2019,55714-2203,23-04-2019,Standard Class,Air,34620,826316.28,1,0.3,mastercard,5.10E+15,Very Bad,WH-CHN-01,34,16,1,49,9,12,4,4.1,4,546129.68,26760354.32,Overstock
GAB-87,26 Bluestem Court,Gabcube,869-49-1604,77,Land Rover,Range Rover,Turquoise,2001,617676.13,67253-264,Miran Poulsum,Female,Business Systems Development Analyst,334-636-2686,mpoulsum6a@g.co,Montgomery,United States,US,Alabama,815 Elka Court,16-11-2018,61919-416,17-05-2019,Second Class,Air,36134,901673.03,2,0.33,solo,6.77E+17,Good,WH-CHN-01,27,18,1,44,9,11,4,4.3,5,617676.13,26560073.59,Overstock
NTA-290,31216 8th Park,Ntags,777-91-4755,93,Pontiac,Bonneville,Turquoise,1986,608936.64,65862-406,Adorne Ackroyd,Female,Administrative Assistant III,202-246-0892,aackroydkd@biblegateway.com,Washington,United States,US,District of Columbia,24282 Evergreen Plaza,27-07-2018,63868-093,06-01-2019,First Class,Air,20088,853905.78,2,0.81,visa,4.02E+12,Bad,WH-BLR-01,37,19,1,55,10,15,4,4.3,5,608936.64,32882578.56,Overstock
GIG-173,819 Crest Line Pass,Gigaclub,507-49-8561,83,Mazda,B-Series,Violet,1996,690487.8,43742-0339,Camile Dewhurst,Female,Structural Analysis Engineer,626-488-5510,cdewhurst16@yahoo.co.jp,Pasadena,United States,US,California,9 Vernon Crossing,18-10-2018,0409-7926,01-03-2019,Second Class,Truck,91125,803434.12,1,0.49,diners-club-carte-blanche,3.06E+13,Very Bad,WH-CHN-01,31,20,1,50,6,14,9,4.9,4,690487.8,34524390,Overstock
ROO-298,1 Chinook Center,Rooxo,238-97-7709,69,Honda,Accord Crosstour,Crimson,2011,665856.64,21695-285,Reinhard Leachman,Male,Budget/Accounting Analyst III,713-561-9214,rleachman6d@parallels.com,Houston,United States,US,Texas,454 Oak Trail,12-06-2019,54868-4850,29-05-2019,First Class,Truck,77260,777119.4,1,0.59,jcb,3.56E+15,Very Bad,WH-CHN-01,30,20,1,49,10,10,3,3.9,3,665856.64,32626975.36,Overstock
YAB-293,71 Stang Point,Yabox,591-32-4673,60,Chrysler,Concorde,Teal,2002,520771.77,60429-505,Corie Charnick,Female,Senior Quality Engineer,805-515-9050,ccharnick6e@acquirethisname.com,San Luis Obispo,United States,US,California,52 Anderson Pass,27-10-2018,49999-449,20-03-2019,Standard Class,Truck,93407,858094.56,2,0.83,americanexpress,3.41E+14,Very Bad,WH-KOL-01,38,15,1,52,10,13,10,3.7,5,520771.77,26559360.27,Overstock
YAB-293,1259 Mockingbird Terrace,Yabox,139-07-9700,53,Audi,S4,Orange,2001,514620.28,68258-6100,Brandy Marcome,Male,Developer IV,315-173-5833,bmarcome6f@seesaa.net,Syracuse,United States,US,New York,2470 Northwestern Center,07-05-2019,76439-142,11-03-2019,First Class,Truck,13205,918098.21,1,0.73,visa-electron,4.84E+15,Okay,WH-KOL-01,37,18,1,54,10,15,7,4.2,3,514620.28,27789495.12,Overstock
AVA-53,80 Warrior Point,Avamba,163-52-9668,85,Mercury,Sable,Maroon,2003,522233.76,52584-024,Georgia Versey,Female,Actuary,212-819-8294,gversey6g@mit.edu,Jamaica,United States,US,New York,1 Cody Way,06-11-2018,43526-103,02-03-2019,Standard Class,Air,11499,809727.39,2,0.84,jcb,3.57E+15,Very Good,WH-BLR-01,27,17,1,43,8,11,6,5,5,522233.76,21933817.92,Overstock
TWI-70,32 Dawn Hill,Twitterwire,412-07-3378,79,Lincoln,Navigator,Indigo,2007,564853.64,36987-1607,Kitty Bryers,Female,VP Product Management,903-705-1528,kbryers6h@google.com,Tyler,United States,US,Texas,8168 School Trail,21-01-2019,52125-245,13-02-2019,Same Day,Truck,75705,905674.77,1,0.87,mastercard,5.01E+15,Very Good,WH-BLR-01,21,20,1,40,8,10,3,5,4,564853.64,22594145.6,Overstock
ABA-208,344 Marquette Park,Abatz,499-24-9122,83,Mazda,MPV,Puce,1992,750536.81,49215-0001,Flory Martugin,Female,Human Resources Manager,561-947-1421,fmartugin6i@phoca.cz,Boca Raton,United States,US,Florida,7 Lakeland Terrace,04-11-2018,0093-7394,01-05-2019,First Class,Air,33432,833339.07,2,0.68,jcb,3.54E+15,Good,WH-BLR-01,29,20,1,48,10,15,7,4.8,3,750536.81,35275230.07,Overstock
VOO-303,5 Lawn Drive,Voonte,167-88-2365,55,Bentley,Azure,Indigo,2010,617480.31,50563-112,Trip Stansell,Male,Budget/Accounting Analyst I,303-501-9600,tstansell6j@merriam-webster.com,Littleton,United States,US,Colorado,6 Fallview Point,11-06-2019,11896-0018,23-02-2019,Standard Class,Truck,80127,857281.07,2,0.31,americanexpress,3.75E+14,Good,WH-CHN-01,28,19,1,46,7,15,10,4.7,3,617480.31,27786613.95,Overstock
TRI-284,04740 6th Point,Trilith,875-19-0318,88,Mitsubishi,Starion,Yellow,1987,755397.16,52642-006,Petra Joliffe,Female,Human Resources Manager,770-809-0562,pjoliffe6k@cafepress.com,Atlanta,United States,US,Georgia,8738 Schmedeman Way,18-12-2018,51514-0304,06-02-2019,First Class,Truck,30340,877668.97,2,0.77,maestro,5.04E+18,Very Bad,WH-KOL-01,20,20,1,39,6,12,7,4,2,755397.16,28705092.08,Overstock
MYM-311,989 Thompson Street,Mymm,899-94-1913,76,Lamborghini,Murciélago,Blue,2002,603490.6,0555-1056,Noelle Gullan,Female,Budget/Accounting Analyst I,412-652-4348,ngullan6l@jalbum.net,Pittsburgh,United States,US,Pennsylvania,21084 Fremont Court,05-06-2019,68462-205,03-04-2019,Second Class,Air,15255,936683.82,2,0.54,diners-club-carte-blanche,3.00E+13,Very Good,WH-BLR-01,38,19,1,56,7,15,10,3.7,5,603490.6,33191983,Overstock
JAY-67,6353 Green Avenue,Jayo,213-30-7079,83,Mazda,MPV,Green,1990,524531.89,52810-212,Rainer Donaway,Male,Recruiter,405-499-0654,rdonawayeq@indiegogo.com,Oklahoma City,United States,US,Oklahoma,2864 Golf Hill,07-12-2018,63459-201,03-03-2019,Standard Class,Truck,73167,770851.96,1,0.44,americanexpress,3.38E+14,Good,WH-CHN-01,24,20,1,43,7,12,3,4.2,5,524531.89,22554871.27,Overstock
JAB-348,1851 Hoffman Hill,Jabbersphere,331-59-8481,68,GMC,Savana 3500,Blue,2007,756053.37,36800-517,Orland Luthwood,Male,Staff Scientist,804-173-4821,oluthwoodi4@mapy.cz,Richmond,United States,US,Virginia,41 Dawn Court,14-04-2019,76439-252,01-03-2019,Standard Class,Truck,23208,799258.82,2,0.77,jcb,3.54E+15,Very Bad,WH-MUM-01,30,15,1,44,6,14,8,4.1,3,756053.37,32510294.91,Overstock
THO-216,80696 Fisk Street,Thoughtblab,799-32-0894,83,Mazda,Mazdaspeed 3,Indigo,2007,522598.43,55143-012,Alex Longhi,Female,Pharmacist,513-600-3392,alonghi6o@123-reg.co.uk,Cincinnati,United States,US,Ohio,3356 Burning Wood Pass,17-11-2018,54569-0650,17-01-2019,First Class,Air,45296,951519.83,2,0.59,instapayment,6.38E+15,Very Good,WH-MUM-01,24,17,1,40,7,11,8,4.2,2,522598.43,20381338.77,Overstock
CEN-214,3741 Pankratz Crossing,Centimia,664-93-7706,59,Chevrolet,Corvette,Purple,2000,707930.63,35356-301,Gerti Morston,Female,Account Coordinator,423-360-8605,gmorston6p@unicef.org,Chattanooga,United States,US,Tennessee,8 Rutledge Point,20-01-2019,50970-003,29-05-2019,First Class,Air,37405,896520.79,2,0.38,laser,6.71E+18,Very Bad,WH-DEL-01,40,20,1,59,10,10,5,3.9,3,707930.63,41059976.54,Overstock
OOZ-155,405 Manley Trail,Oozz,684-23-0409,102,Toyota,Land Cruiser,Fuscia,2011,755210.78,10157-9875,Bernadene Lorkings,Female,Administrative Officer,561-927-9650,blorkings6q@e-recht24.de,Delray Beach,United States,US,Florida,72 Becker Center,05-01-2019,39822-4200,01-01-2019,Second Class,Air,33448,821081.22,1,0.5,diners-club-international,3.60E+13,Okay,WH-MUM-01,26,16,1,41,9,13,9,3.8,4,755210.78,30963641.98,Overstock
ABA-327,68 Nevada Pass,Abata,668-59-9311,89,Morgan,Aero 8,Violet,2007,676878.44,30142-104,Germayne Meryett,Male,Speech Pathologist,661-481-4276,gmeryett3z@washingtonpost.com,Bakersfield,United States,US,California,72 Union Circle,23-04-2019,11822-2686,13-04-2019,Standard Class,Truck,93311,877185.43,2,0.72,diners-club-enroute,2.01E+14,Bad,WH-KOL-01,26,20,1,45,7,11,2,4.9,2,676878.44,29782651.36,Overstock
YAK-260,47 Larry Lane,Yakidoo,306-25-6630,73,Jaguar,XJ Series,Turquoise,1993,669756.37,36987-1048,Deana Chillingworth,Female,Recruiting Manager,850-243-9764,dchillingworth6s@netscape.com,Panama City,United States,US,Florida,762 Calypso Park,02-09-2018,11084-704,15-05-2019,First Class,Air,32412,734353.19,2,0.49,visa-electron,4.84E+15,Bad,WH-MUM-01,20,16,1,35,10,10,9,3.9,4,669756.37,22771716.58,Overstock
BUB-155,50049 Montana Point,Bubbletube,610-26-2412,71,Infiniti,G,Green,2007,530760.44,58411-102,Marne Vinsen,Female,Junior Executive,626-352-3260,mvinsen6t@free.fr,Pasadena,United States,US,California,58 Prentice Crossing,24-03-2019,63739-231,20-04-2019,Second Class,Truck,91125,822574.56,1,0.54,diners-club-carte-blanche,3.02E+13,Bad,WH-DEL-01,32,18,1,49,6,14,8,3.9,3,530760.44,26007261.56,Overstock
MEE-208,41631 Mendota Trail,Meembee,589-42-7665,59,Chevrolet,Camaro,Turquoise,1977,682006.48,68788-9942,Webb Jenk,Male,Financial Advisor,210-663-7834,wjenk6u@a8.net,San Antonio,United States,US,Texas,2 Bunting Crossing,13-09-2018,52993-125,11-05-2019,First Class,Truck,78285,966408.44,1,0.44,mastercard,5.11E+15,Very Bad,WH-BLR-01,27,18,1,44,7,11,4,5,2,682006.48,30008285.12,Overstock
EAM-222,76827 Old Gate Avenue,Eamia,815-68-4554,71,Infiniti,G37,Yellow,2011,753206.05,43269-780,Fidela Gepson,Female,Technical Writer,541-120-8588,fgepson6v@usatoday.com,Eugene,United States,US,Oregon,8823 Mcbride Plaza,20-11-2018,43063-401,27-03-2019,Second Class,Truck,97405,915779.62,2,0.42,mastercard,5.00E+15,Good,WH-CHN-01,33,17,1,49,8,14,3,4.3,2,753206.05,36153890.4,Overstock
AVA-303,4 Monterey Terrace,Avaveo,897-67-8034,100,Subaru,XT,Teal,1985,686586.66,16590-244,Enriqueta Blissett,Female,Research Nurse,847-850-7613,eblissett6w@infoseek.co.jp,Palatine,United States,US,Illinois,2 Summerview Road,12-08-2018,66975-354,03-04-2019,Standard Class,Truck,60078,847308.19,2,0.3,diners-club-carte-blanche,3.05E+13,Very Good,WH-KOL-01,37,19,1,55,9,12,2,4.2,5,686586.66,37075679.64,Overstock
GEB-202,85 Schlimgen Junction,Geba,748-60-5619,70,Hyundai,Sonata,Puce,2000,591827.18,63739-283,Kristofor Mobius,Male,Account Representative II,856-143-9887,kmobius6x@examiner.com,Camden,United States,US,New Jersey,08700 Shoshone Plaza,13-10-2018,66336-002,23-02-2019,First Class,Truck,8104,761593.6,1,0.43,jcb,3.55E+15,Bad,WH-DEL-01,24,18,1,41,6,15,8,4.8,2,591827.18,24264914.38,Overstock
DAB-344,6 Esker Crossing,Dabtype,753-10-7022,66,Ford,Ranger,Aquamarine,1984,705287.01,64159-6989,Olivia Lord,Female,Sales Associate,303-711-0764,olord6y@mail.ru,Denver,United States,US,Colorado,4071 Dapin Lane,24-04-2019,65044-2042,05-02-2019,First Class,Truck,80223,748821.37,2,0.4,jcb,3.57E+15,Very Bad,WH-MUM-01,22,17,1,38,7,14,2,3.6,5,705287.01,26095619.37,Overstock
ZOO-207,110 Muir Crossing,Zoomcast,835-58-8785,72,Isuzu,Rodeo,Green,1998,790573.68,50844-753,Arielle Chrestien,Female,Research Nurse,214-971-5732,achrestien6z@va.gov,Dallas,United States,US,Texas,70214 Maywood Lane,19-02-2019,55154-2416,12-02-2019,Standard Class,Truck,75323,711330.7,2,0.34,bankcard,5.60E+15,Good,WH-CHN-01,28,18,1,45,6,10,8,4.2,4,790573.68,34785241.92,Overstock
SHU-310,90 Morningstar Avenue,Shuffletag,501-34-1783,76,Lamborghini,Murciélago LP640,Goldenrod,2008,698779.93,14783-323,Johannes Gentzsch,Male,Editor,704-956-6488,jgentzsch70@amazon.co.jp,Charlotte,United States,US,North Carolina,66149 Main Terrace,29-07-2018,49967-075,14-01-2019,First Class,Air,28263,907301.72,1,0.27,jcb,3.59E+15,Very Bad,WH-BLR-01,40,16,1,55,9,15,3,4.1,2,698779.93,38432896.15,Overstock
EID-41,7002 Stone Corner Park,Eidel,253-89-5050,59,Chevrolet,Astro,Yellow,1996,610262.72,54868-5607,Domenico Starmer,Male,Chemical Engineer,904-791-7393,dstarmer71@hatena.ne.jp,Jacksonville,United States,US,Florida,284 Browning Terrace,13-06-2019,21695-678,11-05-2019,First Class,Air,32225,721444.86,1,0.68,diners-club-carte-blanche,3.03E+13,Very Good,WH-MUM-01,39,16,1,54,6,11,10,4.3,5,610262.72,32954186.88,Overstock
SKI-57,80 Talmadge Street,Skipstorm,181-41-7940,51,Acura,RL,Blue,2000,626418.85,58232-9911,Dione Kenington,Female,Teacher,781-376-3826,dkenington72@51.la,Watertown,United States,US,Massachusetts,569 Delladonna Trail,03-03-2019,58118-0570,10-02-2019,Same Day,Air,2472,905077.85,2,0.25,jcb,3.54E+15,Very Bad,WH-DEL-01,25,20,1,44,6,10,10,3.7,4,626418.85,26936010.55,Overstock
BRA-42,8510 Hollow Ridge Way,Brainbox,435-89-0824,100,Subaru,Legacy,Green,2009,781026.77,36800-647,Oran MacCrann,Male,Director of Sales,814-812-7417,omaccrann73@dell.com,Erie,United States,US,Pennsylvania,493 Memorial Avenue,09-08-2018,46122-028,19-05-2019,Same Day,Truck,16534,708543,2,0.38,diners-club-us-ca,5.41E+15,Very Bad,WH-MUM-01,35,19,1,53,6,10,8,4.4,3,781026.77,40613392.04,Overstock
DYN-53,7114 Pierstorff Way,Dynabox,432-13-7009,93,Pontiac,Grand Prix,Aquamarine,1992,760929.24,11822-0900,Will Lumley,Male,Statistician IV,212-512-9828,wlumley74@vimeo.com,New York City,United States,US,New York,33 Buhler Court,28-02-2019,25021-824,24-02-2019,Same Day,Air,10029,948947.68,1,0.43,diners-club-enroute,2.01E+14,Okay,WH-BLR-01,31,16,1,46,8,13,6,4.7,3,760929.24,35002745.04,Overstock
JET-234,808 Maple Wood Road,Jetwire,345-99-5630,100,Subaru,Legacy,Pink,2010,788851.31,43458-1004,Dawna Crier,Female,Executive Secretary,602-896-0611,dcrier75@kickstarter.com,Phoenix,United States,US,Arizona,7324 Kinsman Road,01-02-2019,55289-463,23-02-2019,Second Class,Truck,85062,703566.96,1,0.52,jcb,3.54E+15,Very Good,WH-BLR-01,27,18,1,44,8,11,6,4.4,3,788851.31,34709457.64,Overstock
MUD-270,6 Ronald Regan Drive,Mudo,159-44-1592,66,Ford,F-Series Super Duty,Maroon,2010,556626.3,37808-437,Sigismondo Gillings,Male,Speech Pathologist,410-460-3425,sgillings76@reverbnation.com,Baltimore,United States,US,Maryland,45341 Daystar Trail,25-09-2018,54868-3157,17-05-2019,First Class,Air,21290,946609.07,2,0.41,mastercard,5.10E+15,Bad,WH-BLR-01,29,15,1,43,6,15,9,4.3,3,556626.3,23378304.6,Overstock
CAM-196,5672 Darwin Alley,Camimbo,385-60-9979,84,Mercedes-Benz,C-Class,Red,2012,539453.7,68135-020,Fidelia Lauchlan,Female,Teacher,614-631-5515,flauchlan77@mtv.com,Columbus,United States,US,Ohio,8 Loomis Point,21-05-2019,15127-258,30-01-2019,Second Class,Truck,43204,912590.74,1,0.84,visa,4.02E+12,Good,WH-CHN-01,20,15,1,34,9,13,5,4.4,3,539453.7,18341425.8,Overstock
VOO-57,237 Charing Cross Drive,Voomm,289-73-0573,84,Mercedes-Benz,CL-Class,Crimson,2004,798192.93,42411-043,Marta Collens,Female,Junior Executive,585-842-3258,mcollens78@ezinearticles.com,Rochester,United States,US,New York,78047 Sheridan Plaza,19-08-2018,52959-737,07-03-2019,Same Day,Truck,14646,752316.03,1,0.72,jcb,3.57E+15,Good,WH-BLR-01,34,17,1,50,8,10,7,3.7,2,798192.93,39909646.5,Overstock
YAC-177,0 Barby Center,Yacero,423-48-3505,104,Volvo,V40,Goldenrod,2004,655763.96,52686-274,Victor Ivan,Male,Graphic Designer,651-514-2942,vivan6r@bravesites.com,Saint Paul,United States,US,Minnesota,07 Harbort Lane,14-07-2018,0363-0466,15-03-2019,First Class,Truck,55127,815360.3,1,0.69,jcb,3.57E+15,Good,WH-BLR-01,22,16,1,37,7,10,8,4.6,3,655763.96,24263266.52,Overstock
BLO-145,8 Dapin Center,Blogtag,188-43-3442,58,Cadillac,Eldorado,Yellow,1999,662587.93,51060-045,Dione McPartling,Female,Help Desk Technician,478-506-3914,dmcpartling7a@diigo.com,Macon,United States,US,Georgia,2072 Sullivan Street,11-12-2018,65342-0100,31-01-2019,Second Class,Truck,31217,948713.24,1,0.78,visa-electron,4.92E+15,Very Good,WH-KOL-01,26,15,1,40,7,15,10,4,2,662587.93,26503517.2,Overstock
JAY-67,22 Meadow Ridge Alley,Jayo,626-13-4141,63,Dodge,Caliber,Orange,2007,550981.27,47593-359,Laurette Carn,Female,Developer IV,334-396-2155,lcarn7b@upenn.edu,Montgomery,United States,US,Alabama,93 Loomis Lane,19-01-2019,65903-247,07-05-2019,Second Class,Air,36177,983410.65,1,0.63,visa-electron,4.18E+15,Okay,WH-DEL-01,23,18,1,40,6,12,7,4.4,2,550981.27,22039250.8,Overstock
YOU-334,1416 Eggendart Street,Youfeed,189-06-3930,59,Chevrolet,Suburban 1500,Orange,2009,749090.42,61245-146,Elwin Breckon,Male,Electrical Engineer,682-509-6202,ebreckon7c@geocities.jp,Fort Worth,United States,US,Texas,95236 Ohio Alley,18-03-2019,0268-0275,28-02-2019,Same Day,Truck,76110,930665.34,1,0.51,americanexpress,3.45E+14,Bad,WH-KOL-01,30,15,1,44,8,13,6,4.6,5,749090.42,32959978.48,Overstock
VID-267,4870 Sherman Way,Vidoo,562-22-3910,68,GMC,Savana 1500,Purple,2007,634779.32,0456-3407,Saundra Demcak,Male,Teacher,763-146-9679,sdemcak7d@harvard.edu,Monticello,United States,US,Minnesota,22733 Walton Avenue,04-02-2019,36800-366,21-01-2019,First Class,Air,55590,715166.87,2,0.47,maestro,5.04E+18,Very Good,WH-DEL-01,37,15,1,51,6,11,10,3.9,4,634779.32,31738966,Overstock
SNA-124,3 Nelson Terrace,Snaptags,233-97-6624,75,Kia,Mentor,Goldenrod,1997,550479.47,57337-061,Haze Asple,Male,Web Developer II,210-561-1749,hasple5t@earthlink.net,San Antonio,United States,US,Texas,3258 Canary Parkway,22-04-2019,69097-148,03-06-2019,Same Day,Air,78225,807463.16,2,0.67,americanexpress,3.74E+14,Okay,WH-DEL-01,38,17,1,54,9,12,8,4.4,3,550479.47,29175411.91,Overstock
TRU-42,7 Kim Alley,Trunyx,794-31-5819,72,Isuzu,Rodeo,Blue,1994,735110.74,0025-1851,Donelle Gwatkins,Female,VP Accounting,515-903-2317,dgwatkinsgi@hao123.com,Des Moines,United States,US,Iowa,6004 Graceland Street,20-06-2018,0363-0311,19-05-2019,Second Class,Truck,50330,784176.28,1,0.74,jcb,3.54E+15,Okay,WH-MUM-01,34,18,1,51,7,15,2,4.3,2,735110.74,37490647.74,Overstock
TWI-225,73 Walton Park,Twitterlist,109-86-9293,103,Volkswagen,Cabriolet,Orange,1992,558901.59,24236-063,Andromache Bernardez,Female,Analyst Programmer,801-222-0204,abernardez7g@goo.ne.jp,Salt Lake City,United States,US,Utah,0141 Crescent Oaks Circle,30-05-2019,43857-0030,04-01-2019,Same Day,Truck,84110,764462.9,1,0.87,china-unionpay,5.60E+15,Very Good,WH-KOL-01,25,19,1,43,10,14,3,3.9,5,558901.59,24032768.37,Overstock
MYN-203,403 Bayside Parkway,Mynte,808-41-4378,68,GMC,1500,Yellow,1997,561693.79,59011-444,Jordan Heatlie,Male,Software Test Engineer IV,719-129-4996,jheatlie7h@bluehost.com,Colorado Springs,United States,US,Colorado,75 South Pass,17-04-2019,49614-228,02-05-2019,Standard Class,Truck,80915,924763.35,2,0.57,jcb,3.54E+15,Bad,WH-CHN-01,26,15,1,40,10,13,3,4,3,561693.79,21906057.81,Overstock
JAT-151,49 Merry Circle,Jatri,649-68-2842,103,Volkswagen,Touareg 2,Khaki,2009,554922.83,49288-0176,Elvis Woollin,Male,GIS Technical Architect,334-720-4918,ewoollin7i@phoca.cz,Montgomery,United States,US,Alabama,9 Brentwood Drive,17-07-2018,55714-4409,31-05-2019,Second Class,Air,36119,829806.93,2,0.36,visa,4.04E+12,Very Bad,WH-DEL-01,26,15,1,40,6,15,10,4.1,4,554922.83,21641990.37,Overstock
TWI-225,57 Trailsway Road,Twitterlist,150-57-2640,59,Chevrolet,Suburban 1500,Maroon,2001,649244.9,68752-025,Agathe Vanelli,Female,Assistant Professor,775-698-1030,avanelli7j@cisco.com,Reno,United States,US,Nevada,40 Waywood Junction,08-01-2019,55154-9429,19-05-2019,Same Day,Truck,89550,870746.72,2,0.67,diners-club-enroute,2.02E+14,Bad,WH-KOL-01,22,15,1,36,8,15,7,4.5,3,649244.9,22723571.5,Overstock
JAX-316,4 High Crossing Road,Jaxspan,843-67-9704,77,Land Rover,Range Rover,Fuscia,2005,549060.9,63014-1600,Dannie Abba,Female,Web Designer II,330-304-8372,dabba7k@shareasale.com,Youngstown,United States,US,Ohio,12692 Ohio Park,05-10-2018,0093-4160,31-05-2019,Standard Class,Air,44505,756323.57,1,0.86,jcb,3.56E+15,Good,WH-MUM-01,30,16,1,45,10,12,8,4.9,3,549060.9,24707740.5,Overstock
OLO-19,32339 Judy Court,Oloo,859-96-9189,91,Oldsmobile,Aurora,Fuscia,1996,739662.76,16864-001,Chico Adrienne,Male,Sales Representative,203-491-1590,cadrienne7l@berkeley.edu,Norwalk,United States,US,Connecticut,67 Pawling Lane,26-10-2018,49035-202,07-04-2019,Standard Class,Truck,6854,762908.87,1,0.52,jcb,3.54E+15,Bad,WH-MUM-01,31,18,1,48,7,12,2,3.9,5,739662.76,35503812.48,Overstock
THO-271,4445 Michigan Pass,Thoughtbridge,686-99-7947,57,Buick,Roadmaster,Crimson,1991,676920.58,53808-0396,Eddie Ortsmann,Female,Safety Technician IV,312-110-7916,eortsmann7m@studiopress.com,Chicago,United States,US,Illinois,6 Maryland Road,17-05-2019,54473-210,19-02-2019,Same Day,Air,60609,962162.33,1,0.87,jcb,3.56E+15,Very Good,WH-BLR-01,37,20,1,56,7,13,10,4.2,5,676920.58,37907552.48,Overstock
LAZ-5,57 Cambridge Terrace,Lazz,769-44-2351,92,Plymouth,Laser,Maroon,1993,789584.18,14783-451,Deina Tallyn,Female,Software Engineer I,205-699-3632,dtallyn7n@auda.org.au,Birmingham,United States,US,Alabama,2211 Novick Avenue,12-11-2018,37205-187,17-04-2019,First Class,Truck,35242,740646.41,2,0.66,americanexpress,3.75E+14,Okay,WH-KOL-01,29,18,1,46,10,11,3,3.7,3,789584.18,35531288.1,Overstock
KWI-279,411 Clove Trail,Kwimbee,129-61-5552,57,Buick,Park Avenue,Goldenrod,2004,723963.65,0024-2792,Hobie McRoberts,Male,Civil Engineer,720-577-2387,hmcrobertsl3@dagondesign.com,Denver,United States,US,Colorado,740 Bowman Parkway,10-12-2018,63629-3868,27-05-2019,First Class,Air,80209,909290.18,2,0.82,jcb,3.56E+15,Very Bad,WH-CHN-01,33,19,1,51,8,14,9,4,5,723963.65,36198182.5,Overstock
LAJ-331,7947 Mallory Trail,Lajo,740-59-3740,59,Chevrolet,K5 Blazer,Purple,1995,700933.8,68387-802,Riley McGeechan,Male,Internal Auditor,406-295-0934,rmcgeechan7p@digg.com,Bozeman,United States,US,Montana,4237 Lien Park,28-02-2019,11673-245,06-05-2019,Standard Class,Air,59771,769660.81,2,0.34,jcb,3.56E+15,Okay,WH-BLR-01,27,20,1,46,8,12,10,3.6,3,700933.8,31542021,Overstock
ZOO-207,7 Sommers Street,Zoomcast,298-96-3484,66,Ford,Econoline E350,Teal,1996,630846.87,0378-0145,Grady Goldsby,Male,Tax Accountant,701-443-1209,ggoldsbyr8@printfriendly.com,Grand Forks,United States,US,North Dakota,24760 Ridge Oak Road,12-06-2019,51672-1293,30-05-2019,Standard Class,Air,58207,863147.11,1,0.42,mastercard,5.49E+15,Good,WH-BLR-01,36,18,1,53,6,10,9,3.6,2,630846.87,33434884.11,Overstock
MEE-137,0 Lakewood Junction,Meezzy,891-42-5567,75,Kia,Soul,Violet,2012,630981.26,57237-025,Germain Darleston,Female,Account Representative IV,530-843-7188,gdarleston7r@woothemes.com,Chico,United States,US,California,47 Anhalt Park,31-01-2019,57520-0332,23-04-2019,Second Class,Truck,95973,880242.79,2,0.82,jcb,3.54E+15,Good,WH-DEL-01,23,20,1,42,10,15,6,3.9,4,630981.26,25870231.66,Overstock
GAB-87,7 Randy Lane,Gabcube,571-46-4187,74,Jeep,Comanche,Pink,1992,538437.86,58517-340,Gennifer Mor,Female,Business Systems Development Analyst,213-585-6350,gmor8z@quantcast.com,Los Angeles,United States,US,California,8429 Nancy Center,02-03-2019,43857-0117,18-05-2019,First Class,Air,90081,964162.52,2,0.53,diners-club-international,3.67E+13,Bad,WH-MUM-01,30,17,1,46,10,10,7,4.9,5,538437.86,24229703.7,Overstock
YOU-334,16053 Atwood Parkway,Youfeed,803-36-5701,100,Subaru,Justy,Yellow,1988,770428.67,0258-3687,Natale Swabey,Male,Environmental Specialist,757-935-7324,nswabey7t@networkadvertising.org,Norfolk,United States,US,Virginia,204 Sunfield Hill,03-10-2018,68788-0384,17-02-2019,Second Class,Air,23514,843893.64,2,0.57,china-unionpay,5.61E+16,Very Bad,WH-BLR-01,25,20,1,44,7,10,6,4.4,2,770428.67,33128432.81,Overstock
GIG-225,74909 Ludington Trail,Gigabox,665-01-6932,88,Mitsubishi,L300,Aquamarine,1990,691843.34,68258-3024,Stearne Fullerton,Male,Web Designer III,830-895-2597,sfullerton7u@newsvine.com,San Antonio,United States,US,Texas,645 Bellgrove Crossing,29-07-2018,49348-847,16-01-2019,First Class,Air,78230,978185.9,2,0.8,laser,6.71E+18,Good,WH-CHN-01,22,15,1,36,8,14,7,4.6,5,691843.34,24214516.9,Overstock
ZOO-207,19733 Mcguire Center,Zoomcast,709-19-1132,66,Ford,F150,Indigo,2004,713413.43,61722-160,Suzette Danzelman,Female,Computer Systems Analyst III,571-477-5661,sdanzelman7v@mlb.com,Arlington,United States,US,Virginia,465 Laurel Trail,19-12-2018,76340-4001,11-04-2019,Second Class,Truck,22244,907268.87,1,0.51,jcb,3.55E+15,Very Good,WH-KOL-01,30,15,1,44,8,15,3,4.2,4,713413.43,31390190.92,Overstock
LAZ-5,4 Graedel Street,Lazz,438-56-6113,68,GMC,Yukon XL 1500,Pink,2002,643916.65,54340-779,Madelon Ambroz,Female,Design Engineer,818-652-8669,mambroz7w@de.vu,Torrance,United States,US,California,90567 Arizona Terrace,08-01-2019,0440-8505,07-06-2019,Same Day,Air,90510,951156.3,2,0.87,jcb,3.53E+15,Very Good,WH-KOL-01,36,15,1,50,7,10,10,3.8,5,643916.65,31551915.85,Overstock
SKY-129,1 Carberry Lane,Skynoodle,205-86-5112,101,Suzuki,Forenza,Teal,2006,786575.33,13734-023,Mano Valeri,Male,Accountant III,727-806-4128,mvaleri7x@apple.com,Clearwater,United States,US,Florida,1871 Stephen Hill,20-07-2018,0135-0532,24-02-2019,Second Class,Truck,34629,826982.52,2,0.87,jcb,3.55E+15,Okay,WH-DEL-01,36,15,1,50,9,15,9,4.5,4,786575.33,38542191.17,Overstock
LAT-337,426 Crescent Oaks Parkway,Latz,795-17-6148,78,Lexus,RX,Indigo,2000,540060.54,52125-338,Creight Munnery,Male,Food Chemist,505-775-7780,cmunneryl4@meetup.com,Albuquerque,United States,US,New Mexico,3448 Merry Terrace,10-10-2018,58790-301,23-01-2019,Second Class,Truck,87201,886736.71,2,0.45,mastercard,5.10E+15,Very Bad,WH-KOL-01,30,15,1,44,6,11,4,4.6,2,540060.54,23222603.22,Overstock
EAM-222,464 Dayton Avenue,Eamia,190-67-6241,69,Honda,CR-X,Goldenrod,1985,573485.27,41163-496,Britta Danielsky,Female,Desktop Support Technician,516-936-3022,bdanielsky7z@stumbleupon.com,New Hyde Park,United States,US,New York,8185 Crescent Oaks Terrace,16-02-2019,57520-0500,13-06-2019,Standard Class,Air,11044,813997.82,1,0.37,jcb,3.53E+15,Good,WH-DEL-01,35,15,1,49,10,11,9,4.6,4,573485.27,28100778.23,Overstock
DAB-51,52 Lakewood Gardens Plaza,DabZ,458-12-1050,58,Cadillac,XLR,Red,2008,545080.04,24987-562,Morie Mowsdell,Male,Librarian,602-316-0625,mmowsdell20@w3.org,Glendale,United States,US,Arizona,54954 Westerfield Terrace,05-06-2019,61748-014,28-03-2019,Standard Class,Air,85311,752558.4,1,0.83,diners-club-carte-blanche,3.05E+13,Very Good,WH-BLR-01,27,17,1,43,10,12,5,4.2,2,545080.04,23438441.72,Overstock
TAG-117,88834 Maywood Court,Tagfeed,198-36-2680,93,Pontiac,Sunbird,Purple,1991,524432.54,0006-0951,Felike Penvarne,Male,Media Manager II,202-786-2819,fpenvarne81@nydailynews.com,Washington,United States,US,District of Columbia,93 Katie Junction,06-10-2018,17575-006,28-01-2019,Standard Class,Air,20057,747147.58,2,0.27,jcb,3.54E+15,Good,WH-BLR-01,25,18,1,42,9,11,9,3.9,2,524432.54,21501734.14,Overstock
DIV-92,35345 Del Mar Center,Divape,645-85-7740,102,Toyota,Tundra,Goldenrod,2004,506274.41,61755-001,Jobye Dowzell,Female,VP Marketing,504-530-3056,jdowzell82@youtube.com,New Orleans,United States,US,Louisiana,642 Main Parkway,30-11-2018,61727-310,15-05-2019,Same Day,Air,70142,847468.73,1,0.35,mastercard,5.53E+15,Very Good,WH-KOL-01,31,18,1,48,9,10,8,4.8,5,506274.41,24301171.68,Overstock
SKY-243,4 Sachtjen Court,Skyble,500-60-6665,102,Toyota,MR2,Pink,1986,792030.29,76485-1007,Meir Denkel,Male,Nurse,918-216-4327,mdenkelal@liveinternet.ru,Tulsa,United States,US,Oklahoma,5 Lakewood Gardens Avenue,13-07-2018,63717-871,31-05-2019,Standard Class,Truck,74184,703612.23,2,0.54,jcb,3.57E+15,Very Bad,WH-MUM-01,25,19,1,43,8,11,6,4.1,3,792030.29,33265272.18,Overstock
JAX-21,34 Fieldstone Way,Jaxbean,572-91-5758,68,GMC,3500 Club Coupe,Puce,1996,747040.1,48951-6040,Cristabel Killshaw,Female,Computer Systems Analyst I,814-395-3699,ckillshaw84@seattletimes.com,Erie,United States,US,Pennsylvania,9 Merry Road,29-07-2018,48951-7023,28-04-2019,Second Class,Truck,16550,701880.61,2,0.39,mastercard,5.01E+15,Bad,WH-BLR-01,24,18,1,41,9,14,2,5,4,747040.1,29881604,Overstock
RHY-324,63 Russell Road,Rhynoodle,883-45-8165,73,Jaguar,XK,Blue,2006,723632.51,68391-517,Lois Braunstein,Female,Nuclear Power Engineer,253-522-6297,lbraunstein85@fastcompany.com,Lakewood,United States,US,Washington,34 Dwight Court,05-02-2019,24488-021,06-01-2019,Standard Class,Air,98498,706493.63,2,0.34,jcb,3.55E+15,Very Good,WH-MUM-01,31,19,1,49,6,10,5,4,5,723632.51,34734360.48,Overstock
AIV-317,13 Hauk Way,Aivee,759-95-6944,93,Pontiac,Grand Am,Fuscia,1988,511763.96,60429-369,Chandler Hawkett,Male,GIS Technical Architect,410-264-7720,chawkett86@sciencedirect.com,Ridgely,United States,US,Maryland,373 Green Lane,02-08-2018,15127-989,25-01-2019,Same Day,Truck,21684,981485.26,2,0.85,maestro,6.76E+16,Okay,WH-CHN-01,32,19,1,50,10,11,8,3.9,3,511763.96,25076434.04,Overstock
MYD-258,590 Dawn Circle,Mydeo,195-25-3503,82,Maybach,57,Goldenrod,2005,696774.32,10096-0181,Jocelin Duprey,Female,Account Coordinator,513-784-2542,jdupreyay@netlog.com,Cincinnati,United States,US,Ohio,76063 Lerdahl Center,02-05-2019,64942-1096,16-02-2019,Standard Class,Air,45233,874387.96,1,0.75,jcb,3.57E+15,Okay,WH-BLR-01,40,19,1,58,7,10,8,3.9,2,696774.32,40412910.56,Overstock
NTA-292,4199 Bonner Terrace,Ntag,653-46-8005,57,Buick,Rainier,Indigo,2005,539855.21,45802-806,Brande Sebright,Female,Project Manager,419-840-1084,bsebright88@i2i.jp,Toledo,United States,US,Ohio,95 Jana Lane,20-03-2019,68400-311,23-03-2019,First Class,Truck,43605,730755.76,1,0.31,maestro,6.76E+17,Very Bad,WH-CHN-01,38,20,1,57,6,13,4,5,2,539855.21,30771746.97,Overstock
DEM-127,0347 Morrow Avenue,Demizz,554-87-1854,84,Mercedes-Benz,E-Class,Khaki,2007,725040.78,43269-612,Dorena Coatham,Female,Librarian,520-135-7763,dcoatham89@abc.net.au,Tucson,United States,US,Arizona,8 2nd Trail,21-09-2018,21695-572,04-06-2019,Standard Class,Truck,85748,735854.69,1,0.6,mastercard,5.10E+15,Good,WH-MUM-01,31,16,1,46,9,13,6,5,3,725040.78,33351875.88,Overstock
JUM-344,627 Havey Drive,JumpXS,360-25-1937,103,Volkswagen,Passat,Mauv,2012,714281.6,55154-1855,Elladine Rivaland,Female,Executive Secretary,716-555-9600,erivaland8a@unblog.fr,Buffalo,United States,US,New York,5458 Maple Alley,10-01-2019,60512-6350,17-01-2019,Same Day,Air,14269,908766.53,2,0.33,mastercard,5.10E+15,Good,WH-CHN-01,33,20,1,52,9,11,2,4.4,2,714281.6,36428361.6,Overstock
FLI-305,474 Sunfield Alley,Flipopia,322-29-9723,72,Isuzu,Hombre,Crimson,1999,759318.3,49967-159,Griselda Ginnaly,Female,Sales Associate,954-456-3186,gginnaly8b@berkeley.edu,Miami,United States,US,Florida,9 Kennedy Way,06-07-2018,11410-800,08-03-2019,Second Class,Air,33169,890159.82,2,0.5,jcb,3.57E+15,Bad,WH-BLR-01,35,20,1,54,9,10,8,4,4,759318.3,40243869.9,Overstock
PLA-12,0664 Forest Dale Pass,Plajo,693-77-7892,103,Volkswagen,CC,Turquoise,2009,739678.91,55714-2252,Rasla Loch,Female,Actuary,804-422-4116,rlochgy@lycos.com,Richmond,United States,US,Virginia,46657 Hoard Street,01-11-2018,11523-7227,02-04-2019,Same Day,Air,23289,791102.8,1,0.66,jcb,3.55E+15,Very Bad,WH-MUM-01,25,15,1,39,10,14,5,5,5,739678.91,28847477.49,Overstock
AGI-194,9 Pennsylvania Crossing,Agimba,296-32-9525,99,Scion,xD,Blue,2011,558849.23,59746-211,Madonna Agge,Female,GIS Technical Architect,719-523-4709,magge8d@imdb.com,Pueblo,United States,US,Colorado,99 Derek Crossing,23-04-2019,54569-0322,22-02-2019,Second Class,Truck,81010,777353.71,1,0.65,bankcard,5.60E+15,Very Good,WH-MUM-01,21,19,1,39,8,15,2,5,2,558849.23,21795119.97,Overstock
ZAV-19,94529 Glacier Hill Lane,Zava,339-20-6980,99,Scion,xB,Pink,2005,751328.48,61047-817,Hart Martins,Male,Accounting Assistant II,520-854-6196,hmartins8e@sohu.com,Tucson,United States,US,Arizona,59 Hoffman Junction,09-03-2019,33992-0054,04-02-2019,First Class,Air,85754,889707.79,2,0.26,visa-electron,4.84E+15,Bad,WH-DEL-01,20,19,1,38,6,13,6,4,5,751328.48,27799153.76,Overstock
SKI-191,7813 Del Mar Terrace,Skinder,343-66-6270,51,Acura,TL,Pink,2007,516176.1,50436-4379,Maryl Jacquemard,Female,Graphic Designer,864-248-2548,mjacquemard8f@google.ru,Anderson,United States,US,South Carolina,83 Montana Park,03-03-2019,53950-7007,15-02-2019,Second Class,Air,29625,807218.78,1,0.66,switch,4.91E+15,Very Bad,WH-DEL-01,40,19,1,58,8,13,5,3.9,2,516176.1,29938213.8,Overstock
ROO-298,05 Pine View Place,Rooxo,280-59-1168,57,Buick,Century,Pink,1999,684551.32,42627-229,Sophey Chaves,Female,Information Systems Manager,785-699-5753,schaves8g@apple.com,Topeka,United States,US,Kansas,302 Eastlawn Junction,04-08-2018,40085-215,08-01-2019,First Class,Air,66611,914434.21,2,0.56,visa,4.02E+15,Okay,WH-BLR-01,35,16,1,50,8,14,5,4.2,5,684551.32,33543014.68,Overstock
TOP-350,1334 Logan Court,Topicstorm,694-43-6986,83,Mazda,MPV,Khaki,2006,753817.77,68703-004,Renell Spacy,Female,Actuary,915-966-6526,rspacy8h@mozilla.org,El Paso,United States,US,Texas,4811 Stone Corner Street,27-11-2018,16477-152,05-04-2019,First Class,Air,79905,840242.63,2,0.49,jcb,3.54E+15,Okay,WH-BLR-01,21,16,1,36,9,14,3,4.9,3,753817.77,26383621.95,Overstock
FEE-83,71 Artisan Alley,Feedbug,769-63-4799,84,Mercedes-Benz,M-Class,Khaki,2012,555110.84,65365-005,Augy Tindle,Male,Speech Pathologist,602-602-0085,atindle8i@mapquest.com,Phoenix,United States,US,Arizona,6 Drewry Center,06-07-2018,0258-3687,02-06-2019,Same Day,Truck,85053,900762.04,1,0.36,maestro,6.76E+18,Very Good,WH-BLR-01,21,20,1,40,8,15,5,4.7,5,555110.84,22204433.6,Overstock
LAT-337,01978 Macpherson Way,Latz,245-70-1648,88,Mitsubishi,Montero,Indigo,1999,616788.1,0641-0948,Ingelbert Huggill,Male,Assistant Media Planner,901-766-5518,ihuggill8j@blogspot.com,Memphis,United States,US,Tennessee,298 North Court,04-06-2019,66288-1300,30-01-2019,Standard Class,Air,38114,709584.53,2,0.86,jcb,3.54E+15,Very Bad,WH-BLR-01,24,20,1,43,10,14,6,4.3,5,616788.1,25905100.2,Overstock
JAB-117,577 Commercial Way,Jabberstorm,679-45-4846,102,Toyota,Highlander,Crimson,2003,587110.99,55154-3437,Sandor People,Male,Executive Secretary,816-953-4876,speople8k@lycos.com,Independence,United States,US,Missouri,246 Randy Junction,04-01-2019,0135-0504,11-01-2019,Same Day,Truck,64054,950305.24,1,0.69,jcb,3.56E+15,Bad,WH-MUM-01,32,15,1,46,8,14,5,4,5,587110.99,27007105.54,Overstock
JAB-259,94869 Dexter Place,Jabbercube,514-83-2487,57,Buick,Park Avenue,Yellow,2002,795774,59779-224,Alain Kettell,Male,VP Quality Control,307-725-0907,akettell8l@qq.com,Cheyenne,United States,US,Wyoming,9 5th Road,11-11-2018,10812-510,29-01-2019,Second Class,Air,82007,785863.89,2,0.43,visa-electron,4.18E+15,Okay,WH-DEL-01,23,19,1,41,10,10,6,3.9,3,795774,31830960,Overstock
TAG-247,72 Lakewood Gardens Way,Tagtune,835-49-5284,68,GMC,Rally Wagon 1500,Indigo,1993,511962.97,0268-6635,Clayborn Matyukon,Male,Data Coordiator,217-131-9118,cmatyukon8m@mashable.com,Champaign,United States,US,Illinois,3894 Westend Road,04-02-2019,54868-5768,27-01-2019,Same Day,Truck,61825,941761.7,2,0.44,jcb,3.59E+15,Very Bad,WH-DEL-01,35,15,1,49,10,14,5,4.3,3,511962.97,24574222.56,Overstock
THO-248,750 Gale Drive,Thoughtbeat,651-29-0884,102,Toyota,4Runner,Pink,2000,787155.62,54569-2483,Tammy Orvis,Male,Research Associate,810-861-2102,torvis8n@independent.co.uk,Flint,United States,US,Michigan,325 Onsgard Avenue,08-08-2018,10096-9182,21-01-2019,Standard Class,Air,48550,863064.52,1,0.52,visa-electron,4.03E+15,Okay,WH-MUM-01,39,20,1,58,8,13,9,3.8,3,787155.62,45655025.96,Overstock
GAB-28,52575 Monterey Way,Gabspot,864-45-4899,63,Dodge,Neon,Blue,2002,557648.01,16477-811,Ludwig Hovert,Male,Research Associate,719-478-5077,lhovert8o@nymag.com,Colorado Springs,United States,US,Colorado,0390 Bobwhite Terrace,04-05-2019,65862-526,14-02-2019,Same Day,Truck,80925,727229.7,1,0.4,bankcard,5.60E+15,Bad,WH-CHN-01,33,18,1,50,6,11,10,4.3,5,557648.01,27882400.5,Overstock
RIF-105,67 Muir Pass,Riffpedia,114-78-5085,68,GMC,Yukon XL 1500,Violet,2009,626592.77,52544-044,Rupert Ropcke,Male,Web Developer II,806-750-7979,rropcke8p@ihg.com,Lubbock,United States,US,Texas,0 Prentice Place,18-01-2019,49884-650,18-02-2019,First Class,Air,79491,741782.1,2,0.41,americanexpress,3.74E+14,Very Good,WH-DEL-01,33,15,1,47,6,10,4,3.6,3,626592.77,28823267.42,Overstock
BAB-125,75927 Carberry Lane,Babbleblab,201-25-9822,84,Mercedes-Benz,CLK-Class,Blue,2007,551141.75,55711-066,Dennison Chaytor,Male,Design Engineer,630-300-0865,dchaytor5e@hc360.com,Naperville,United States,US,Illinois,3263 Meadow Vale Road,01-05-2019,14783-438,27-03-2019,Standard Class,Truck,60567,913921.34,1,0.65,jcb,3.57E+15,Very Good,WH-KOL-01,28,19,1,46,8,15,9,3.8,2,551141.75,25352520.5,Overstock
SKI-269,7 Saint Paul Way,Skinte,617-91-5193,102,Toyota,Avalon,Violet,2002,570870.44,70253-348,Crissie Snasdell,Female,Systems Administrator III,503-968-8316,csnasdell8r@linkedin.com,Portland,United States,US,Oregon,06437 Manitowish Street,05-07-2018,56062-027,15-06-2019,Second Class,Truck,97296,910628.21,1,0.58,jcb,3.54E+15,Very Good,WH-BLR-01,31,19,1,49,8,12,2,4.3,4,570870.44,27972651.56,Overstock
AVA-295,2806 Pleasure Drive,Avamm,637-01-6190,78,Lexus,CT,Teal,2011,507645.68,64406-016,Archer Cocks,Male,Structural Analysis Engineer,612-402-9869,acocks8s@rambler.ru,Minneapolis,United States,US,Minnesota,24 Mayer Pass,18-11-2018,76075-101,23-01-2019,Second Class,Truck,55441,707835.38,2,0.8,jcb,3.58E+15,Okay,WH-CHN-01,37,18,1,54,9,11,6,4.3,3,507645.68,26905221.04,Overstock
KAZ-13,38 Gulseth Terrace,Kazu,629-11-7458,100,Subaru,Impreza,Khaki,1996,552478.67,0713-0166,Annmaria Thireau,Female,Biostatistician II,334-697-1884,athireau8t@google.es,Montgomery,United States,US,Alabama,23304 Village Trail,18-02-2019,63304-445,12-03-2019,Same Day,Truck,36104,967120,2,0.75,jcb,3.56E+15,Bad,WH-KOL-01,26,16,1,41,10,15,10,3.9,3,552478.67,22099146.8,Overstock
BRA-273,4138 Lakewood Circle,Brainlounge,347-74-2934,93,Pontiac,Firebird,Violet,1989,525865.77,55154-6754,Beau Hinkens,Male,Pharmacist,646-165-4434,bhinkensr7@go.com,New York City,United States,US,New York,398 Jackson Drive,30-04-2019,50730-5101,19-04-2019,Same Day,Truck,10270,733988.39,2,0.81,visa-electron,4.41E+15,Good,WH-BLR-01,33,19,1,51,6,14,10,4.4,4,525865.77,26293288.5,Overstock
SKI-171,1506 Montana Circle,Skiptube,424-76-5495,59,Chevrolet,APV,Mauv,1993,755891.68,67938-1397,Clarissa Bruniges,Female,Recruiting Manager,303-939-5642,cbruniges8v@issuu.com,Aurora,United States,US,Colorado,17 Dunning Circle,04-02-2019,49288-0456,08-01-2019,First Class,Air,80045,801288.15,2,0.43,jcb,3.58E+15,Good,WH-CHN-01,33,17,1,49,9,10,6,4.5,5,755891.68,36282800.64,Overstock
ZOO-275,038 Sauthoff Place,Zoonder,890-59-0335,65,Ferrari,612 Scaglietti,Turquoise,2009,695267.57,54838-144,Misha Schrader,Female,Financial Analyst,901-136-7802,mschrader8w@reference.com,Memphis,United States,US,Tennessee,0 Rieder Terrace,18-12-2018,54057-682,18-01-2019,Standard Class,Truck,38168,771700.35,1,0.6,jcb,3.56E+15,Good,WH-MUM-01,26,15,1,40,9,11,8,3.6,2,695267.57,27810702.8,Overstock
SKI-269,47413 Pleasure Alley,Skinte,585-25-3757,70,Hyundai,Veracruz,Khaki,2009,631171.71,53113-266,Carine Watman,Female,Statistician I,731-339-1951,cwatman8x@wix.com,Jackson,United States,US,Tennessee,89330 Melvin Street,15-02-2019,35356-197,07-02-2019,Standard Class,Air,38308,701737.03,1,0.27,china-unionpay,5.60E+17,Okay,WH-MUM-01,20,17,1,36,9,12,7,4.8,3,631171.71,22722181.56,Overstock
DIG-193,80522 Caliangt Trail,Digitube,132-47-6371,90,Nissan,Frontier,Aquamarine,2001,625121.09,0268-0807,Man Ollet,Male,Budget/Accounting Analyst III,281-929-6859,mollet8y@bbc.co.uk,Spring,United States,US,Texas,487 Magdeline Way,23-05-2019,52083-601,02-04-2019,First Class,Truck,77388,762009.87,1,0.3,jcb,3.58E+15,Okay,WH-DEL-01,23,18,1,40,8,13,2,4.5,2,625121.09,25004843.6,Overstock
MID-292,25888 Scoville Street,Midel,407-25-1568,92,Plymouth,Laser,Crimson,1989,610866.9,60681-1002,Sisile Jammet,Female,Community Outreach Specialist,209-630-9698,sjammeten@reference.com,Visalia,United States,US,California,7 Stoughton Court,01-10-2018,55711-070,24-04-2019,First Class,Air,93291,899138.27,2,0.74,americanexpress,3.74E+14,Bad,WH-CHN-01,23,16,1,38,9,13,6,4.3,2,610866.9,22602075.3,Overstock
EIM-37,7 Sundown Pass,Eimbee,478-81-7750,53,Audi,4000,Fuscia,1987,648966.12,0378-6201,Thorvald Perry,Male,Senior Developer,336-892-5724,tperry90@cloudflare.com,Winston Salem,United States,US,North Carolina,99 Rusk Center,11-11-2018,65044-6518,26-03-2019,First Class,Truck,27110,862363.21,2,0.75,jcb,3.53E+15,Very Good,WH-MUM-01,38,19,1,56,7,13,6,4.3,4,648966.12,35693136.6,Overstock
SKY-153,7 Anzinger Street,Skyvu,358-59-7146,83,Mazda,626,Aquamarine,1991,657876.89,98132-728,Normie Ghelardoni,Male,Biostatistician IV,802-977-7779,nghelardoni91@rakuten.co.jp,Montpelier,United States,US,Vermont,851 Melvin Court,17-03-2019,0228-2801,02-01-2019,Same Day,Truck,5609,965791.62,2,0.39,solo,6.77E+18,Bad,WH-MUM-01,26,17,1,42,10,15,4,4.3,5,657876.89,26972952.49,Overstock
TWI-154,344 Redwing Lane,Twitterworks,274-42-8908,104,Volvo,C70,Goldenrod,2009,761972.23,0023-4964,Flss Darker,Female,Design Engineer,727-155-1700,fdarker92@eventbrite.com,Clearwater,United States,US,Florida,493 Graceland Terrace,08-08-2018,52054-512,13-03-2019,Same Day,Air,33763,994486.13,1,0.87,diners-club-enroute,2.02E+14,Good,WH-DEL-01,31,18,1,48,6,13,3,4.4,2,761972.23,36574667.04,Overstock
FLI-305,989 Michigan Center,Flipopia,521-68-4174,66,Ford,Flex,Mauv,2012,568006.05,61657-0959,Tabbitha Redmain,Female,Geological Engineer,727-526-0343,tredmain93@jiathis.com,Clearwater,United States,US,Florida,68 Russell Street,09-03-2019,43857-0294,16-03-2019,Same Day,Truck,34620,828011.87,1,0.46,china-unionpay,5.60E+15,Very Bad,WH-DEL-01,22,15,1,36,10,12,6,4.2,3,568006.05,20448217.8,Overstock
ZOO-172,576 Buell Road,Zoombeat,395-97-1152,63,Dodge,Avenger,Yellow,1996,543943.57,42291-897,Lurlene Naldrett,Female,Physical Therapy Assistant,208-763-0506,lnaldrettml@yellowpages.com,Boise,United States,US,Idaho,15 Lunder Parkway,17-02-2019,55154-6270,13-01-2019,Standard Class,Truck,83722,726796.18,1,0.25,diners-club-carte-blanche,3.02E+13,Good,WH-DEL-01,38,16,1,53,7,15,9,4.7,2,543943.57,28829009.21,Overstock
FEE-197,924 Ryan Parkway,Feednation,540-24-4522,59,Chevrolet,Corvette,Purple,1962,600728.74,60505-0265,Linet Bastock,Female,Civil Engineer,212-446-0443,lbastock95@rambler.ru,New York City,United States,US,New York,20616 Dakota Point,03-06-2019,0591-5621,17-03-2019,Second Class,Air,10115,775084.2,2,0.56,diners-club-carte-blanche,3.05E+13,Bad,WH-MUM-01,26,15,1,40,6,15,6,4.1,5,600728.74,23428420.86,Overstock
THO-248,36 Clarendon Pass,Thoughtbeat,825-86-8630,88,Mitsubishi,Lancer,Blue,2004,769727.99,46123-039,Dominick Holdforth,Male,Engineer IV,410-617-9937,dholdforth96@auda.org.au,Baltimore,United States,US,Maryland,5 Prairie Rose Center,08-03-2019,49349-206,01-01-2019,Same Day,Air,21203,964975.62,2,0.54,jcb,3.57E+15,Good,WH-MUM-01,38,19,1,56,8,13,7,3.6,5,769727.99,42335039.45,Overstock
EDG-356,523 Summerview Way,Edgewire,670-45-8110,70,Hyundai,Elantra,Aquamarine,2006,627881.84,59779-405,Elizabet Barthot,Female,Desktop Support Technician,701-620-6460,ebarthot97@wikispaces.com,Fargo,United States,US,North Dakota,53 Coleman Avenue,23-10-2018,55289-962,06-01-2019,Same Day,Air,58106,884036.61,2,0.26,china-unionpay,5.60E+15,Very Bad,WH-CHN-01,29,17,1,45,6,15,4,3.8,5,627881.84,27626800.96,Overstock
JAY-67,72 Rigney Parkway,Jayo,412-93-5172,84,Mercedes-Benz,S-Class,Blue,1985,633339.32,0363-9170,Oliy Kelloway,Female,Senior Sales Associate,612-875-7257,okelloway98@icio.us,Minneapolis,United States,US,Minnesota,83 Maple Place,03-04-2019,44911-0014,05-02-2019,Standard Class,Truck,55446,938473.12,1,0.87,diners-club-enroute,2.01E+14,Okay,WH-MUM-01,36,15,1,50,9,14,2,4,4,633339.32,31666966,Overstock
AIV-317,759 Sachs Junction,Aivee,449-80-4246,101,Suzuki,Daewoo Magnus,Puce,2005,701889.62,41163-120,Eudora Brumbie,Female,Automation Specialist I,682-394-9956,ebrumbie99@uol.com.br,Fort Worth,United States,US,Texas,96848 Thackeray Plaza,02-09-2018,68828-067,02-01-2019,Standard Class,Truck,76198,708309.06,2,0.38,jcb,3.53E+15,Very Good,WH-CHN-01,20,19,1,38,9,10,2,4.1,4,701889.62,25969915.94,Overstock
YOD-96,57 Harper Point,Yodo,237-23-4929,78,Lexus,RX,Aquamarine,2002,725936.35,54569-0843,Matilda Kegan,Female,VP Sales,773-697-9188,mkegan9a@github.com,Chicago,United States,US,Illinois,439 Mallory Place,16-02-2019,52125-531,03-01-2019,Second Class,Air,60657,956996.66,2,0.62,visa,4.14E+15,Very Good,WH-CHN-01,39,20,1,58,8,11,4,3.9,4,725936.35,41378371.95,Overstock
SKI-57,2285 Lighthouse Bay Point,Skipstorm,172-43-5210,88,Mitsubishi,Truck,Maroon,1985,538074.63,49778-002,Agnes Woolmer,Female,Analyst Programmer,406-956-0909,awoolmer9b@webnode.com,Bozeman,United States,US,Montana,63388 New Castle Junction,03-05-2019,61601-1127,23-03-2019,Second Class,Air,59771,849317.03,1,0.4,visa,4.04E+12,Bad,WH-KOL-01,23,19,1,41,10,11,8,4.1,5,538074.63,22061059.83,Overstock
INN-259,4372 Upham Drive,InnoZ,415-48-2318,63,Dodge,Avenger,Yellow,1996,570705.28,0065-0530,Zebadiah Kewzick,Male,Media Manager III,801-624-0463,zkewzick9c@bing.com,Salt Lake City,United States,US,Utah,431 Butterfield Crossing,12-07-2018,76049-620,27-03-2019,First Class,Truck,84199,781518.73,2,0.36,jcb,3.58E+15,Okay,WH-KOL-01,28,17,1,44,9,12,9,4.2,3,570705.28,24540327.04,Overstock
CEN-278,0117 Springview Junction,Centizu,657-42-2409,85,Mercury,Cougar,Aquamarine,1967,726377.48,55154-4651,Jeffrey Toye,Male,Structural Engineer,612-720-9471,jtoye9d@printfriendly.com,Minneapolis,United States,US,Minnesota,25 Division Plaza,03-10-2018,42254-065,25-02-2019,Standard Class,Air,55428,745537.8,1,0.77,jcb,3.56E+15,Okay,WH-BLR-01,25,19,1,43,10,13,8,4.2,2,726377.48,31234231.64,Overstock
DEV-223,13 Ridge Oak Trail,Devcast,832-35-5973,57,Buick,LaCrosse,Turquoise,2007,607930.71,0187-1221,Eric Kleinert,Male,Automation Specialist I,801-151-8122,ekleinert9e@redcross.org,Salt Lake City,United States,US,Utah,13 American Ash Drive,13-09-2018,0573-1915,04-06-2019,Standard Class,Air,84135,707110.84,2,0.27,jcb,3.56E+15,Very Bad,WH-KOL-01,30,18,1,47,10,12,5,4,2,607930.71,27964812.66,Overstock
TWI-70,5 Lerdahl Hill,Twitterwire,539-20-5922,83,Mazda,MPV,Green,2004,553002.61,59779-574,Emmit Loder,Male,Dental Hygienist,865-756-3584,eloder9f@dailymail.co.uk,Knoxville,United States,US,Tennessee,317 Killdeer Road,02-10-2018,50436-2899,15-03-2019,Second Class,Air,37939,788921.1,1,0.51,visa,4.31E+15,Bad,WH-BLR-01,37,19,1,55,6,11,5,4.1,4,553002.61,30415143.55,Overstock
VIM-101,30650 Magdeline Way,Vimbo,339-75-6952,88,Mitsubishi,Pajero,Orange,2004,738187.94,55289-531,Delbert Farmery,Male,Registered Nurse,954-364-8053,dfarmery9g@bloglines.com,Fort Lauderdale,United States,US,Florida,7 Commercial Center,25-08-2018,0378-1150,15-04-2019,Same Day,Air,33330,792887.07,1,0.65,jcb,3.53E+15,Okay,WH-CHN-01,36,20,1,55,6,10,10,4.5,2,738187.94,40600336.7,Overstock
TRI-284,4 Springs Lane,Trilith,731-66-4280,60,Chrysler,Crossfire Roadster,Mauv,2006,546271.67,60429-288,Robert Vicarey,Male,Nurse Practicioner,512-454-8287,rvicarey9h@buzzfeed.com,Austin,United States,US,Texas,000 Amoth Alley,25-03-2019,52810-702,29-04-2019,Second Class,Air,78764,851604.84,1,0.39,maestro,6.05E+17,Very Good,WH-KOL-01,34,17,1,50,6,14,9,4.7,4,546271.67,27313583.5,Overstock
NTA-292,3 Blue Bill Park Circle,Ntag,723-07-2473,84,Mercedes-Benz,SL-Class,Blue,2011,645402.68,54868-6162,Colby Pittendreigh,Male,Professor,510-334-8931,cpittendreighfl@unc.edu,Oakland,United States,US,California,4676 Anzinger Place,22-08-2018,0085-1110,06-03-2019,Same Day,Truck,94611,938371.34,2,0.56,china-unionpay,5.60E+16,Okay,WH-DEL-01,21,19,1,39,9,10,6,3.9,5,645402.68,24525301.84,Overstock
KAY-102,4969 Main Parkway,Kayveo,862-38-4615,79,Lincoln,Mark VIII,Khaki,1994,646473.91,36987-1248,Opal Leynham,Female,Social Worker,305-111-7318,oleynham9j@wordpress.org,Miami Beach,United States,US,Florida,680 Mendota Trail,11-12-2018,53499-5149,01-03-2019,Same Day,Air,33141,703143.18,1,0.6,jcb,3.58E+15,Very Good,WH-MUM-01,29,15,1,43,6,12,9,4.3,3,646473.91,27798378.13,Overstock
LIV-47,6300 Waubesa Center,Livetube,587-23-0953,102,Toyota,Previa,Purple,1995,603356.29,51079-086,Aluino Jodkowski,Male,Graphic Designer,317-959-1081,ajodkowskimx@networkadvertising.org,Indianapolis,United States,US,Indiana,381 Monica Lane,06-02-2019,64942-1160,01-05-2019,Second Class,Air,46278,915587.23,2,0.85,jcb,3.53E+15,Okay,WH-CHN-01,23,17,1,39,6,13,2,3.5,5,603356.29,22927539.02,Overstock
BUB-155,4169 Milwaukee Center,Bubbletube,649-58-4696,55,Bentley,Continental,Aquamarine,2008,712682.73,64159-7693,Rip Aspinell,Male,Marketing Manager,512-917-7223,raspinell9l@nydailynews.com,Austin,United States,US,Texas,78 Claremont Park,20-01-2019,51655-439,30-01-2019,First Class,Air,78769,799003.87,1,0.56,jcb,3.58E+15,Okay,WH-CHN-01,24,19,1,42,10,15,8,4.9,5,712682.73,29932674.66,Overstock
QUA-195,56 Bobwhite Park,Quamba,576-86-4243,55,Bentley,Continental GTC,Puce,2011,704832.56,61919-992,Perry Kirimaa,Male,Business Systems Development Analyst,907-626-0193,pkirimaa9m@cbsnews.com,Juneau,United States,US,Alaska,576 Kingsford Street,06-06-2019,61328-001,14-04-2019,Second Class,Air,99812,988207.53,2,0.52,laser,6.71E+15,Good,WH-DEL-01,24,18,1,41,8,10,5,4.6,3,704832.56,28193302.4,Overstock
TWI-126,34 Hoffman Parkway,Twimbo,295-01-6025,53,Audi,5000S,Aquamarine,1987,550033.01,48951-8160,Keith Crickett,Male,Senior Editor,919-509-4728,kcrickett9n@skype.com,Durham,United States,US,North Carolina,56 Schmedeman Place,14-02-2019,54868-6366,31-05-2019,Second Class,Truck,27710,995483.27,2,0.45,diners-club-enroute,2.02E+14,Good,WH-CHN-01,39,18,1,56,7,13,7,4.2,3,550033.01,30251815.55,Overstock
OYO-30,9 Aberg Pass,Oyondu,709-84-4340,100,Subaru,Impreza WRX,Fuscia,2010,732058.61,30142-733,Karolina Churcher,Female,Social Worker,813-436-5461,kchurcher9o@bloglines.com,Zephyrhills,United States,US,Florida,16 Atwood Center,05-12-2018,0555-0286,14-06-2019,Standard Class,Air,33543,880508.47,2,0.76,jcb,3.55E+15,Very Good,WH-BLR-01,23,15,1,37,7,14,7,4.2,5,732058.61,26354109.96,Overstock
FEE-95,0734 Memorial Circle,Feedmix,238-97-4452,63,Dodge,Intrepid,Pink,1999,796249.69,43063-051,Page Rotherforth,Female,VP Accounting,406-174-6582,protherforth9p@hostgator.com,Missoula,United States,US,Montana,12447 Merrick Park,27-09-2018,49035-150,27-02-2019,First Class,Truck,59806,851585.1,1,0.59,diners-club-carte-blanche,3.06E+13,Good,WH-MUM-01,38,19,1,56,6,11,7,4,5,796249.69,44589982.64,Overstock
FEE-72,43104 Clove Place,Feedfish,146-56-0855,59,Chevrolet,Caprice,Violet,1995,575973.51,50300-010,Yancy Plowell,Male,Web Designer IV,970-687-2368,yplowell9q@cbc.ca,Greeley,United States,US,Colorado,59 Thackeray Court,30-06-2018,24236-004,02-05-2019,Same Day,Air,80638,989778.2,2,0.34,jcb,3.53E+15,Very Good,WH-KOL-01,40,16,1,55,6,15,3,4.6,3,575973.51,31102569.54,Overstock
THO-70,448 Marcy Junction,Thoughtsphere,708-10-7891,66,Ford,Aspire,Orange,1996,547318.93,53603-1006,Caesar Fuzzens,Male,Junior Executive,763-252-6435,cfuzzens9r@photobucket.com,Monticello,United States,US,Minnesota,32031 Hermina Alley,19-12-2018,0220-9322,16-06-2019,First Class,Air,55590,773862.24,2,0.41,mastercard,5.10E+15,Okay,WH-MUM-01,31,16,1,46,8,11,3,4.8,2,547318.93,24629351.85,Overstock
FEE-339,9074 Carberry Park,Feedspan,832-88-7009,88,Mitsubishi,Truck,Yellow,1991,509977.97,54868-4986,Wyn Grassin,Male,VP Accounting,302-448-4966,wgrassin9s@behance.net,Wilmington,United States,US,Delaware,88 Doe Crossing Plaza,02-07-2018,33261-460,22-03-2019,Standard Class,Air,19810,832447.02,1,0.86,diners-club-us-ca,5.49E+15,Good,WH-KOL-01,28,18,1,45,7,12,10,4.3,4,509977.97,22949008.65,Overstock
REA-238,4 Dakota Plaza,Realpoint,569-81-2051,99,Scion,iQ,Goldenrod,2012,527372.53,0498-0401,Gar Vernall,Male,Assistant Media Planner,724-342-7649,gvernallfj@nps.gov,New Castle,United States,US,Pennsylvania,4012 Mesta Avenue,19-12-2018,49349-334,18-02-2019,First Class,Truck,16107,740278.41,1,0.87,switch,6.33E+18,Good,WH-DEL-01,37,15,1,51,6,13,8,4,3,527372.53,26895999.03,Overstock
TOP-16,155 Ridgeview Crossing,Topiczoom,198-06-5450,103,Volkswagen,Jetta,Orange,1995,518274.67,53877-009,Jodee Bouskill,Female,Food Chemist,304-233-3877,jbouskill9u@columbia.edu,Charleston,United States,US,West Virginia,5490 Darwin Point,11-12-2018,51452-004,25-01-2019,Second Class,Truck,25336,906612.81,1,0.42,china-unionpay,5.60E+17,Okay,WH-DEL-01,25,16,1,40,7,14,5,4.4,5,518274.67,20730986.8,Overstock
BUZ-13,2116 Canary Plaza,Buzzshare,815-62-0700,71,Infiniti,EX,Blue,2010,599404.24,0268-6701,Quentin Churchill,Male,Nuclear Power Engineer,646-507-2400,qchurchillpm@phoca.cz,Brooklyn,United States,US,New York,2 Mcbride Terrace,21-07-2018,42998-974,05-02-2019,Same Day,Air,11215,992267.51,1,0.87,diners-club-carte-blanche,3.00E+13,Very Bad,WH-DEL-01,28,18,1,45,9,14,4,3.7,4,599404.24,26973190.8,Overstock
SKY-8,799 Hoffman Road,Skyba,314-36-3449,79,Lincoln,Aviator,Orange,2004,707799.97,0178-0370,Fair Ingry,Male,Web Designer IV,603-501-8133,fingry9w@posterous.com,Portsmouth,United States,US,New Hampshire,64137 Pond Circle,08-02-2019,59958-200,21-02-2019,Second Class,Truck,3804,974405.96,1,0.53,jcb,3.54E+15,Okay,WH-DEL-01,28,16,1,43,10,14,9,3.9,2,707799.97,30435398.71,Overstock
YOD-96,42967 Upham Place,Yodo,892-34-4315,57,Buick,Roadmaster,Purple,1993,721342.12,50458-515,Nate Batcock,Male,Tax Accountant,970-590-1597,nbatcock9x@issuu.com,Grand Junction,United States,US,Colorado,2852 Mockingbird Crossing,31-03-2019,43419-803,19-01-2019,Standard Class,Truck,81505,935036.58,1,0.38,diners-club-enroute,2.02E+14,Good,WH-MUM-01,28,20,1,47,10,15,8,4.4,2,721342.12,33903079.64,Overstock
BAB-285,5906 Pond Circle,Babbleopia,861-05-9707,83,Mazda,626,Indigo,1990,780134.65,55111-396,Katherina Colmer,Female,Account Representative II,786-880-8947,kcolmer9y@thetimes.co.uk,Miami,United States,US,Florida,01 Oneill Park,23-10-2018,37205-186,03-06-2019,Same Day,Truck,33111,791753.05,1,0.57,switch,4.90E+18,Very Bad,WH-BLR-01,21,19,1,39,10,11,3,4,2,780134.65,30425251.35,Overstock
BLU-113,677 Surrey Park,Bluejam,233-98-2395,90,Nissan,Pathfinder Armada,Turquoise,2004,707254.79,65923-703,Velma Windrus,Female,Pharmacist,816-863-4515,vwindrus9z@wisc.edu,Kansas City,United States,US,Missouri,510 Graceland Court,04-03-2019,67457-238,03-02-2019,Standard Class,Truck,64193,786057.61,1,0.41,jcb,3.53E+15,Okay,WH-KOL-01,29,15,1,43,7,11,4,4.1,4,707254.79,30411955.97,Overstock
EDG-222,1 Calypso Way,Edgeify,174-18-0829,102,Toyota,4Runner,Mauv,2006,537191.11,41520-981,Cordelie Maes,Female,Actuary,478-973-9273,cmaesbf@soundcloud.com,Macon,United States,US,Georgia,5063 Hagan Way,15-02-2019,0781-2694,01-06-2019,First Class,Air,31296,940724.28,2,0.36,jcb,3.55E+15,Bad,WH-KOL-01,29,20,1,48,7,10,2,4.8,4,537191.11,25247982.17,Overstock
YOU-192,9545 Goodland Junction,Youbridge,441-40-7398,103,Volkswagen,Scirocco,Purple,1985,585686.01,0555-9027,Aron Pauler,Male,Speech Pathologist,913-546-2879,apaulera1@bbc.co.uk,Shawnee Mission,United States,US,Kansas,01 Homewood Hill,25-04-2019,65663-019,14-04-2019,Second Class,Air,66210,915764.49,1,0.67,diners-club-us-ca,5.42E+15,Okay,WH-KOL-01,22,18,1,39,6,15,6,3.8,3,585686.01,22841754.39,Overstock
RHY-62,14 Corry Lane,Rhycero,196-88-0609,91,Oldsmobile,Silhouette,Aquamarine,2004,751875.79,68647-167,Dorette Deverale,Female,Marketing Assistant,651-480-8222,ddeveralea2@techcrunch.com,Saint Paul,United States,US,Minnesota,2510 Del Mar Way,24-04-2019,0440-1481,30-05-2019,First Class,Air,55108,845809.84,2,0.68,instapayment,6.38E+15,Okay,WH-CHN-01,35,17,1,51,8,12,9,3.8,2,751875.79,37593789.5,Overstock
BLO-159,602 Loomis Crossing,Blogspan,138-24-9961,70,Hyundai,Elantra,Violet,1997,767048.82,15828-106,Nicola Tolchar,Male,Research Nurse,812-558-3721,ntolchara3@hhs.gov,Evansville,United States,US,Indiana,2 Birchwood Park,10-09-2018,55910-975,06-01-2019,Standard Class,Air,47719,889264.23,2,0.56,diners-club-us-ca,5.47E+15,Okay,WH-CHN-01,29,19,1,47,7,14,9,4.6,2,767048.82,35284245.72,Overstock
KAN-79,98916 Blue Bill Park Trail,Kanoodle,665-26-5875,73,Jaguar,S-Type,Violet,2006,669939.89,67938-0904,Brit Haville,Male,Project Manager,661-811-9656,bhavillea4@newyorker.com,Bakersfield,United States,US,California,90947 Donald Parkway,14-02-2019,0179-0128,27-03-2019,Standard Class,Air,93311,948461.94,1,0.76,diners-club-enroute,2.01E+14,Very Good,WH-DEL-01,33,17,1,49,8,15,2,3.9,4,669939.89,32827054.61,Overstock
REA-315,9 Spenser Avenue,Realbridge,457-27-6078,80,Lotus,Esprit,Violet,1988,667579.26,0179-0080,Ryann Kinney,Female,Accounting Assistant IV,214-632-4099,rkinneya5@home.pl,Dallas,United States,US,Texas,64216 Havey Alley,22-07-2018,0264-9010,03-01-2019,Second Class,Truck,75387,886738.54,2,0.36,diners-club-enroute,2.02E+14,Okay,WH-CHN-01,21,20,1,40,7,10,9,4.3,3,667579.26,26035591.14,Overstock
QUI-261,58 Haas Hill,Quimm,481-21-9047,63,Dodge,Neon,Pink,1996,588320.23,42254-305,Lorrie Grover,Female,Analog Circuit Design manager,850-167-2610,lgrovera6@goodreads.com,Pensacola,United States,US,Florida,84 Thompson Parkway,08-03-2019,64117-979,15-01-2019,Same Day,Air,32575,958091.59,2,0.67,mastercard,5.12E+15,Bad,WH-MUM-01,32,16,1,47,10,10,7,4.7,4,588320.23,27062730.58,Overstock
WIK-21,5 Cordelia Pass,Wikizz,768-82-4144,59,Chevrolet,Cobalt SS,Green,2009,610710.37,0363-1298,Leopold Shorto,Male,Teacher,559-565-1007,lshorto8u@va.gov,Fullerton,United States,US,California,90164 Mitchell Point,01-10-2018,43269-834,02-06-2019,Second Class,Truck,92640,927475.94,1,0.66,visa-electron,4.51E+15,Bad,WH-KOL-01,32,20,1,51,7,11,8,4.1,3,610710.37,31146228.87,Overstock
MEE-167,335 Jay Trail,Meetz,405-70-6603,56,BMW,Z3,Green,2001,552085.33,15127-550,Germaine Quincey,Female,Accountant I,202-125-5205,gquinceyco@dell.com,Washington,United States,US,District of Columbia,16885 Forest Drive,22-05-2019,0093-0173,06-05-2019,First Class,Air,20067,898100.59,1,0.5,mastercard,5.11E+15,Good,WH-DEL-01,37,17,1,53,10,14,6,4.2,3,552085.33,29260522.49,Overstock
JET-234,17471 Glacier Hill Place,Jetwire,823-89-9741,69,Honda,Civic Si,Mauv,2006,596253.97,52584-626,Brenda Leggat,Female,Research Associate,206-315-9268,bleggata9@si.edu,Seattle,United States,US,Washington,365 Rieder Point,21-02-2019,55154-0680,26-04-2019,Second Class,Air,98148,956331.73,2,0.66,jcb,3.53E+15,Good,WH-CHN-01,20,17,1,36,7,11,8,4.4,5,596253.97,20868888.95,Overstock
TOP-60,996 Bluejay Lane,Topdrive,469-15-9131,83,Mazda,Miata MX-5,Pink,2012,596923.45,57664-203,Aurora Vinnick,Female,Pharmacist,574-620-3789,avinnickaa@issuu.com,South Bend,United States,US,Indiana,4 Blaine Street,17-04-2019,49999-059,11-04-2019,Standard Class,Air,46699,828957.88,2,0.59,jcb,3.57E+15,Good,WH-MUM-01,32,16,1,47,8,10,6,3.8,2,596923.45,27458478.7,Overstock
JAB-261,6130 Southridge Center,Jabberbean,311-61-4354,59,Chevrolet,Malibu,Mauv,1999,511513.78,21695-015,Julianne Hatliffe,Female,Information Systems Manager,214-386-0537,jhatliffeab@ustream.tv,Dallas,United States,US,Texas,51 Anzinger Point,18-04-2019,54473-231,10-05-2019,Same Day,Air,75379,847864.16,2,0.55,switch,6.33E+17,Very Bad,WH-MUM-01,27,17,1,43,8,13,3,4.9,4,511513.78,21483578.76,Overstock
PIX-247,8 Dixon Place,Pixoboo,447-09-8553,59,Chevrolet,Suburban 2500,Aquamarine,2007,537180.8,10705-077,Selie Hurkett,Female,Biostatistician III,425-214-6202,shurkettac@g.co,Seattle,United States,US,Washington,713 Rutledge Crossing,27-11-2018,10202-384,22-05-2019,Same Day,Truck,98140,983226.72,1,0.36,diners-club-enroute,2.02E+14,Bad,WH-MUM-01,39,17,1,55,9,11,5,4.6,4,537180.8,29544944,Overstock
KWI-120,79185 West Alley,Kwilith,697-38-4356,53,Audi,A4,Khaki,1998,536212.88,55316-994,Emilio Bontoft,Male,Dental Hygienist,239-983-3689,ebontoftad@uiuc.edu,Naples,United States,US,Florida,3124 East Terrace,31-07-2018,60637-013,01-05-2019,Standard Class,Truck,34102,719805.59,2,0.37,jcb,3.57E+15,Very Bad,WH-CHN-01,32,19,1,50,6,15,6,4.1,5,536212.88,26274431.12,Overstock
FEE-83,06441 Hagan Lane,Feedbug,333-44-2991,66,Ford,Transit Connect,Purple,2010,669805.49,15127-335,Erica Letham,Female,Web Developer IV,323-839-1496,elethamae@japanpost.jp,Los Angeles,United States,US,California,7953 South Alley,05-10-2018,54868-1093,10-04-2019,Second Class,Truck,90060,862525.33,1,0.61,jcb,3.53E+15,Good,WH-BLR-01,40,17,1,56,6,11,9,4,2,669805.49,37509107.44,Overstock
FLI-305,42206 Utah Park,Flipopia,598-42-8987,74,Jeep,Wrangler,Maroon,1993,779153.66,52125-794,Max Baxstare,Female,Nurse,202-409-5919,mbaxstarek4@cafepress.com,Washington,United States,US,District of Columbia,1422 Everett Point,08-03-2019,0187-2617,21-03-2019,Same Day,Air,20557,945054.68,2,0.5,americanexpress,3.74E+14,Very Good,WH-MUM-01,30,18,1,47,9,14,9,4.8,3,779153.66,35841068.36,Overstock
BLO-159,99 Talisman Way,Blogspan,710-32-6408,73,Jaguar,XK,Crimson,2009,552255.48,54295-307,Kareem Wayper,Male,Director of Sales,727-146-5796,kwayperag@vk.com,Saint Petersburg,United States,US,Florida,53 Northview Avenue,10-04-2019,54868-0268,12-01-2019,Standard Class,Truck,33715,894084.33,2,0.71,switch,4.90E+15,Very Good,WH-BLR-01,34,15,1,48,6,14,6,4.7,4,552255.48,25956007.56,Overstock
DAB-344,1822 Hanover Alley,Dabtype,829-52-3416,59,Chevrolet,Malibu,Puce,2013,733330.49,52686-320,Bucky Lappine,Male,Accountant II,206-766-7618,blappine58@amazon.com,Seattle,United States,US,Washington,54 Gateway Court,01-08-2018,54868-3363,28-05-2019,First Class,Truck,98195,910290.98,2,0.36,jcb,3.58E+15,Good,WH-CHN-01,36,16,1,51,10,13,5,5,4,733330.49,36666524.5,Overstock
VOO-209,6 Butternut Hill,Voolith,545-10-3828,79,Lincoln,Continental Mark VII,Goldenrod,1990,657141.34,57344-018,Seward Lott,Male,Financial Advisor,202-590-6322,slottai@taobao.com,Washington,United States,US,District of Columbia,43604 Nova Parkway,28-06-2018,60681-1005,23-01-2019,Second Class,Truck,20078,970170.69,2,0.82,jcb,3.59E+15,Bad,WH-BLR-01,33,16,1,48,10,11,3,4.2,2,657141.34,30885642.98,Overstock
POD-34,09 Susan Drive,Podcat,540-10-3026,79,Lincoln,Mark VIII,Maroon,1997,537061.96,10812-421,Hildegarde De Rye Barrett,Female,Cost Accountant,305-726-6964,hdeaj@go.com,Hialeah,United States,US,Florida,1 Cambridge Hill,09-02-2019,61699-0047,10-02-2019,Same Day,Air,33018,777044.2,2,0.62,mastercard,5.10E+15,Very Good,WH-MUM-01,29,16,1,44,7,12,6,4.8,2,537061.96,23093664.28,Overstock
BLU-7,19 4th Crossing,Bluezoom,194-01-3947,101,Suzuki,Swift,Maroon,1996,623455.83,49738-081,Otha Glassford,Female,Sales Associate,812-529-5050,oglassfordct@mail.ru,Terre Haute,United States,US,Indiana,54918 Briar Crest Park,24-09-2018,60681-1001,23-05-2019,First Class,Air,47812,970572.88,2,0.83,jcb,3.55E+15,Very Bad,WH-MUM-01,24,17,1,40,9,10,8,5,5,623455.83,24314777.37,Overstock
TOP-359,185 Waubesa Trail,Topicware,735-51-0771,59,Chevrolet,Express 3500,Fuscia,1998,582902.48,67046-806,Linoel Kingsmill,Male,Staff Scientist,419-247-9627,lkingsmill6c@reuters.com,Toledo,United States,US,Ohio,3034 Caliangt Road,03-06-2019,54569-2933,20-05-2019,Same Day,Air,43666,957797.5,1,0.36,jcb,3.56E+15,Very Good,WH-DEL-01,31,15,1,45,6,10,9,4.8,4,582902.48,26230611.6,Overstock
TRI-121,433 Lyons Trail,Trilia,228-26-7628,66,Ford,F-Series Super Duty,Fuscia,2008,736754.55,41520-190,Revkah Kuschek,Female,Engineer IV,412-267-9200,rkuscheknu@cbsnews.com,Pittsburgh,United States,US,Pennsylvania,8 Delladonna Court,07-07-2018,28107-010,11-03-2019,Standard Class,Air,15225,929677.44,2,0.89,jcb,3.58E+15,Bad,WH-CHN-01,34,17,1,50,7,15,7,4.6,3,736754.55,36100972.95,Overstock
AGI-353,13 Anniversary Drive,Agivu,447-98-3395,53,Audi,A3,Aquamarine,2012,744321.77,0338-0520,Sholom Tolland,Male,Paralegal,816-618-5914,stollandan@census.gov,Kansas City,United States,US,Missouri,9 Mcguire Place,25-10-2018,49884-310,07-04-2019,Standard Class,Air,64153,827211.88,1,0.32,solo,6.77E+15,Okay,WH-CHN-01,26,20,1,45,7,15,3,4.5,5,744321.77,33494479.65,Overstock
ABA-327,8 Hermina Road,Abata,275-55-1787,104,Volvo,S80,Turquoise,2003,661750.37,52644-003,Pippy Seagrove,Female,Research Assistant I,301-591-5117,pseagroveao@google.cn,Rockville,United States,US,Maryland,5 Stuart Point,02-03-2019,11822-2683,14-05-2019,Standard Class,Air,20851,776067.12,2,0.65,mastercard,5.31E+15,Okay,WH-DEL-01,24,17,1,40,10,12,3,4,5,661750.37,25808264.43,Overstock
TAZ-111,754 Clarendon Circle,Tazzy,254-58-3750,68,GMC,3500,Maroon,1994,655358.88,76237-162,Beryle Carlan,Female,Accounting Assistant IV,202-657-3775,bcarlans@newsvine.com,Washington,United States,US,District of Columbia,20207 Lotheville Way,08-05-2019,37012-160,04-03-2019,Standard Class,Air,20442,936358.16,2,0.8,bankcard,5.60E+15,Okay,WH-KOL-01,33,19,1,51,10,14,6,3.9,5,655358.88,32767944,Overstock
SHU-349,72 Dennis Alley,Shuffledrive,735-67-5753,63,Dodge,Viper RT/10,Red,1995,711777.61,52124-0107,Elise Saunt,Female,Pharmacist,505-953-9735,esauntaq@usnews.com,Albuquerque,United States,US,New Mexico,0137 Pleasure Place,26-10-2018,0310-0279,16-01-2019,Second Class,Air,87140,804823.6,1,0.4,diners-club-carte-blanche,3.03E+13,Good,WH-BLR-01,26,17,1,42,8,10,7,4.4,3,711777.61,29894659.62,Overstock
TAV-97,3 Burning Wood Parkway,Tavu,187-20-9550,66,Ford,Focus,Violet,2003,525438.82,57520-0112,Saw Courtes,Male,Operator,989-409-2784,scourtesar@buzzfeed.com,Saginaw,United States,US,Michigan,945 Buell Crossing,08-07-2018,0527-1376,29-04-2019,First Class,Truck,48609,996299.49,1,0.41,mastercard,5.01E+15,Bad,WH-MUM-01,26,19,1,44,7,12,3,3.7,5,525438.82,23119308.08,Overstock
KAR-16,00 Sutteridge Way,Kare,548-45-4741,66,Ford,Aspire,Puce,1995,658061.65,0462-0264,Sukey Foan,Female,Registered Nurse,213-221-2269,sfoanas@hugedomains.com,Los Angeles,United States,US,California,48134 Macpherson Circle,03-02-2019,49527-801,27-03-2019,Second Class,Air,90189,862506.39,1,0.51,jcb,3.57E+15,Good,WH-DEL-01,23,17,1,39,7,11,8,4.7,4,658061.65,25664404.35,Overstock
TAG-18,2867 Lukken Circle,Tagpad,273-17-9329,75,Kia,Sedona,Blue,2011,532384.01,36800-618,Bambie Freemantle,Female,Dental Hygienist,504-116-7257,bfreemantlen5@barnesandnoble.com,New Orleans,United States,US,Louisiana,85 Veith Junction,01-12-2018,76344-5001,22-03-2019,First Class,Air,70174,993960.11,2,0.31,jcb,3.59E+15,Good,WH-MUM-01,35,20,1,54,8,13,3,3.9,5,532384.01,28216352.53,Overstock
SHU-349,31601 Fieldstone Avenue,Shuffledrive,162-78-0346,88,Mitsubishi,Precis,Purple,1994,665618.35,0781-5613,Gerry Yitzhakov,Male,Senior Editor,510-191-3865,gyitzhakovau@craigslist.org,Oakland,United States,US,California,602 Lien Crossing,09-10-2018,37808-167,25-05-2019,Same Day,Air,94605,833050.84,1,0.73,bankcard,5.60E+15,Very Good,WH-MUM-01,24,19,1,42,8,12,10,3.8,2,665618.35,27955970.7,Overstock
OYO-105,352 Hooker Lane,Oyoba,193-04-1166,59,Chevrolet,Avalanche,Puce,2007,696999.61,55316-998,Curtis Aylmer,Male,Geological Engineer,714-764-4679,caylmerkc@wsj.com,Garden Grove,United States,US,California,8 Miller Point,14-11-2018,37000-104,27-03-2019,Second Class,Truck,92645,961124.72,1,0.47,switch,4.91E+18,Good,WH-DEL-01,33,18,1,50,8,11,3,4.6,4,696999.61,34849980.5,Overstock
JET-234,215 Anderson Circle,Jetwire,380-58-4074,90,Nissan,Pathfinder,Teal,1995,761856.66,52685-427,Kakalina Parsonson,Female,Web Designer I,314-432-6890,kparsonsonaw@mysql.com,Saint Louis,United States,US,Missouri,9 Mayer Hill,07-12-2018,0603-3968,24-02-2019,Standard Class,Air,63136,819934.17,2,0.64,laser,6.30E+15,Bad,WH-CHN-01,24,20,1,43,8,11,7,4.1,3,761856.66,31997979.72,Overstock
VOO-57,2 Bay Lane,Voomm,348-17-1178,59,Chevrolet,Tahoe,Goldenrod,2007,506708.4,68016-081,Gaston Leeman,Male,Database Administrator IV,515-405-2235,gleemankh@telegraph.co.uk,Des Moines,United States,US,Iowa,12 Hermina Street,03-02-2019,59779-324,04-02-2019,Second Class,Truck,50305,861365.74,1,0.53,mastercard,5.05E+15,Very Bad,WH-DEL-01,31,16,1,46,9,10,5,4.2,4,506708.4,23308586.4,Overstock
TOP-60,32 Pleasure Road,Topdrive,736-16-2216,74,Jeep,Compass,Red,2008,775457.82,49873-608,Barron Emburey,Male,Executive Secretary,661-739-2832,bembureyol@slate.com,Bakersfield,United States,US,California,384 Susan Junction,28-07-2018,13537-422,07-01-2019,Standard Class,Air,93305,978328.37,2,0.76,jcb,3.54E+15,Good,WH-BLR-01,22,17,1,38,9,14,6,4.8,5,775457.82,28691939.34,Overstock
YOD-362,6684 Pierstorff Trail,Yodoo,488-80-2732,67,Geo,Tracker,Aquamarine,1992,793703.68,0591-3602,Vanny Culham,Female,Compensation Analyst,214-138-2512,vculham6b@cnn.com,Dallas,United States,US,Texas,6 Buhler Trail,30-07-2018,49967-033,01-05-2019,First Class,Truck,75372,701839.3,1,0.39,jcb,3.55E+15,Very Good,WH-KOL-01,23,20,1,42,6,13,5,4.5,4,793703.68,33335554.56,Overstock
FEE-197,7 Cherokee Pass,Feednation,254-10-4881,94,Porsche,928,Khaki,1990,765402.33,0615-6557,Aile Wolfenden,Female,Accounting Assistant I,515-194-7641,awolfendenb0@studiopress.com,Des Moines,United States,US,Iowa,75991 John Wall Court,15-07-2018,14290-376,19-04-2019,Standard Class,Truck,50330,931383.24,1,0.52,bankcard,5.60E+15,Okay,WH-BLR-01,26,16,1,41,7,13,6,4.3,4,765402.33,31381495.53,Overstock
COG-152,8 Welch Junction,Cogilith,812-19-6808,101,Suzuki,Reno,Yellow,2007,504255.12,68084-513,Allyce Dillamore,Female,Technical Writer,702-352-9550,adillamoreb1@washingtonpost.com,Las Vegas,United States,US,Nevada,9 Merrick Junction,30-07-2018,53346-1351,26-05-2019,Same Day,Truck,89105,994630.67,2,0.53,mastercard,5.01E+15,Okay,WH-MUM-01,38,20,1,57,6,12,3,4.5,5,504255.12,28238286.72,Overstock
DYN-149,7 Oneill Parkway,Dynava,756-59-2214,57,Buick,Terraza,Purple,2006,605466.67,0536-4086,Gunner De la Harpe,Male,Assistant Professor,202-627-2651,gdeb2@wikimedia.org,Washington,United States,US,District of Columbia,6 Hansons Hill,30-09-2018,16590-301,29-05-2019,Second Class,Air,20503,709881,2,0.47,jcb,3.54E+15,Very Bad,WH-BLR-01,27,18,1,44,10,13,8,4.2,5,605466.67,26035066.81,Overstock
ZOO-257,55301 Marquette Center,Zoomzone,849-99-5803,93,Pontiac,Grand Prix,Aquamarine,1962,784238.63,0555-0767,Austin Milillo,Male,Systems Administrator I,562-759-5187,amilillo9i@ycombinator.com,Long Beach,United States,US,California,5 Bobwhite Crossing,17-12-2018,68327-030,26-04-2019,Standard Class,Truck,90847,862877.87,1,0.79,jcb,3.57E+15,Okay,WH-DEL-01,25,17,1,41,10,14,6,3.9,5,784238.63,32153783.83,Overstock
POD-34,97 Sundown Trail,Podcat,244-21-9354,59,Chevrolet,Malibu,Green,1999,762069.58,59663-110,Warden Cone,Male,Recruiting Manager,202-305-5724,wconeb4@jimdo.com,Washington,United States,US,District of Columbia,90134 Lyons Alley,17-05-2019,50804-080,30-03-2019,First Class,Air,20220,713725.56,2,0.55,china-unionpay,5.60E+18,Bad,WH-MUM-01,24,16,1,39,8,10,7,4.6,3,762069.58,28958644.04,Overstock
BRA-196,94 Hoepker Point,Brainsphere,415-28-4078,102,Toyota,Sequoia,Khaki,2009,673434.13,52584-950,Lucais Larvent,Male,Marketing Assistant,916-208-0563,llarventb5@skyrock.com,Sacramento,United States,US,California,312 Darwin Road,20-05-2019,55312-053,05-04-2019,Second Class,Truck,95865,739139.18,2,0.44,jcb,3.54E+15,Very Bad,WH-KOL-01,36,20,1,55,8,11,8,4.3,4,673434.13,36365443.02,Overstock
TRU-42,5374 Di Loreto Drive,Trunyx,248-02-6514,65,Ferrari,F430,Maroon,2006,765173.39,0135-0505,Quinlan Macken,Male,Assistant Manager,816-327-2806,qmackenb6@studiopress.com,Kansas City,United States,US,Missouri,28 8th Place,18-01-2019,30142-313,02-02-2019,Second Class,Air,64153,773819.52,1,0.6,jcb,3.58E+15,Good,WH-MUM-01,27,19,1,45,6,10,9,4,2,765173.39,34432802.55,Overstock
SHU-310,174 Packers Street,Shuffletag,607-18-5770,67,Geo,Metro,Red,1992,749356.53,49349-892,Lorena Calleja,Female,Budget/Accounting Analyst IV,817-380-6223,lcallejab7@deviantart.com,Arlington,United States,US,Texas,84 Clarendon Parkway,04-02-2019,53329-089,08-02-2019,Second Class,Truck,76004,965517.38,1,0.63,diners-club-carte-blanche,3.00E+13,Very Bad,WH-KOL-01,29,15,1,43,8,12,6,4.8,2,749356.53,32222330.79,Overstock
MEE-144,9 Forster Center,Meejo,429-76-8946,93,Pontiac,Parisienne,Khaki,1986,575871.4,0615-7507,Fanya Harborow,Female,Geologist II,702-524-2293,fharborowb8@t-online.de,Henderson,United States,US,Nevada,5916 Burning Wood Hill,06-11-2018,69244-3001,24-03-2019,Standard Class,Truck,89012,861487.93,1,0.44,jcb,3.53E+15,Very Good,WH-BLR-01,24,19,1,42,8,15,2,3.9,3,575871.4,24186598.8,Overstock
VOO-57,4228 Pankratz Court,Voomm,672-81-9502,66,Ford,Bronco II,Turquoise,1989,599770.09,0093-5142,Lexie Lymbourne,Female,Cost Accountant,706-924-7335,llymbourneb9@squarespace.com,Athens,United States,US,Georgia,827 Lien Way,03-02-2019,0220-9314,17-02-2019,First Class,Air,30610,783722.63,2,0.43,jcb,3.59E+15,Very Good,WH-MUM-01,34,15,1,48,9,15,2,3.8,5,599770.09,28189194.23,Overstock
INN-41,02198 Rowland Street,Innotype,682-59-2419,66,Ford,Windstar,Indigo,2001,617233.02,49817-1992,Delmer Trinke,Male,Nuclear Power Engineer,804-525-6457,dtrinkeba@vimeo.com,Richmond,United States,US,Virginia,641 Sullivan Pass,24-12-2018,42254-305,23-04-2019,First Class,Air,23237,828615.25,1,0.38,bankcard,5.60E+15,Very Bad,WH-KOL-01,26,20,1,45,6,15,3,3.7,3,617233.02,27775485.9,Overstock
WIK-161,1 Charing Cross Junction,Wikivu,438-17-7753,92,Plymouth,Prowler,Khaki,2000,732235.64,49283-511,Reba Sillis,Female,Account Executive,718-835-5749,rsillisbb@nbcnews.com,Bronx,United States,US,New York,8521 Sundown Road,30-06-2018,51393-6778,01-05-2019,First Class,Truck,10454,917808.3,2,0.48,jcb,3.56E+15,Very Good,WH-MUM-01,35,18,1,52,9,13,2,3.6,5,732235.64,37344017.64,Overstock
TAG-238,83136 Carey Junction,Tagcat,879-54-8503,93,Pontiac,Fiero,Violet,1984,757472.62,36800-262,Eudora Joscelyne,Female,Developer I,319-289-2106,ejoscelynebc@goo.gl,Cedar Rapids,United States,US,Iowa,355 Blue Bill Park Lane,22-02-2019,0591-0338,13-03-2019,Same Day,Air,52405,708510.59,1,0.4,jcb,3.53E+15,Very Bad,WH-KOL-01,35,17,1,51,6,14,3,3.5,5,757472.62,38631103.62,Overstock
RHY-233,9272 Melody Drive,Rhyzio,576-94-5231,65,Ferrari,458 Italia,Red,2010,582419.91,48951-1035,Judye Dayes,Female,Research Associate,617-967-6138,jdayesbd@zdnet.com,Boston,United States,US,Massachusetts,675 1st Drive,02-02-2019,49349-361,02-01-2019,Standard Class,Air,2109,907567.38,1,0.72,jcb,3.58E+15,Very Good,WH-MUM-01,37,19,1,55,7,13,5,4.1,5,582419.91,32033095.05,Overstock
THO-248,03 Veith Terrace,Thoughtbeat,259-56-9594,63,Dodge,Challenger,Crimson,2011,660881.09,0527-1326,Alisa Eastcott,Female,GIS Technical Architect,616-544-3343,aeastcottbe@hp.com,Grand Rapids,United States,US,Michigan,55959 Stone Corner Place,12-12-2018,64406-005,25-02-2019,Same Day,Truck,49505,993389.77,1,0.58,jcb,3.58E+15,Very Good,WH-CHN-01,22,19,1,40,10,12,2,3.5,2,660881.09,26435243.6,Overstock
LIN-162,9872 Pennsylvania Terrace,Linkbridge,184-72-8743,84,Mercedes-Benz,GL-Class,Teal,2007,610117.98,36987-2265,Vittorio Mariner,Male,Administrative Officer,717-648-1601,vmarinern8@netvibes.com,Harrisburg,United States,US,Pennsylvania,24963 Schiller Drive,30-08-2018,37000-410,12-04-2019,Same Day,Air,17126,930483.56,1,0.4,visa-electron,4.18E+15,Very Good,WH-MUM-01,21,18,1,38,6,10,3,4.1,5,610117.98,23184483.24,Overstock
PHO-362,5841 School Hill,Photofeed,278-13-9486,79,Lincoln,Continental,Puce,2000,571257.96,52862-201,Alejoa Izhaky,Male,VP Product Management,303-549-7729,aizhakybg@odnoklassniki.ru,Denver,United States,US,Colorado,96 Schmedeman Avenue,03-01-2019,21695-900,16-01-2019,Same Day,Air,80243,803566.43,2,0.38,jcb,3.59E+15,Very Bad,WH-CHN-01,35,18,1,52,7,13,5,4.2,3,571257.96,29134155.96,Overstock
DIV-109,9 Dunning Center,Divavu,445-13-1357,103,Volkswagen,Cabriolet,Green,1989,705332.77,55154-3953,Lamond O'Cullinane,Male,Information Systems Manager,419-542-7357,locullinanebh@icq.com,Toledo,United States,US,Ohio,44 Loftsgordon Trail,11-12-2018,41250-897,08-02-2019,Same Day,Air,43610,724746.45,2,0.85,visa,4.04E+15,Very Bad,WH-KOL-01,38,15,1,52,6,15,2,4.8,3,705332.77,35971971.27,Overstock
KAZ-13,4 Burning Wood Hill,Kazu,356-08-4598,58,Cadillac,Catera,Red,1997,517838.85,55154-5627,Gottfried Danhel,Male,Graphic Designer,808-979-4450,gdanhelbi@tinyurl.com,Honolulu,United States,US,Hawaii,40 Graceland Place,12-11-2018,37000-363,04-01-2019,Standard Class,Air,96850,708915.65,1,0.26,americanexpress,3.38E+14,Very Bad,WH-KOL-01,28,20,1,47,7,11,3,4.3,3,517838.85,24338425.95,Overstock
AVA-53,77 Bluejay Trail,Avamba,816-89-3650,59,Chevrolet,Express,Purple,2009,550137.65,64725-0773,Bronny Gerren,Male,Systems Administrator II,951-583-5929,bgerrenbj@wikipedia.org,Corona,United States,US,California,0 Carberry Junction,11-12-2018,55910-105,28-01-2019,First Class,Truck,92883,762854.55,2,0.76,jcb,3.54E+15,Bad,WH-BLR-01,24,17,1,40,6,10,4,3.9,4,550137.65,21455368.35,Overstock
BLU-113,2435 Atwood Way,Bluejam,138-21-0884,66,Ford,Bronco,Red,1988,558871.72,54868-0644,Paquito Gasgarth,Male,Professor,540-648-4551,pgasgarthbk@hatena.ne.jp,Roanoke,United States,US,Virginia,74 Hayes Place,11-03-2019,67938-2006,19-03-2019,Same Day,Air,24034,945409.64,1,0.63,jcb,3.55E+15,Good,WH-DEL-01,24,15,1,38,10,13,9,3.9,3,558871.72,21237125.36,Overstock
ZAZ-209,65 Jay Avenue,Zazio,699-20-4385,58,Cadillac,Seville,Maroon,2004,778797.87,0185-0157,Hymie Swyndley,Male,Senior Cost Accountant,917-422-3564,hswyndley2a@photobucket.com,Brooklyn,United States,US,New York,3 Del Sol Way,26-12-2018,51514-0333,13-03-2019,Second Class,Air,11236,881348.59,2,0.86,jcb,3.56E+15,Very Bad,WH-MUM-01,30,17,1,46,10,15,3,4.5,2,778797.87,35045904.15,Overstock
SKI-151,9 Hagan Place,Skidoo,251-58-6250,70,Hyundai,Tucson,Pink,2011,520626.8,50436-6624,Clea Hubball,Female,Geologist II,256-259-5219,chubballbm@adobe.com,Gadsden,United States,US,Alabama,95551 Clyde Gallagher Drive,15-12-2018,16781-391,07-06-2019,Standard Class,Truck,35905,954495.74,2,0.77,mastercard,5.45E+15,Very Good,WH-CHN-01,25,16,1,40,6,13,9,4.2,3,520626.8,20304445.2,Overstock
BRA-42,1 Scofield Way,Brainbox,467-23-3113,103,Volkswagen,Cabriolet,Goldenrod,1998,519163.82,36987-3322,Piggy Lorimer,Male,Physical Therapy Assistant,508-492-0882,plorimerbn@soundcloud.com,Boston,United States,US,Massachusetts,92623 Becker Court,29-08-2018,63629-1398,31-01-2019,Same Day,Air,2119,795471.74,2,0.56,visa,4.33E+15,Very Bad,WH-MUM-01,30,19,1,48,10,10,2,4.8,5,519163.82,24400699.54,Overstock
SKI-282,05 Northview Way,Skimia,243-86-1776,78,Lexus,GX,Mauv,2008,758122.49,55910-199,Valentin Everix,Male,Community Outreach Specialist,386-190-6495,veverixnm@blog.com,Daytona Beach,United States,US,Florida,7732 Old Gate Pass,15-11-2018,42291-805,03-02-2019,First Class,Air,32123,970739.41,2,0.6,maestro,6.04E+17,Good,WH-CHN-01,25,15,1,39,6,15,9,3.8,2,758122.49,28808654.62,Overstock
JAX-316,330 Pennsylvania Plaza,Jaxspan,385-11-6886,90,Nissan,Pathfinder,Khaki,2002,670304.84,43742-0059,Creigh Wreakes,Male,Internal Auditor,202-159-8703,cwreakese@mtv.com,Washington,United States,US,District of Columbia,9 Nelson Parkway,12-08-2018,58118-0404,07-01-2019,Same Day,Air,20005,832581.18,2,0.44,jcb,3.55E+15,Good,WH-KOL-01,32,16,1,47,7,11,8,4.3,2,670304.84,30834022.64,Overstock
AIM-290,350 Graedel Court,Aimbo,461-15-9988,93,Pontiac,Firefly,Maroon,1990,683451.73,0378-3000,Reinald Dayley,Male,Tax Accountant,254-365-4444,rdayleybq@friendfeed.com,Waco,United States,US,Texas,2 Nelson Way,08-12-2018,68703-126,06-03-2019,Standard Class,Truck,76711,705887.49,1,0.31,diners-club-international,3.62E+13,Very Bad,WH-MUM-01,24,20,1,43,10,13,5,3.8,5,683451.73,29388424.39,Overstock
ROO-144,873 Reinke Point,Roombo,709-70-9648,92,Plymouth,Colt Vista,Fuscia,1994,655890.43,37000-764,Ingeborg Gasquoine,Female,Payment Adjustment Coordinator,206-990-8930,igasquoinepv@adobe.com,Seattle,United States,US,Washington,83056 Grayhawk Street,20-10-2018,51672-4109,17-01-2019,First Class,Air,98166,861981.38,1,0.89,visa,4.04E+12,Bad,WH-MUM-01,34,19,1,52,6,13,7,4,2,655890.43,34106302.36,Overstock
CHA-98,76 Springs Way,Chatterbridge,699-75-3481,59,Chevrolet,Camaro,Mauv,1999,692354.26,36987-3131,Kynthia McLleese,Female,Database Administrator IV,386-825-1385,kmclleesebs@about.me,Daytona Beach,United States,US,Florida,708 Mifflin Road,05-05-2019,63874-687,04-03-2019,Same Day,Air,32128,876335.12,2,0.27,jcb,3.58E+15,Okay,WH-CHN-01,24,18,1,41,10,14,3,3.7,3,692354.26,27694170.4,Overstock
VID-267,76251 Village Green Road,Vidoo,199-95-5278,71,Infiniti,G,Yellow,1996,722011.08,0472-0166,Ring Briston,Male,Tax Accountant,206-792-7053,rbristonbt@csmonitor.com,Bellevue,United States,US,Washington,5747 1st Place,10-09-2018,0603-4467,19-04-2019,Same Day,Air,98008,724222.87,2,0.47,jcb,3.56E+15,Very Good,WH-KOL-01,27,15,1,41,7,10,9,4.1,5,722011.08,28880443.2,Overstock
RHY-113,498 4th Road,Rhynyx,129-63-4167,71,Infiniti,QX,Yellow,2004,780435.83,63629-4018,Korie Dyte,Female,Sales Associate,615-671-7755,kdytebu@reference.com,Nashville,United States,US,Tennessee,38 Cottonwood Circle,11-07-2018,61957-1025,09-02-2019,Second Class,Air,37205,807442.68,1,0.84,jcb,3.54E+15,Very Good,WH-MUM-01,30,18,1,47,9,12,6,4.2,4,780435.83,36680484.01,Overstock
YAM-317,6832 Eggendart Park,Yamia,859-66-6522,53,Audi,A6,Indigo,1996,716071.15,18860-678,Amy Roderigo,Female,Geologist II,434-116-0366,aroderigo79@chronoengine.com,Charlottesville,United States,US,Virginia,7229 Dryden Terrace,30-10-2018,53346-1323,27-04-2019,Same Day,Air,22903,740186.16,2,0.34,jcb,3.58E+15,Okay,WH-MUM-01,32,17,1,48,9,14,9,4.6,3,716071.15,33655344.05,Overstock
ZOO-135,8 Red Cloud Crossing,Zoovu,305-82-5873,72,Isuzu,Rodeo,Red,1992,682066.73,60681-2301,Berkie Tesdale,Male,Internal Auditor,217-853-3382,btesdalebw@mapquest.com,Springfield,United States,US,Illinois,7047 Rigney Circle,01-07-2018,52125-451,17-02-2019,Second Class,Truck,62705,733749.91,2,0.35,solo,6.33E+18,Okay,WH-CHN-01,23,17,1,39,6,13,8,4.1,3,682066.73,25918535.74,Overstock
ZOO-275,74 Dapin Park,Zoonder,218-49-8679,57,Buick,Century,Purple,2005,636390.78,55910-664,Amberly Spurgeon,Female,Associate Professor,907-542-9771,aspurgeonbx@dyndns.org,Anchorage,United States,US,Alaska,881 Buell Place,30-01-2019,68084-713,05-03-2019,Second Class,Air,99522,882367.09,2,0.3,jcb,3.59E+15,Very Bad,WH-DEL-01,27,16,1,42,6,11,7,4.3,2,636390.78,26092021.98,Overstock
BLU-113,0452 Mendota Plaza,Bluejam,865-17-8441,104,Volvo,C70,Blue,2013,753172.07,54312-325,Idelle Fitch,Female,Recruiting Manager,859-625-7974,ifitchp2@mail.ru,Lexington,United States,US,Kentucky,31434 American Court,20-02-2019,48951-7116,13-02-2019,Second Class,Truck,40596,861742.21,2,0.5,jcb,3.55E+15,Very Bad,WH-CHN-01,21,16,1,36,9,15,9,3.7,3,753172.07,26361022.45,Overstock
KWI-102,7836 Kipling Terrace,Kwinu,337-41-5636,63,Dodge,Ram Wagon B150,Purple,1994,584434.56,36000-175,Audrie Wilber,Female,Data Coordiator,212-878-1214,awilberaf@buzzfeed.com,New York City,United States,US,New York,11 Golf Parkway,28-02-2019,49288-0906,21-02-2019,Standard Class,Air,10184,994907.63,2,0.82,jcb,3.54E+15,Good,WH-MUM-01,40,17,1,56,10,11,7,4.7,3,584434.56,32143900.8,Overstock
BRA-273,86161 Bartillon Terrace,Brainlounge,367-08-2475,101,Suzuki,X-90,Mauv,1998,669539.97,76237-153,Lorrayne Pawel,Female,Structural Engineer,361-715-4075,lpawelc0@jimdo.com,Corpus Christi,United States,US,Texas,552 Washington Lane,15-07-2018,68382-022,19-03-2019,Second Class,Air,78475,978487.83,1,0.37,jcb,3.58E+15,Very Good,WH-KOL-01,23,16,1,38,9,13,5,4.3,3,669539.97,25442518.86,Overstock
QUA-162,759 Green Street,Quatz,808-43-9252,68,GMC,Suburban 1500,Aquamarine,1999,787041.1,55111-763,Inna Gliddon,Female,Cost Accountant,720-966-2313,igliddonbv@myspace.com,Littleton,United States,US,Colorado,56829 Sachtjen Drive,25-10-2018,62111-0212,24-04-2019,First Class,Truck,80161,975043.14,2,0.49,bankcard,5.60E+15,Good,WH-MUM-01,22,17,1,38,10,13,6,4.1,3,787041.1,29120520.7,Overstock
TWI-83,59448 Ridgeview Lane,Twinte,102-38-8721,68,GMC,Acadia,Goldenrod,2007,503085.42,67386-421,Carter Ingamells,Male,Programmer I,415-588-2673,cingamellsc2@desdev.cn,San Francisco,United States,US,California,4915 Truax Place,30-12-2018,30142-008,29-01-2019,Same Day,Air,94110,943060.99,2,0.77,jcb,3.56E+15,Very Good,WH-KOL-01,38,17,1,54,8,11,2,4.9,2,503085.42,26663527.26,Overstock
ZOO-172,7 Mayfield Junction,Zoombeat,862-45-7382,88,Mitsubishi,Truck,Pink,1987,732226.47,0338-0047,Georg Scrancher,Male,Information Systems Manager,626-861-6415,gscrancherc3@bloglines.com,Pasadena,United States,US,California,932 Hollow Ridge Plaza,03-04-2019,11673-679,02-03-2019,Standard Class,Truck,91199,890807.06,2,0.83,switch,4.90E+18,Bad,WH-DEL-01,35,15,1,49,10,15,10,3.8,5,732226.47,35146870.56,Overstock
BUB-196,50796 Mandrake Road,Bubblemix,461-93-7421,59,Chevrolet,Impala,Indigo,1994,689679.13,55289-251,Ford Collopy,Male,Junior Executive,614-124-6693,fcollopyc4@a8.net,Columbus,United States,US,Ohio,610 Dovetail Parkway,30-01-2019,10812-094,11-03-2019,Standard Class,Truck,43231,813302.71,2,0.74,maestro,5.02E+16,Good,WH-KOL-01,27,18,1,44,7,14,5,4.3,3,689679.13,29656202.59,Overstock
LIN-171,0 Prairieview Center,Linkbuzz,531-21-5091,66,Ford,Mustang,Violet,1987,735244.7,21695-628,Teodoor O'Curneen,Male,Programmer Analyst IV,907-324-9843,tocurneenc5@google.it,Anchorage,United States,US,Alaska,774 Grasskamp Plaza,10-11-2018,21695-693,11-06-2019,Second Class,Truck,99599,746554.82,1,0.62,jcb,3.57E+15,Very Bad,WH-DEL-01,32,15,1,46,9,15,7,4.9,4,735244.7,33821256.2,Overstock
VIT-355,7564 Lake View Pass,Vitz,651-10-5560,84,Mercedes-Benz,SL-Class,Maroon,2009,666358.14,49348-934,El Bumpus,Male,Electrical Engineer,970-784-6499,ebumpusc6@japanpost.jp,Greeley,United States,US,Colorado,28455 Comanche Way,02-09-2018,58276-015,13-06-2019,Same Day,Truck,80638,965227.24,2,0.56,laser,6.30E+18,Bad,WH-MUM-01,40,20,1,59,10,12,4,4.8,3,666358.14,38648772.12,Overstock
OZU-249,6 Trailsway Avenue,Ozu,851-47-8136,59,Chevrolet,Silverado 1500,Green,2000,630110.16,55289-663,Leighton Joffe,Male,Safety Technician I,202-708-2464,ljoffec7@mashable.com,Alexandria,United States,US,Virginia,1370 Declaration Pass,13-10-2018,69152-0018,21-05-2019,Standard Class,Air,22309,828669.91,1,0.51,china-unionpay,5.60E+17,Very Bad,WH-KOL-01,20,18,1,37,8,10,3,4,5,630110.16,23314075.92,Overstock
BAB-125,617 Bashford Avenue,Babbleblab,157-37-9651,60,Chrysler,300,Purple,2010,764549.88,41163-271,Eirena Mardlin,Female,Analyst Programmer,240-369-8151,emardlin5x@i2i.jp,Frederick,United States,US,Maryland,41 Forest Dale Plaza,11-12-2018,41268-215,10-03-2019,First Class,Truck,21705,761905,2,0.53,jcb,3.54E+15,Okay,WH-MUM-01,32,18,1,49,10,15,2,4.3,5,764549.88,36698394.24,Overstock
KAZ-13,2961 Texas Court,Kazu,194-23-1321,57,Buick,Lucerne,Maroon,2008,713693.94,63629-1605,Betteanne Hutchcraft,Female,VP Quality Control,915-220-2132,bhutchcraftc9@acquirethisname.com,El Paso,United States,US,Texas,266 Bonner Alley,01-09-2018,61767-306,20-02-2019,First Class,Air,88525,886724.2,1,0.53,bankcard,5.61E+15,Good,WH-DEL-01,39,15,1,53,8,15,4,4,2,713693.94,37825778.82,Overstock
BRO-100,29555 Jenifer Pass,Browsezoom,677-54-9252,77,Land Rover,Range Rover,Khaki,2010,779991.83,11822-0656,Worden Camerello,Male,Sales Representative,850-206-4344,wcamerelloca@1688.com,Tallahassee,United States,US,Florida,109 Dayton Road,25-04-2019,64942-1352,24-03-2019,Second Class,Air,32304,737010.7,2,0.65,americanexpress,3.75E+14,Very Bad,WH-KOL-01,21,19,1,39,7,10,8,3.8,3,779991.83,29639689.54,Overstock
EIM-37,16559 Michigan Terrace,Eimbee,652-46-9888,53,Audi,riolet,Teal,1996,661113.15,61328-001,Jolynn Bubeer,Female,Accountant III,626-826-1717,jbubeercb@youku.com,Alhambra,United States,US,California,6421 Weeping Birch Way,21-08-2018,0173-0453,08-05-2019,Same Day,Truck,91841,795497.49,1,0.36,mastercard,5.11E+15,Good,WH-KOL-01,22,20,1,41,10,15,4,4.6,5,661113.15,27105639.15,Overstock
VIT-355,5 Green Ridge Way,Vitz,303-29-5200,102,Toyota,Solara,Blue,2004,572151.15,50436-8102,Helene Allaway,Female,Librarian,828-509-9826,hallawaycc@newyorker.com,Asheville,United States,US,North Carolina,94985 Service Park,23-04-2019,59045-1001,02-03-2019,Second Class,Truck,28805,723054.8,1,0.86,jcb,3.58E+15,Bad,WH-DEL-01,26,17,1,42,10,12,3,4.2,5,572151.15,24030348.3,Overstock
FLA-264,850 Gerald Park,Flashspan,861-42-1270,93,Pontiac,Firefly,Aquamarine,1995,719071.21,51079-768,Shelby Morratt,Female,Civil Engineer,212-684-7274,smorratt83@4shared.com,New York City,United States,US,New York,16713 Larry Place,04-12-2018,60505-0027,29-01-2019,Standard Class,Truck,10260,933482.06,1,0.75,diners-club-carte-blanche,3.04E+13,Good,WH-DEL-01,35,17,1,51,8,13,7,3.8,3,719071.21,36672631.71,Overstock
NTA-292,25 Quincy Junction,Ntag,366-97-3918,102,Toyota,T100,Violet,1997,598281.37,30698-202,Ginny Satford,Female,Quality Control Specialist,919-182-4324,gsatfordce@nyu.edu,Raleigh,United States,US,North Carolina,22199 Fulton Junction,01-10-2018,36987-2526,22-05-2019,Second Class,Air,27610,772511.88,2,0.73,jcb,3.57E+15,Good,WH-MUM-01,33,15,1,47,9,12,8,4.8,3,598281.37,27520943.02,Overstock
YOU-114,5965 Carey Crossing,Youspan,307-71-8958,66,Ford,E150,Crimson,2004,541214.23,0430-0115,Georgiana Leimster,Female,Editor,618-607-1822,gleimstercf@xinhuanet.com,East Saint Louis,United States,US,Illinois,4022 West Court,25-07-2018,46122-255,27-04-2019,Same Day,Air,62205,999091.78,1,0.34,visa-electron,4.03E+15,Bad,WH-DEL-01,35,19,1,53,10,11,5,4.2,4,541214.23,28684354.19,Overstock
GAB-195,75587 Northridge Plaza,Gabtype,104-59-1634,57,Buick,LeSabre,Crimson,1999,736388.36,0002-4115,Rafaela Hummerston,Female,Research Associate,862-362-4311,rhummerstoncg@unblog.fr,Newark,United States,US,New Jersey,556 Gerald Lane,04-01-2019,36987-1667,27-05-2019,Second Class,Air,7195,943041.6,2,0.54,diners-club-enroute,2.02E+14,Very Good,WH-DEL-01,29,20,1,48,9,12,3,4,4,736388.36,34610252.92,Overstock
OBA-69,7 Mitchell Street,Oba,263-72-3471,63,Dodge,Ram 3500,Yellow,2008,757665.88,65044-6590,Cathi Picker,Female,Office Assistant IV,208-753-4095,cpickerch@imageshack.us,Boise,United States,US,Idaho,67 Waywood Trail,06-11-2018,42507-090,18-05-2019,Standard Class,Air,83711,839084.88,2,0.8,visa-electron,4.51E+15,Good,WH-CHN-01,33,20,1,52,10,15,3,4.4,5,757665.88,38640959.88,Overstock
ABA-208,531 Calypso Park,Abatz,661-45-6777,85,Mercury,Grand Marquis,Yellow,1989,671298.77,56149-001,Kizzee MacGregor,Female,Cost Accountant,713-912-6223,kmacgregorci@umn.edu,Houston,United States,US,Texas,88268 Eastwood Trail,21-12-2018,65342-1007,23-01-2019,Standard Class,Air,77234,881123.85,2,0.76,jcb,3.55E+15,Okay,WH-KOL-01,23,15,1,37,6,12,4,3.7,3,671298.77,24166755.72,Overstock
ROO-144,234 Mariners Cove Plaza,Roombo,848-91-4874,84,Mercedes-Benz,300D,Pink,1993,722439.41,55648-953,Sonny Nurcombe,Male,Software Consultant,916-486-9481,snurcombecj@godaddy.com,Sacramento,United States,US,California,0301 Commercial Center,24-09-2018,53329-019,10-02-2019,Same Day,Truck,94263,772133.44,2,0.83,jcb,3.56E+15,Good,WH-DEL-01,25,18,1,42,9,10,10,3.9,4,722439.41,29620015.81,Overstock
EAB-150,513 Logan Pass,Eabox,193-66-4084,88,Mitsubishi,Excel,Indigo,1989,723731.51,42602-003,Vanya Conwell,Female,Quality Engineer,440-528-3723,vconwelleg@forbes.com,Cleveland,United States,US,Ohio,9178 Talmadge Parkway,30-07-2018,67938-0942,10-02-2019,Standard Class,Air,44125,732820.42,2,0.78,diners-club-enroute,2.02E+14,Good,WH-MUM-01,22,15,1,36,7,14,5,5,4,723731.51,25330602.85,Overstock
ZOO-116,6117 Hansons Alley,Zoonoodle,189-94-1122,89,Morgan,Aero 8,Green,2007,578375.38,49288-0142,Ange Dearan,Male,VP Sales,718-696-9158,adearancl@oracle.com,Staten Island,United States,US,New York,97697 Morning Parkway,02-10-2018,59726-258,16-01-2019,Same Day,Truck,10305,729591.5,2,0.57,jcb,3.54E+15,Very Good,WH-MUM-01,25,15,1,39,6,11,9,3.6,3,578375.38,21978264.44,Overstock
CAM-196,20836 Pankratz Terrace,Camimbo,238-33-3863,55,Bentley,Continental GT,Indigo,2008,585394.13,50563-149,Maybelle Morrel,Female,Developer IV,646-188-6227,mmorrelax@marketwatch.com,New York City,United States,US,New York,795 Lindbergh Terrace,12-08-2018,59316-103,19-04-2019,First Class,Truck,10170,877567.11,1,0.81,jcb,3.55E+15,Bad,WH-BLR-01,37,20,1,56,6,12,3,4.4,4,585394.13,32782071.28,Overstock
TRI-284,54825 Carpenter Park,Trilith,500-28-7357,91,Oldsmobile,Bravada,Aquamarine,1994,556397.6,64117-118,Elwood Magrane,Male,Staff Accountant I,909-410-3184,emagranecn@cmu.edu,Riverside,United States,US,California,71527 Fisk Plaza,08-01-2019,54868-5759,29-03-2019,First Class,Truck,92505,717486.98,2,0.72,maestro,6.76E+17,Very Good,WH-BLR-01,27,18,1,44,9,11,10,3.8,5,556397.6,23925096.8,Overstock
REA-140,4323 Nancy Parkway,Realbuzz,181-16-5414,90,Nissan,Murano,Goldenrod,2009,613699.56,60505-3673,Hillie Minister,Male,Human Resources Assistant IV,901-929-9508,hministerpq@apache.org,Memphis,United States,US,Tennessee,4624 Menomonie Center,24-12-2018,69097-151,06-02-2019,Standard Class,Air,38143,732334.35,2,0.31,diners-club-enroute,2.02E+14,Bad,WH-MUM-01,39,20,1,58,10,11,10,4.7,5,613699.56,34980874.92,Overstock
YAT-41,5166 American Ash Park,Yata,311-16-9482,97,Saab,900,Aquamarine,1989,798837.47,52959-880,Sonya Briscam,Female,Assistant Media Planner,860-741-5902,sbriscam41@bandcamp.com,West Hartford,United States,US,Connecticut,5 Dorton Center,10-10-2018,68382-032,24-01-2019,First Class,Air,6127,801115.22,1,0.63,jcb,3.53E+15,Okay,WH-KOL-01,33,18,1,50,8,11,5,3.7,3,798837.47,39941873.5,Overstock
TAG-238,640 Vahlen Parkway,Tagcat,570-40-5193,102,Toyota,4Runner,Crimson,1999,775280.52,36987-1770,Euphemia McNuff,Female,Sales Associate,303-213-2819,emcnuffcq@wp.com,Denver,United States,US,Colorado,4 Vidon Crossing,28-02-2019,58118-1391,21-04-2019,First Class,Truck,80270,727320.46,1,0.29,jcb,3.55E+15,Bad,WH-KOL-01,31,18,1,48,6,12,2,4.7,2,775280.52,37213464.96,Overstock
PHO-359,36918 2nd Avenue,Photolist,497-92-9272,71,Infiniti,G25,Indigo,2012,514859.66,68151-2347,Norina Zecchinii,Female,Budget/Accounting Analyst IV,509-448-4917,nzecchiniijf@webeden.co.uk,Spokane,United States,US,Washington,4098 Dunning Junction,11-01-2019,63323-285,28-02-2019,Same Day,Truck,99252,933882.85,1,0.56,jcb,3.58E+15,Very Good,WH-DEL-01,31,16,1,46,9,12,10,3.9,2,514859.66,23683544.36,Overstock
THO-206,42 Hudson Junction,Thoughtworks,309-61-0744,59,Chevrolet,Suburban 1500,Fuscia,2011,667028.25,59535-8101,Elga Ardy,Female,Junior Executive,217-914-3205,eardycs@washington.edu,Springfield,United States,US,Illinois,7 Pepper Wood Pass,23-07-2018,55513-924,21-01-2019,Standard Class,Air,62776,972681.47,2,0.8,bankcard,5.60E+15,Bad,WH-MUM-01,32,15,1,46,6,10,9,4.9,2,667028.25,30016271.25,Overstock
BRA-42,9003 Armistice Lane,Brainbox,637-84-3768,75,Kia,Rio,Pink,2006,500412.46,55305-116,Minnnie McGougan,Female,Recruiter,216-138-2762,mmcgougando@weather.com,Cleveland,United States,US,Ohio,0646 Buhler Park,13-10-2018,55289-816,08-03-2019,Standard Class,Air,44111,876223.9,1,0.28,visa-electron,4.41E+15,Very Good,WH-MUM-01,35,20,1,54,10,14,2,4.2,4,500412.46,27022272.84,Overstock
NPA-20,1 Northland Terrace,Npath,147-85-9606,63,Dodge,Daytona,Goldenrod,1984,565504.68,47593-507,Chick MacCracken,Male,Administrative Assistant IV,210-345-2970,cmaccrackencu@wsj.com,San Antonio,United States,US,Texas,41409 Oakridge Park,28-11-2018,30142-098,30-05-2019,Standard Class,Air,78220,709349.55,2,0.63,jcb,3.58E+15,Bad,WH-MUM-01,39,16,1,54,6,15,6,4.9,2,565504.68,29971748.04,Overstock
MID-292,20189 Rockefeller Circle,Midel,307-04-2548,73,Jaguar,XK Series,Fuscia,2005,617670.71,68647-193,Wilhelmina Pantone,Female,Statistician IV,559-950-9467,wpantonecv@tripod.com,Fresno,United States,US,California,9 Brentwood Road,16-09-2018,49349-284,18-05-2019,Standard Class,Air,93773,926420.38,2,0.27,jcb,3.56E+15,Good,WH-DEL-01,27,16,1,42,6,15,7,4.3,2,617670.71,25324499.11,Overstock
WOR-1,12 Algoma Circle,Wordtune,317-25-9993,93,Pontiac,Gemini,Orange,1987,549809.01,43857-0150,Anetta Pohlke,Female,Research Assistant I,304-173-0353,apohlkecw@studiopress.com,Charleston,United States,US,West Virginia,4 Burrows Junction,04-01-2019,51442-543,13-06-2019,Standard Class,Truck,25356,886334.01,1,0.57,americanexpress,3.74E+14,Okay,WH-CHN-01,34,15,1,48,9,10,8,3.7,4,549809.01,26390832.48,Overstock
TEK-286,0278 Shelley Hill,Teklist,536-83-6781,88,Mitsubishi,Galant,Aquamarine,1993,584732.92,59970-051,Tybi Lazenby,Female,Civil Engineer,504-896-4535,tlazenbycx@bandcamp.com,New Orleans,United States,US,Louisiana,67 Dottie Trail,12-05-2019,10191-1569,23-01-2019,First Class,Truck,70187,723611.55,1,0.35,visa-electron,4.18E+15,Very Bad,WH-DEL-01,20,15,1,34,9,14,3,4.8,3,584732.92,19880919.28,Overstock
SKI-282,65 Grover Hill,Skimia,790-79-3573,56,BMW,X5,Yellow,2002,565214.83,37000-555,Edd Stille,Male,Analyst Programmer,602-615-3752,estillecy@artisteer.com,Phoenix,United States,US,Arizona,95 Kensington Alley,22-07-2018,54868-4096,09-05-2019,Same Day,Truck,85062,765444.82,2,0.58,instapayment,6.39E+15,Okay,WH-CHN-01,35,16,1,50,6,13,9,3.6,2,565214.83,27695526.67,Overstock
FEE-197,5925 East Place,Feednation,659-21-0151,80,Lotus,Elise,Maroon,2004,613272.52,11673-027,Tiebold Brinson,Male,Programmer IV,916-389-4023,tbrinsoncz@nifty.com,Sacramento,United States,US,California,6 Garrison Parkway,04-05-2019,36987-1664,23-04-2019,First Class,Truck,94286,908062.27,1,0.55,mastercard,5.01E+15,Bad,WH-BLR-01,20,19,1,38,6,12,8,4.5,2,613272.52,23304355.76,Overstock
QUA-67,426 Toban Drive,Quaxo,140-16-3673,93,Pontiac,Sunbird,Crimson,1983,608562.22,69075-001,Tristam Le Breton,Male,Financial Analyst,505-247-0125,tled0@1und1.de,Albuquerque,United States,US,New Mexico,85035 Fordem Crossing,28-05-2019,44567-802,23-01-2019,First Class,Truck,87140,819189.22,2,0.37,jcb,3.54E+15,Okay,WH-DEL-01,25,17,1,41,6,11,7,4,4,608562.22,24342488.8,Overstock
SKA-32,62 Northview Terrace,Skaboo,294-41-9298,63,Dodge,Ram 1500,Pink,1999,712777.85,49288-0826,Hillyer Snartt,Male,Teacher,408-656-4189,hsnarttd1@hibu.com,Santa Clara,United States,US,California,58954 Prairie Rose Point,15-04-2019,65862-155,09-03-2019,Standard Class,Truck,95054,876908.46,2,0.66,diners-club-enroute,2.02E+14,Okay,WH-MUM-01,28,20,1,47,6,14,9,3.9,2,712777.85,32787781.1,Overstock
LAJ-331,64 Spenser Avenue,Lajo,763-10-9352,94,Porsche,944,Yellow,1985,545924.57,13537-503,Charin Witt,Female,Research Associate,716-222-1487,cwittd2@cargocollective.com,Buffalo,United States,US,New York,971 Charing Cross Parkway,11-09-2018,43742-0175,24-04-2019,First Class,Air,14215,724844.48,1,0.62,switch,4.91E+18,Very Good,WH-BLR-01,25,15,1,39,7,14,9,4.9,5,545924.57,21291058.23,Overstock
YOM-157,59 Hollow Ridge Circle,Yombu,651-38-3577,63,Dodge,Durango,Yellow,2005,587045.78,64735-050,Karlen McSpirron,Female,Senior Financial Analyst,256-613-4465,kmcspirronrk@jigsy.com,Gadsden,United States,US,Alabama,2805 Kropf Road,19-09-2018,49517-0001,12-03-2019,First Class,Air,35905,874705.48,2,0.32,mastercard,5.05E+15,Okay,WH-DEL-01,35,18,1,52,6,14,4,4.8,3,587045.78,29939334.78,Overstock
JUM-344,453 Fisk Point,JumpXS,220-65-0031,88,Mitsubishi,Galant,Aquamarine,2004,767749.68,55550-102,Ly Hordle,Male,Product Engineer,562-833-3335,lhordled4@about.com,Long Beach,United States,US,California,0 Gulseth Way,06-03-2019,0615-1311,02-02-2019,Standard Class,Air,90810,989960.93,1,0.38,diners-club-enroute,2.02E+14,Very Bad,WH-MUM-01,25,15,1,39,9,10,2,3.8,4,767749.68,29942237.52,Overstock
OBA-69,8 Hanson Center,Oba,277-30-9002,58,Cadillac,STS,Khaki,2009,669912.41,65044-1437,Callida Causer,Female,Food Chemist,915-744-5002,ccauserd5@eepurl.com,El Paso,United States,US,Texas,2121 Stuart Park,25-10-2018,62750-060,04-06-2019,First Class,Truck,79999,882530.88,2,0.8,jcb,3.58E+15,Bad,WH-KOL-01,39,18,1,56,9,14,2,4.6,4,669912.41,36845182.55,Overstock
PHO-359,9 Maryland Junction,Photolist,212-72-8973,100,Subaru,Impreza,Maroon,2006,651000.95,51785-514,Teodor Lawly,Male,Analyst Programmer,727-500-3606,tlawlyd6@aboutads.info,Clearwater,United States,US,Florida,2 Sunbrook Parkway,03-02-2019,21130-002,15-03-2019,Same Day,Air,33763,968912.35,1,0.59,jcb,3.53E+15,Very Good,WH-BLR-01,25,17,1,41,8,12,3,3.9,3,651000.95,26691038.95,Overstock
INN-41,9 Gale Parkway,Innotype,820-21-1779,90,Nissan,Quest,Teal,1999,513164.28,0054-0435,Nalani Micka,Female,Engineer III,714-463-6030,nmickad7@cbc.ca,Newport Beach,United States,US,California,73 Schurz Hill,19-01-2019,62296-0021,06-01-2019,Same Day,Air,92662,805456.7,2,0.27,bankcard,5.60E+15,Good,WH-DEL-01,37,15,1,51,7,14,10,4,3,513164.28,25658214,Overstock
FEE-197,5298 American Ash Pass,Feednation,420-28-1587,78,Lexus,GX,Teal,2003,645759.44,0054-8181,James Doneld,Male,Computer Systems Analyst II,205-979-4979,jdoneldd8@tinypic.com,Tuscaloosa,United States,US,Alabama,32960 Shopko Street,26-02-2019,68788-9204,01-02-2019,Standard Class,Air,35405,858051.56,2,0.61,laser,6.71E+15,Bad,WH-CHN-01,35,17,1,51,8,15,2,4.8,5,645759.44,32287972,Overstock
ZAV-19,419 Nevada Hill,Zava,503-12-3193,85,Mercury,Sable,Aquamarine,1998,696271.57,53489-330,Judy Kopf,Female,Environmental Specialist,203-704-1147,jkopfd9@wunderground.com,New Haven,United States,US,Connecticut,4475 Beilfuss Plaza,27-02-2019,65585-511,05-03-2019,Same Day,Truck,6520,838978.3,1,0.78,instapayment,6.38E+15,Bad,WH-DEL-01,32,19,1,50,8,10,6,4.3,4,696271.57,34813578.5,Overstock
EAZ-210,67 Farwell Point,Eazzy,459-57-6974,103,Volkswagen,rio,Puce,2000,693154.15,68151-1174,Blondell Liddard,Female,Senior Quality Engineer,402-386-5416,bliddardda@networkadvertising.org,Omaha,United States,US,Nebraska,88 Muir Pass,22-04-2019,10544-227,14-05-2019,Standard Class,Air,68117,793703.92,2,0.39,visa-electron,4.03E+15,Good,WH-CHN-01,26,16,1,41,7,14,4,3.8,2,693154.15,27726166,Overstock
SNA-124,67 Old Gate Center,Snaptags,841-17-7017,68,GMC,Sierra 3500,Crimson,2009,658316.68,35356-698,Ive Dunsford,Male,Payment Adjustment Coordinator,612-928-7567,idunsforddb@aboutads.info,Minneapolis,United States,US,Minnesota,733 Helena Pass,31-10-2018,41163-413,30-04-2019,Same Day,Truck,55487,912691.3,1,0.29,china-unionpay,5.60E+18,Very Bad,WH-BLR-01,34,18,1,51,8,12,8,4.2,5,658316.68,33574150.68,Overstock
RHY-113,8660 Schiller Hill,Rhynyx,513-84-1167,79,Lincoln,Continental Mark VII,Purple,1988,790037.34,63029-633,Claudius Ranaghan,Male,Programmer II,405-523-6730,cranaghan4y@simplemachines.org,Oklahoma City,United States,US,Oklahoma,9192 Express Avenue,14-09-2018,41520-678,16-03-2019,Same Day,Air,73197,770340.35,1,0.87,instapayment,6.38E+15,Very Bad,WH-KOL-01,40,17,1,56,6,15,9,3.6,2,790037.34,44242091.04,Overstock
SKI-204,6235 Shasta Park,Skilith,810-01-0459,104,Volvo,XC60,Red,2012,589798.37,0168-0279,Brady Dahlen,Male,Sales Associate,310-249-1369,bdahlendd@blogs.com,Santa Monica,United States,US,California,0 Ridgeview Drive,25-06-2018,50988-400,19-02-2019,Second Class,Air,90410,970386.74,1,0.49,jcb,3.53E+15,Good,WH-MUM-01,24,18,1,41,7,14,3,3.6,5,589798.37,24181733.17,Overstock
JAX-9,8 Helena Parkway,Jaxnation,781-99-3876,88,Mitsubishi,Lancer Evolution,Green,2003,555439.93,52959-386,Ursuline Burniston,Female,Web Designer IV,806-641-9906,uburnistonde@mozilla.com,Amarillo,United States,US,Texas,311 Briar Crest Crossing,12-12-2018,68788-9714,18-05-2019,Same Day,Air,79165,902939.46,1,0.57,diners-club-international,3.67E+13,Very Good,WH-CHN-01,29,17,1,45,8,12,6,3.7,3,555439.93,24994796.85,Overstock
SKI-323,821 Anhalt Junction,Skippad,433-14-4266,88,Mitsubishi,Eclipse,Blue,1991,651029.95,36987-2212,Jessee Lidgely,Male,Internal Auditor,206-932-3656,jlidgelydf@disqus.com,Seattle,United States,US,Washington,60 Menomonie Drive,04-08-2018,55154-6027,08-02-2019,Standard Class,Air,98195,927879.16,2,0.58,jcb,3.54E+15,Bad,WH-MUM-01,22,15,1,36,9,14,4,4.5,2,651029.95,22786048.25,Overstock
KAT-175,3 Hanson Park,Katz,724-07-7936,59,Chevrolet,Camaro,Yellow,2002,635301.28,61715-118,Jackquelin Stradling,Female,Compensation Analyst,413-470-2585,jstradlingdg@un.org,Springfield,United States,US,Massachusetts,0740 Pine View Lane,15-03-2019,58118-0031,31-03-2019,Standard Class,Air,1152,818145.13,2,0.82,instapayment,6.39E+15,Bad,WH-KOL-01,33,17,1,49,10,14,2,4,2,635301.28,30494461.44,Overstock
PIX-26,6 Stoughton Terrace,Pixonyx,846-34-1523,56,BMW,X3,Blue,2008,573845.58,52810-411,Riordan Laise,Male,Account Coordinator,210-179-7686,rlaisedh@acquirethisname.com,San Antonio,United States,US,Texas,83328 Heath Avenue,01-03-2019,55926-0021,04-04-2019,Second Class,Truck,78285,801355.67,2,0.38,china-unionpay,5.60E+16,Very Bad,WH-MUM-01,38,16,1,53,6,13,10,4.8,5,573845.58,29839970.16,Overstock
QUI-353,7209 Meadow Ridge Point,Quimba,676-34-4117,84,Mercedes-Benz,E-Class,Puce,1985,620916.42,66993-902,Kennan Tumbelty,Male,Environmental Tech,202-494-5125,ktumbeltydi@com.com,Washington,United States,US,District of Columbia,74 Cordelia Road,25-12-2018,76436-204,17-03-2019,Second Class,Air,20530,935254.87,1,0.25,switch,6.33E+15,Okay,WH-CHN-01,40,19,1,58,7,12,9,4.6,3,620916.42,36013152.36,Overstock
ZOO-116,950 Monument Park,Zoonoodle,160-33-0424,61,Citroën,CX,Pink,1989,535583.38,76439-218,Kristyn Kenrat,Female,Nurse Practicioner,203-952-7550,kkenratdj@patch.com,Waterbury,United States,US,Connecticut,7202 Burning Wood Way,10-04-2019,58232-0016,12-06-2019,Standard Class,Air,6705,853729.39,2,0.49,mastercard,5.13E+15,Bad,WH-DEL-01,35,18,1,52,9,12,3,4,3,535583.38,27314752.38,Overstock
BRI-245,6 Fisk Street,Brightdog,879-63-7771,66,Ford,Escape,Indigo,2013,515076.09,0703-7045,Nanni Pumfrett,Female,GIS Technical Architect,901-929-1160,npumfrettdk@theatlantic.com,Memphis,United States,US,Tennessee,4 Chinook Circle,13-03-2019,43353-815,09-01-2019,Standard Class,Air,38181,703557.26,2,0.34,jcb,3.57E+15,Very Bad,WH-CHN-01,30,19,1,48,7,11,6,4.2,3,515076.09,24208576.23,Overstock
PHO-21,14 Londonderry Place,Photobug,474-81-0976,88,Mitsubishi,Excel,Pink,1989,643796.74,0781-5608,Clemence Freddi,Female,Registered Nurse,585-715-8353,cfreddiq4@gov.uk,Rochester,United States,US,New York,43479 Stoughton Alley,03-06-2019,49035-176,24-03-2019,Same Day,Air,14646,872210.84,1,0.61,switch,6.76E+17,Okay,WH-BLR-01,22,19,1,40,9,15,3,4.4,2,643796.74,25751869.6,Overstock
SKI-282,9 Rusk Parkway,Skimia,869-81-5558,68,GMC,Savana 3500,Teal,2007,515971.07,41250-467,Hatty Melmore,Female,Assistant Media Planner,717-315-7277,hmelmore6m@spotify.com,Harrisburg,United States,US,Pennsylvania,93997 Scofield Lane,04-01-2019,63187-185,15-02-2019,First Class,Truck,17105,906670.05,2,0.29,jcb,3.54E+15,Very Good,WH-BLR-01,21,15,1,35,8,15,4,3.8,3,515971.07,17543016.38,Overstock
LIV-23,9 Old Gate Pass,LiveZ,410-89-8997,69,Honda,Odyssey,Orange,2004,751722.52,0363-8130,Wendi Kineton,Female,Structural Engineer,415-395-1335,wkinetondn@cdbaby.com,San Francisco,United States,US,California,8 Saint Paul Avenue,31-03-2019,76354-005,06-04-2019,Standard Class,Truck,94110,998562.82,2,0.63,mastercard,5.52E+15,Very Bad,WH-MUM-01,34,18,1,51,6,11,7,4.7,5,751722.52,37586126,Overstock
BRO-259,059 Prentice Avenue,Browsecat,195-91-9512,104,Volvo,S60,Crimson,2003,790914.32,55312-571,Ivor Elphick,Male,Geologist I,704-994-0341,ielphickjw@lycos.com,Charlotte,United States,US,North Carolina,1 Northland Pass,25-07-2018,68151-5113,04-01-2019,Same Day,Air,28242,878047.69,1,0.78,jcb,3.55E+15,Okay,WH-CHN-01,37,15,1,51,8,13,6,4.9,4,790914.32,40336630.32,Overstock
BLO-185,7 Bowman Parkway,Blogtags,412-87-1556,102,Toyota,Highlander,Purple,2009,719290.59,0268-1007,Rozella Bedboro,Female,Structural Engineer,925-100-6978,rbedborodp@huffingtonpost.com,Concord,United States,US,California,95 Stephen Avenue,12-04-2019,59779-930,12-03-2019,Same Day,Air,94522,786998.55,2,0.68,visa,4.30E+15,Okay,WH-CHN-01,33,15,1,47,10,13,3,4.4,5,719290.59,33087367.14,Overstock
PLA-12,2208 Eagle Crest Center,Plajo,111-12-4129,59,Chevrolet,Silverado 3500HD,Red,2006,653416.69,65966-001,Cindie Nanuccioi,Female,Payment Adjustment Coordinator,713-107-9541,cnanuccioidq@gravatar.com,Houston,United States,US,Texas,89363 Spaight Plaza,12-07-2018,0054-0243,13-02-2019,First Class,Truck,77040,950904.6,1,0.88,jcb,3.58E+15,Good,WH-DEL-01,33,16,1,48,9,14,8,3.6,2,653416.69,31364001.12,Overstock
TWI-70,5 Forest Run Plaza,Twitterwire,530-82-7798,60,Chrysler,300M,Maroon,2002,783490.19,51079-575,Joy Sandyford,Female,Help Desk Technician,603-531-5616,jsandyforddr@yahoo.co.jp,Manchester,United States,US,New Hampshire,94753 Kinsman Plaza,07-05-2019,54458-916,24-04-2019,First Class,Air,3105,776910.83,2,0.53,jcb,3.56E+15,Very Bad,WH-DEL-01,39,16,1,54,9,15,5,4.5,3,783490.19,41524980.07,Overstock
JAL-336,03387 Sheridan Terrace,Jaloo,838-06-9578,57,Buick,Regal,Pink,1992,507428.47,53877-006,Celene Hymas,Female,Account Representative I,918-693-8966,chymasds@uiuc.edu,Tulsa,United States,US,Oklahoma,9 Onsgard Point,12-03-2019,57520-0360,15-01-2019,First Class,Air,74126,958053.93,1,0.62,jcb,3.57E+15,Bad,WH-BLR-01,28,17,1,44,6,15,4,4.1,4,507428.47,22326852.68,Overstock
MID-292,8 Riverside Plaza,Midel,894-57-2919,84,Mercedes-Benz,SLK-Class,Yellow,2011,697365.8,21695-473,Ethel Abeles,Female,Accountant II,901-239-9213,eabeles8q@geocities.jp,Memphis,United States,US,Tennessee,90814 Becker Crossing,04-10-2018,0179-0155,25-05-2019,Standard Class,Truck,38143,728896.99,1,0.83,visa-electron,4.51E+15,Very Bad,WH-KOL-01,32,15,1,46,7,10,7,4.4,2,697365.8,32078826.8,Overstock
BAB-204,86314 Division Terrace,Babbleset,730-16-1616,57,Buick,Skylark,Purple,1989,575307.81,66116-402,Dayle Newbatt,Female,Staff Accountant III,518-579-9906,dnewbattdu@privacy.gov.au,Albany,United States,US,New York,10691 Bay Road,29-03-2019,55312-332,13-01-2019,First Class,Truck,12227,885763.43,2,0.64,jcb,3.56E+15,Okay,WH-MUM-01,25,20,1,44,8,14,4,5,2,575307.81,24738235.83,Overstock
BRO-258,25 Elgar Place,Browsebug,732-12-0593,66,Ford,F350,Fuscia,2000,715560.89,61715-108,Duke Fruchon,Male,Junior Executive,614-597-0555,dfruchondv@etsy.com,Columbus,United States,US,Ohio,8905 Mccormick Center,29-03-2019,10477-2627,20-01-2019,Standard Class,Air,43284,898768.41,2,0.7,diners-club-enroute,2.01E+14,Good,WH-KOL-01,20,18,1,37,8,11,8,3.8,3,715560.89,25760192.04,Overstock
JAT-151,2843 Northview Street,Jatri,711-84-4357,63,Dodge,Avenger,Blue,1997,733721.67,52033-001,Millard Corneille,Male,Dental Hygienist,202-263-8673,mcorneilledw@ucoz.ru,Washington,United States,US,District of Columbia,93 Hallows Circle,09-01-2019,0069-0079,03-01-2019,First Class,Air,20029,871622.99,1,0.85,jcb,3.54E+15,Bad,WH-BLR-01,31,20,1,50,8,13,10,3.7,4,733721.67,36686083.5,Overstock
TEK-286,77331 Homewood Point,Teklist,509-94-2704,66,Ford,Econoline E250,Fuscia,1999,674000.04,60505-0821,Waite Huckin,Male,Graphic Designer,713-499-2223,whuckindx@hao123.com,Houston,United States,US,Texas,903 Arapahoe Park,26-02-2019,41520-958,09-06-2019,Second Class,Air,77299,719980.57,2,0.56,visa,4.04E+12,Bad,WH-MUM-01,39,19,1,57,6,14,2,4.5,2,674000.04,37744002.24,Overstock
TOP-11,34 Calypso Drive,Topicshots,647-63-1621,102,Toyota,Venza,Aquamarine,2012,604216.78,42507-374,Eldredge Sleath,Male,Tax Accountant,321-678-3924,esleathdy@google.co.jp,Palm Bay,United States,US,Florida,203 Delaware Trail,29-08-2018,52376-021,03-03-2019,Standard Class,Air,32909,913883.52,1,0.89,americanexpress,3.38E+14,Good,WH-DEL-01,34,17,1,50,9,14,9,3.7,4,604216.78,30210839,Overstock
TWI-83,8839 Basil Plaza,Twinte,734-37-3831,60,Chrysler,Sebring,Pink,2007,559428.86,14783-099,Germaine Jarrard,Female,Director of Sales,904-417-8461,gjarrarddz@soundcloud.com,Saint Augustine,United States,US,Florida,7 Blackbird Place,20-04-2019,50580-134,12-02-2019,Same Day,Truck,32092,765754.69,2,0.63,bankcard,5.60E+15,Very Bad,WH-DEL-01,35,17,1,51,10,11,2,4.1,4,559428.86,27971443,Overstock
QUA-162,8766 Carpenter Center,Quatz,403-14-8402,63,Dodge,Ram 3500,Pink,1994,765576.5,68258-3032,Analise Pedley,Female,Compensation Analyst,515-897-1020,apedleye0@go.com,Des Moines,United States,US,Iowa,44675 Towne Hill,28-01-2019,0406-0367,08-02-2019,Second Class,Truck,50393,755200.23,1,0.33,laser,6.71E+16,Very Bad,WH-KOL-01,26,20,1,45,8,12,3,4.6,3,765576.5,34450942.5,Overstock
VIV-16,44192 Harper Street,Viva,376-46-2741,81,Maserati,Quattroporte,Green,2005,561692.04,36987-1519,Adolph Pedley,Male,Assistant Media Planner,785-900-4958,apedleye1@twitpic.com,Topeka,United States,US,Kansas,449 Anhalt Avenue,31-01-2019,33261-342,25-04-2019,First Class,Air,66617,855020.04,2,0.79,jcb,3.58E+15,Good,WH-KOL-01,36,17,1,52,7,12,5,4.7,4,561692.04,28646294.04,Overstock
TOP-359,529 Mariners Cove Trail,Topicware,269-70-4570,66,Ford,E250,Blue,2005,700110.9,21130-255,Modesta MacEntee,Female,Mechanical Systems Engineer,301-279-8740,mmacenteee2@npr.org,Rockville,United States,US,Maryland,7 Algoma Center,14-11-2018,0472-0911,11-01-2019,Second Class,Truck,20851,852020.36,2,0.63,instapayment,6.39E+15,Very Good,WH-MUM-01,29,18,1,46,8,13,4,4.3,5,700110.9,31504990.5,Overstock
BRI-245,4590 Thierer Lane,Brightdog,254-67-4087,51,Acura,Integra,Mauv,1998,781411.93,12830-739,Julina Rowcastle,Female,Design Engineer,630-767-5118,jrowcastlee3@examiner.com,Naperville,United States,US,Illinois,45 Farragut Parkway,09-01-2019,64024-970,01-02-2019,Second Class,Air,60567,865242.2,2,0.3,china-unionpay,5.60E+16,Bad,WH-DEL-01,35,16,1,50,7,12,2,4.9,5,781411.93,38289184.57,Overstock
LAZ-225,65 Kinsman Terrace,Lazzy,619-58-7371,69,Honda,Accord,Maroon,1985,744236.27,49035-393,Jamal Attoc,Male,Account Representative III,303-948-0769,jattoce4@php.net,Denver,United States,US,Colorado,3079 Maple Wood Street,30-03-2019,54170-110,20-04-2019,Standard Class,Air,80262,985763.8,2,0.42,switch,6.33E+18,Bad,WH-MUM-01,39,17,1,55,7,10,3,4.9,4,744236.27,40188758.58,Overstock
JAX-214,75 Westridge Pass,Jaxworks,547-85-9847,103,Volkswagen,GTI,Purple,1997,534452.2,63323-117,Jakie Shenton,Male,Media Manager II,704-971-9849,jshentone5@facebook.com,Charlotte,United States,US,North Carolina,6112 Schurz Alley,26-04-2019,63629-2882,05-03-2019,Second Class,Air,28299,771152.11,2,0.7,mastercard,5.00E+15,Okay,WH-BLR-01,29,17,1,45,6,12,9,3.6,4,534452.2,23515896.8,Overstock
YAK-267,4 Sullivan Avenue,Yakitri,676-50-2207,53,Audi,A4,Green,1997,694021.87,50519-773,La verne Vaszoly,Female,Junior Executive,719-850-9904,lverneok@bigcartel.com,Colorado Springs,United States,US,Colorado,33 Dahle Trail,11-03-2019,54162-017,18-03-2019,Standard Class,Air,80995,821077.73,1,0.84,jcb,3.53E+15,Bad,WH-BLR-01,39,16,1,54,6,13,4,4.1,5,694021.87,37477180.98,Overstock
GIG-273,687 Brentwood Point,Gigashots,664-74-0625,90,Nissan,240SX,Turquoise,1995,535141.14,0069-6001,James Tripcony,Male,Physical Therapy Assistant,504-625-6875,jtripconye7@github.io,New Orleans,United States,US,Louisiana,345 Susan Center,30-08-2018,0955-1041,08-01-2019,Standard Class,Air,70187,716008.74,1,0.89,jcb,3.57E+15,Okay,WH-DEL-01,30,17,1,46,9,15,7,4.9,2,535141.14,24616492.44,Overstock
BAB-125,915 Lakeland Center,Babbleblab,850-08-6675,97,Saab,900,Aquamarine,2011,673180.95,61699-4888,Gael Yurov,Female,Business Systems Development Analyst,702-781-1307,gyurove8@cmu.edu,North Las Vegas,United States,US,Nevada,5584 Russell Road,27-12-2018,64720-321,25-04-2019,Same Day,Air,89036,756463.73,1,0.35,jcb,3.59E+15,Very Bad,WH-BLR-01,27,19,1,45,7,14,3,4.1,5,673180.95,30293142.75,Overstock
QUI-353,5031 Bluestem Circle,Quimba,135-43-7540,53,Audi,Allroad,Aquamarine,2005,668880.58,64942-1305,Michaelina De Hooch,Female,Marketing Assistant,909-618-8876,mdee9@nih.gov,Riverside,United States,US,California,34312 Anthes Lane,21-03-2019,41167-0031,29-04-2019,Standard Class,Truck,92505,958022.53,1,0.36,jcb,3.57E+15,Okay,WH-DEL-01,35,16,1,50,8,13,4,3.7,4,668880.58,33444029,Overstock
VOO-128,6887 Basil Circle,Voonix,547-76-0965,104,Volvo,XC60,Purple,2012,739155.3,49288-0591,Becka Barlass,Female,Teacher,404-602-8109,bbarlassea@jugem.jp,Atlanta,United States,US,Georgia,0 Fisk Point,30-11-2018,11822-0542,31-03-2019,Standard Class,Truck,30368,700480.52,1,0.29,diners-club-carte-blanche,3.04E+13,Very Good,WH-DEL-01,35,18,1,52,7,14,9,3.8,3,739155.3,38436075.6,Overstock
TWI-104,10788 Cody Alley,Twitterbeat,881-02-8632,57,Buick,Century,Purple,2002,709582.06,54868-1590,Kaela O'Doireidh,Female,Product Engineer,360-671-2653,kodoireidheb@weebly.com,Vancouver,United States,US,Washington,0 Sunnyside Alley,04-09-2018,43742-0087,06-02-2019,First Class,Air,98682,829557.3,1,0.5,jcb,3.53E+15,Okay,WH-BLR-01,31,15,1,45,6,13,9,3.7,2,709582.06,31931192.7,Overstock
MEE-167,473 Norway Maple Terrace,Meetz,306-07-7616,85,Mercury,Capri,Pink,1986,702527.3,68788-9203,Lazaro Gouinlock,Male,Project Manager,916-833-8515,lgouinlockec@bloglines.com,Sacramento,United States,US,California,292 Crowley Hill,11-01-2019,41250-829,07-05-2019,First Class,Truck,94286,892599.94,1,0.44,maestro,6.76E+15,Very Good,WH-MUM-01,35,17,1,51,8,15,7,4.6,4,702527.3,35828892.3,Overstock
JAZ-8,048 Packers Avenue,Jazzy,593-82-9122,97,Saab,900,Green,2005,783661.39,59572-205,Pearla Aspland,Female,Nuclear Power Engineer,202-186-6508,pasplanded@delicious.com,Washington,United States,US,District of Columbia,4160 Northwestern Hill,25-10-2018,60512-1017,13-03-2019,Standard Class,Air,20088,832080.27,2,0.72,mastercard,5.25E+15,Bad,WH-DEL-01,35,20,1,54,9,12,10,4.5,5,783661.39,41534053.67,Overstock
REA-315,9 Aberg Alley,Realbridge,680-20-3768,60,Chrysler,Pacifica,Yellow,2004,611128.05,51808-210,Ashton De Mattei,Male,Chief Design Engineer,518-108-0398,adeee@flavors.me,Albany,United States,US,New York,65 Alpine Terrace,12-11-2018,59779-620,03-02-2019,First Class,Truck,12210,921035.98,1,0.44,diners-club-carte-blanche,3.04E+13,Very Good,WH-CHN-01,34,15,1,48,10,10,7,3.7,3,611128.05,29334146.4,Overstock
VIM-101,469 Waxwing Park,Vimbo,252-27-6855,63,Dodge,Ram Van 2500,Teal,2003,592129.56,63739-805,Rita Breakwell,Female,Assistant Professor,205-592-2534,rbreakwellef@dropbox.com,Birmingham,United States,US,Alabama,0817 Scott Street,27-04-2019,48433-311,29-04-2019,First Class,Truck,35279,817508.04,1,0.52,mastercard,5.10E+15,Good,WH-DEL-01,40,15,1,54,6,15,4,4.8,3,592129.56,31974996.24,Overstock
KAN-79,666 Riverside Crossing,Kanoodle,877-92-2965,91,Oldsmobile,Regency,Puce,1997,512516,49349-272,Willard France,Male,VP Product Management,781-159-3923,wfrance4x@google.co.jp,Waltham,United States,US,Massachusetts,74049 American Ash Hill,21-01-2019,52862-008,07-04-2019,Second Class,Air,2453,700321.49,2,0.4,visa-electron,4.18E+15,Bad,WH-CHN-01,23,17,1,39,7,12,8,3.9,5,512516,19475608,Overstock
SKI-204,73 Fulton Crossing,Skilith,331-95-9623,88,Mitsubishi,Tredia,Puce,1988,711337.31,10477-7603,Glenine Abelevitz,Female,Accountant IV,202-699-6634,gabelevitza0@ow.ly,Laurel,United States,US,Maryland,5 Mayer Hill,28-11-2018,60429-555,24-02-2019,Same Day,Truck,20709,970782.56,1,0.67,jcb,3.54E+15,Okay,WH-MUM-01,40,17,1,56,8,15,4,4.5,2,711337.31,39834889.36,Overstock
YOU-143,9 Hermina Junction,Youopia,729-36-2041,84,Mercedes-Benz,M-Class,Red,1998,653470.84,50242-075,Harwilll Scallon,Male,Sales Associate,862-571-4694,hscallonei@goodreads.com,Paterson,United States,US,New Jersey,63 Stang Alley,29-10-2018,13537-220,26-02-2019,Same Day,Air,7544,740237.44,2,0.64,jcb,3.56E+15,Very Bad,WH-KOL-01,35,16,1,50,8,13,7,5,4,653470.84,32020071.16,Overstock
AIB-280,424 Debra Center,Aibox,865-42-1286,100,Subaru,Forester,Red,2007,530257.82,49349-677,Retha Couzens,Female,Environmental Tech,937-136-1689,rcouzensej@google.com.hk,Dayton,United States,US,Ohio,2 Jenna Alley,26-04-2019,0395-1213,09-04-2019,Second Class,Truck,45408,803378.01,1,0.75,bankcard,5.60E+15,Bad,WH-BLR-01,28,20,1,47,8,11,2,3.5,3,530257.82,24922117.54,Overstock
TWI-126,03400 Armistice Lane,Twimbo,642-85-8473,83,Mazda,B-Series Plus,Blue,1996,691121.91,52959-009,Orelle Dibb,Female,Web Developer II,843-664-1270,odibbek@4shared.com,Beaufort,United States,US,South Carolina,57163 Rieder Circle,22-09-2018,75887-003,10-01-2019,Second Class,Air,29905,792237.37,2,0.89,jcb,3.59E+15,Very Bad,WH-BLR-01,22,17,1,38,6,11,10,4.5,3,691121.91,25571510.67,Overstock
GAB-87,8 Rowland Crossing,Gabcube,768-57-3316,83,Mazda,Miata MX-5,Crimson,2008,689817.44,54569-1155,Siward Stainton - Skinn,Male,Statistician I,407-575-8746,sstaintonel@mac.com,Orlando,United States,US,Florida,30499 Spohn Avenue,17-02-2019,41520-114,26-03-2019,Second Class,Truck,32835,931525.87,2,0.32,americanexpress,3.38E+14,Very Bad,WH-KOL-01,27,19,1,45,9,15,9,4.3,2,689817.44,30351967.36,Overstock
YAB-293,71947 Farwell Place,Yabox,179-12-3107,59,Chevrolet,Bel Air,Goldenrod,1967,540948.38,43857-0023,Ric Limbert,Male,Director of Sales,904-875-1436,rlimbertem@usgs.gov,Jacksonville,United States,US,Florida,254 Shopko Trail,02-02-2019,0591-3964,22-05-2019,Second Class,Truck,32259,796675.88,1,0.84,maestro,6.76E+16,Very Bad,WH-MUM-01,31,19,1,49,8,14,3,4.6,5,540948.38,26506470.62,Overstock
FLI-273,626 Clyde Gallagher Terrace,Flipstorm,413-89-0621,53,Audi,A3,Violet,2012,674456.59,51672-1271,Inger Sellan,Female,Senior Financial Analyst,941-236-7604,isellaner@mail.ru,Bradenton,United States,US,Florida,70718 Forest Place,06-05-2019,52125-574,15-04-2019,Same Day,Air,34210,841175.73,1,0.5,switch,6.33E+18,Very Good,WH-BLR-01,21,19,1,39,9,12,10,4.3,5,674456.59,26303807.01,Overstock
QUA-162,8372 Farwell Junction,Quatz,328-35-3520,93,Pontiac,Sunfire,Pink,2004,629947.59,68682-004,Kynthia Kettlesing,Female,Technical Writer,574-972-1049,kkettlesingeo@auda.org.au,South Bend,United States,US,Indiana,89409 Sherman Terrace,13-07-2018,48951-2084,11-01-2019,Standard Class,Air,46614,749736.46,2,0.9,bankcard,5.60E+15,Very Good,WH-BLR-01,36,19,1,54,9,10,4,3.7,5,629947.59,33387222.27,Overstock
OYO-105,61489 Mcguire Parkway,Oyoba,569-07-4332,66,Ford,Edge,Khaki,2009,777418.65,0904-6191,Conrado Van der Daal,Male,Editor,513-822-7045,cvanep@webmd.com,Cincinnati,United States,US,Ohio,1941 Pine View Lane,04-09-2018,0054-8528,13-01-2019,First Class,Air,45296,795709.75,1,0.63,jcb,3.55E+15,Okay,WH-MUM-01,40,17,1,56,8,15,5,4.7,4,777418.65,43535444.4,Overstock
FAT-16,58564 Golf Course Road,Fatz,523-80-9887,90,Nissan,Sentra,Pink,1999,777163.99,29149-001,Ericha Hagard,Female,Account Representative IV,602-305-8027,ehagard2c@elpais.com,Phoenix,United States,US,Arizona,364 Buhler Avenue,04-08-2018,66715-9735,14-04-2019,Same Day,Air,85099,992886.7,2,0.48,mastercard,5.10E+15,Very Bad,WH-MUM-01,32,19,1,50,8,11,10,4.2,3,777163.99,38081035.51,Overstock
MYW-59,3 Orin Crossing,Myworks,554-02-7818,102,Toyota,4Runner,Mauv,2010,733427.36,0904-6277,Pincas Thorpe,Male,Programmer Analyst IV,203-922-9178,pthorpe3g@chronoengine.com,Norwalk,United States,US,Connecticut,31219 Little Fleur Trail,17-04-2019,59779-129,21-03-2019,First Class,Truck,6854,924311.1,1,0.41,jcb,3.58E+15,Very Bad,WH-DEL-01,26,15,1,40,8,12,10,3.5,5,733427.36,29337094.4,Overstock
DYN-53,09 Mosinee Road,Dynabox,296-82-0168,80,Lotus,Elise,Goldenrod,2009,518657.83,10544-151,Amata Dell,Female,Editor,806-764-4623,adelles@macromedia.com,Lubbock,United States,US,Texas,39 Kingsford Alley,14-12-2018,10096-0258,08-02-2019,Standard Class,Truck,79405,908650.52,2,0.3,jcb,3.57E+15,Bad,WH-BLR-01,36,20,1,55,10,13,4,3.7,3,518657.83,28007522.82,Overstock
FLI-14,272 Elmside Street,Flipbug,178-72-5871,101,Suzuki,Vitara,Yellow,2002,546296.85,11822-6101,Tonya Tidball,Female,Occupational Therapist,561-287-4093,ttidballet@biblegateway.com,Boca Raton,United States,US,Florida,49 Blue Bill Park Parkway,30-05-2019,44523-603,30-04-2019,Second Class,Air,33432,838528.58,2,0.4,laser,6.71E+15,Okay,WH-MUM-01,25,15,1,39,10,10,8,5,4,546296.85,20759280.3,Overstock
MYW-59,95 Vera Park,Myworks,212-40-8303,93,Pontiac,Trans Sport,Goldenrod,1991,600871.41,51655-102,Karim Rosevear,Male,Cost Accountant,417-977-7996,kroseveareu@furl.net,Springfield,United States,US,Missouri,5 Prairie Rose Lane,29-05-2019,63323-127,08-03-2019,Same Day,Truck,65805,796593.13,1,0.7,jcb,3.56E+15,Very Bad,WH-BLR-01,39,16,1,54,10,14,6,4.7,2,600871.41,32447056.14,Overstock
COG-152,68 Eastwood Way,Cogilith,741-55-2529,63,Dodge,Intrepid,Goldenrod,2002,594583.1,0409-3213,Lea Wernham,Female,Chemical Engineer,843-953-4690,lwernhamev@businessinsider.com,Florence,United States,US,South Carolina,2 Coleman Plaza,10-06-2019,68737-226,08-04-2019,Standard Class,Truck,29505,896621.53,1,0.39,jcb,3.58E+15,Bad,WH-BLR-01,28,19,1,46,7,14,7,3.8,2,594583.1,27350822.6,Overstock
TRU-285,881 Arizona Court,Trudeo,770-12-9213,88,Mitsubishi,Raider,Crimson,2009,660245.46,50114-8500,Berkeley Roz,Male,Legal Assistant,313-711-6183,brozew@homestead.com,Detroit,United States,US,Michigan,355 Vernon Alley,25-07-2018,0268-1138,06-05-2019,First Class,Truck,48217,732441.62,1,0.8,mastercard,5.34E+15,Okay,WH-KOL-01,25,16,1,40,9,13,4,4.3,5,660245.46,26409818.4,Overstock
BLO-191,8 Becker Crossing,Blognation,126-13-2125,104,Volvo,C30,Turquoise,2009,748409.41,33237-002,Christin Shottin,Female,Product Engineer,714-952-3051,cshottinex@posterous.com,Anaheim,United States,US,California,84726 Onsgard Way,13-11-2018,24385-054,12-06-2019,Standard Class,Air,92812,780766.03,1,0.46,jcb,3.54E+15,Very Good,WH-KOL-01,31,17,1,47,8,11,10,4.4,3,748409.41,35175242.27,Overstock
KWI-279,30193 Arapahoe Trail,Kwimbee,578-83-2676,103,Volkswagen,Jetta,Yellow,1987,741224.47,55154-2734,Car Gerwood,Male,Recruiting Manager,850-405-8579,cgerwoodey@gizmodo.com,Tallahassee,United States,US,Florida,47 Mifflin Way,27-07-2018,60793-130,10-01-2019,First Class,Air,32399,938479.84,2,0.27,maestro,5.89E+17,Very Good,WH-CHN-01,21,16,1,36,6,14,2,3.7,2,741224.47,25942856.45,Overstock
AIN-229,92809 Sloan Point,Ainyx,790-07-9248,84,Mercedes-Benz,S-Class,Puce,1996,552442.9,98132-710,Leontine Fante,Female,Payment Adjustment Coordinator,509-989-5964,lfante9v@vk.com,Spokane,United States,US,Washington,6506 Spaight Pass,06-04-2019,56062-516,19-04-2019,Second Class,Truck,99215,710467.3,2,0.71,mastercard,5.10E+15,Bad,WH-CHN-01,39,16,1,54,10,15,6,4.4,3,552442.9,29279473.7,Overstock
LIV-23,59 Helena Park,LiveZ,714-07-9190,91,Oldsmobile,Cutlass Supreme,Teal,1993,608535.16,37012-484,Rockwell Cresser,Male,Assistant Manager,828-669-4882,rcresserf0@mediafire.com,Asheville,United States,US,North Carolina,11749 Dovetail Junction,12-07-2018,65862-134,17-06-2019,First Class,Truck,28805,869402.01,1,0.89,visa-electron,4.84E+15,Good,WH-BLR-01,25,20,1,44,9,15,5,3.5,3,608535.16,26775547.04,Overstock
ABA-208,4299 Dorton Crossing,Abatz,694-21-0235,59,Chevrolet,Express 3500,Yellow,1996,760883.96,11527-163,Mateo Reolfi,Male,Compensation Analyst,812-832-2160,mreolfif1@jimdo.com,Jeffersonville,United States,US,Indiana,03655 Basil Road,11-11-2018,57520-0503,24-04-2019,Second Class,Truck,47134,744912.09,2,0.31,jcb,3.57E+15,Very Good,WH-DEL-01,29,17,1,45,9,15,10,3.9,3,760883.96,33478894.24,Overstock
PLA-12,840 Park Meadow Pass,Plajo,715-50-5471,60,Chrysler,Concorde,Red,1999,738178.24,17478-792,Andros Yurshev,Male,Mechanical Systems Engineer,508-512-3009,ayurshevak@seesaa.net,New Bedford,United States,US,Massachusetts,382 Vermont Junction,23-04-2019,52000-000,10-06-2019,First Class,Truck,2745,940471.31,2,0.52,jcb,3.55E+15,Good,WH-MUM-01,25,19,1,43,9,15,3,4.5,2,738178.24,31003486.08,Overstock
INN-259,406 Montana Parkway,InnoZ,844-80-9527,102,Toyota,Solara,Yellow,2003,796767.55,36987-2792,Karee Richemond,Female,Paralegal,818-857-6971,krichemondf3@nih.gov,Van Nuys,United States,US,California,05 Maple Court,30-01-2019,0067-6025,02-01-2019,Same Day,Truck,91411,795237.45,2,0.37,diners-club-enroute,2.01E+14,Bad,WH-CHN-01,23,19,1,41,6,11,6,4.4,5,796767.55,31870702,Overstock
OBA-69,2948 Loftsgordon Parkway,Oba,157-64-6315,68,GMC,3500 Club Coupe,Purple,1994,552464.54,0113-0973,Becky Karppi,Female,Account Executive,347-898-2504,bkarppif4@omniture.com,Brooklyn,United States,US,New York,88 Toban Road,09-03-2019,16590-609,08-06-2019,Standard Class,Air,11241,922429.28,1,0.72,instapayment,6.39E+15,Okay,WH-DEL-01,34,16,1,49,7,15,10,4.7,5,552464.54,27070762.46,Overstock
INN-41,278 Toban Drive,Innotype,129-25-1741,104,Volvo,V90,Indigo,1997,770234.37,58118-1260,Fanechka Fant,Female,Account Representative I,415-678-8058,ffantf5@paypal.com,San Francisco,United States,US,California,137 Karstens Crossing,27-01-2019,64117-250,02-02-2019,Standard Class,Air,94169,957463.31,1,0.59,jcb,3.59E+15,Good,WH-KOL-01,29,16,1,44,10,15,4,4.6,5,770234.37,33890312.28,Overstock
FEE-330,100 Anhalt Place,Feedfire,634-55-4653,100,Subaru,Justy,Crimson,1988,798573.59,54868-5732,Archer Landsborough,Male,Speech Pathologist,408-440-1522,alandsborough9@chron.com,San Jose,United States,US,California,04 Knutson Drive,24-11-2018,45802-583,24-02-2019,Standard Class,Truck,95113,902866.47,1,0.61,jcb,3.53E+15,Very Bad,WH-MUM-01,31,16,1,46,8,12,10,4.5,3,798573.59,36734385.14,Overstock
SKI-316,89 Killdeer Road,Skivee,137-70-2218,66,Ford,Aspire,Goldenrod,1994,628831.35,63010-011,Gabrielle Scrivenor,Female,Research Associate,808-718-2077,gscrivenorf7@amazon.co.jp,Honolulu,United States,US,Hawaii,2289 Darwin Center,02-05-2019,14720-372,26-01-2019,Second Class,Truck,96845,931999.99,1,0.41,mastercard,5.26E+15,Okay,WH-BLR-01,39,18,1,56,10,13,4,3.7,2,628831.35,35214555.6,Overstock
MEE-144,8 Center Way,Meejo,429-99-0447,83,Mazda,Miata MX-5,Maroon,2002,711760.55,37808-351,Jocelyn Tatlock,Female,Compensation Analyst,917-172-2218,jtatlockf8@scientificamerican.com,New York City,United States,US,New York,1937 International Road,29-12-2018,0113-2476,30-04-2019,Same Day,Truck,10155,740283.16,1,0.74,jcb,3.55E+15,Good,WH-KOL-01,37,19,1,55,7,11,10,3.6,5,711760.55,39146830.25,Overstock
JAN-134,717 Maryland Crossing,Janyx,361-75-4426,59,Chevrolet,Monte Carlo,Yellow,2000,501681.17,0283-0679,Kort Hobbert,Male,Automation Specialist IV,508-794-7055,khobbertfq@msn.com,Worcester,United States,US,Massachusetts,9229 Hooker Terrace,17-04-2019,52380-0540,24-04-2019,Standard Class,Air,1654,846498.77,2,0.69,americanexpress,3.74E+14,Very Good,WH-BLR-01,34,18,1,51,6,11,5,3.8,3,501681.17,25084058.5,Overstock
TRU-140,5 Myrtle Junction,Trupe,237-34-5520,74,Jeep,Grand Cherokee,Orange,2010,579570.63,59351-0333,Malanie McIlroy,Female,VP Accounting,510-255-4514,mmcilroyfa@dropbox.com,Sacramento,United States,US,California,20 Sloan Parkway,11-03-2019,36987-1216,07-04-2019,Standard Class,Air,95823,924010,1,0.56,switch,4.91E+18,Very Bad,WH-CHN-01,21,16,1,36,9,12,7,4.8,3,579570.63,20864542.68,Overstock
FIV-87,5865 Main Road,Fivebridge,375-70-6450,66,Ford,Explorer,Aquamarine,2013,679528.18,0362-9011,Ara Dionisetti,Female,Programmer Analyst II,213-516-4818,adionisettik0@independent.co.uk,Los Angeles,United States,US,California,48115 Steensland Circle,29-09-2018,52244-010,20-04-2019,First Class,Air,90101,911770.07,1,0.33,maestro,6.76E+15,Okay,WH-CHN-01,29,16,1,44,6,12,5,3.8,5,679528.18,29899239.92,Overstock
AVA-303,1388 Emmet Point,Avaveo,204-59-9604,78,Lexus,IS-F,Green,2012,544052.09,0002-4465,Minerva Noir,Female,Safety Technician II,317-472-9307,mnoirfc@mlb.com,Indianapolis,United States,US,Indiana,8958 Glacier Hill Crossing,23-05-2019,10742-8368,17-06-2019,Same Day,Air,46221,797957.33,1,0.27,jcb,3.55E+15,Good,WH-DEL-01,22,19,1,40,7,10,5,4.9,4,544052.09,21762083.6,Overstock
BAB-285,7477 Anderson Crossing,Babbleopia,471-08-6486,71,Infiniti,Q,Orange,2001,757878.29,63187-087,Eveleen Rittelmeyer,Female,Professor,602-153-9389,erittelmeyerfd@hao123.com,Phoenix,United States,US,Arizona,8920 Kings Drive,18-01-2019,54868-4381,08-06-2019,First Class,Truck,85053,843930.47,2,0.75,maestro,5.02E+16,Very Good,WH-KOL-01,32,19,1,50,9,14,6,4.6,3,757878.29,37136036.21,Overstock
KAR-16,72410 Reinke Alley,Kare,738-05-0868,101,Suzuki,Kizashi,Red,2011,643784.73,41520-873,Norine Harris,Female,Assistant Professor,407-911-1873,nharrisfe@house.gov,Orlando,United States,US,Florida,434 Raven Center,30-12-2018,37808-431,13-01-2019,Second Class,Air,32835,725006.81,2,0.68,maestro,6.05E+16,Bad,WH-DEL-01,22,18,1,39,7,11,10,4.2,2,643784.73,24463819.74,Overstock
REA-140,2 Longview Park,Realbuzz,445-01-2969,70,Hyundai,Tucson,Red,2010,544284.59,59115-130,Judah Greatbank,Male,Executive Secretary,646-181-7404,jgreatbank59@skype.com,New York City,United States,US,New York,2421 Fair Oaks Way,24-11-2018,64058-242,17-04-2019,Standard Class,Air,10099,844139.5,1,0.74,visa,4.02E+15,Good,WH-KOL-01,20,17,1,36,10,11,7,4.1,3,544284.59,19594245.24,Overstock
LAY-215,957 Petterle Way,Layo,775-69-0274,104,Volvo,V40,Orange,2002,599234.27,49349-336,Beverley Elstub,Female,Senior Developer,202-757-0920,belstubfg@tinyurl.com,Washington,United States,US,District of Columbia,9 Amoth Court,18-07-2018,0378-0344,14-01-2019,Standard Class,Air,56944,955661.07,1,0.29,americanexpress,3.75E+14,Good,WH-DEL-01,29,16,1,44,8,15,3,4.3,5,599234.27,26366307.88,Overstock
BAB-285,9037 Bonner Drive,Babbleopia,361-46-9281,104,Volvo,C70,Turquoise,2008,524051.85,10812-604,Hewet Stithe,Male,VP Quality Control,410-730-9421,hstithefh@smugmug.com,Baltimore,United States,US,Maryland,4157 Forest Dale Place,26-07-2018,0378-2017,29-03-2019,First Class,Truck,21265,779769.27,1,0.58,jcb,3.55E+15,Good,WH-KOL-01,30,16,1,45,7,15,2,4.6,4,524051.85,23582333.25,Overstock
SKI-323,0327 Surrey Pass,Skippad,440-86-7792,71,Infiniti,M,Blue,2007,762039.69,63629-1558,Shanon Dudgeon,Female,Environmental Tech,713-241-3306,sdudgeonfi@elpais.com,Houston,United States,US,Texas,23 Saint Paul Place,24-10-2018,60512-6646,28-04-2019,Standard Class,Air,77206,984606.86,1,0.29,diners-club-enroute,2.02E+14,Very Good,WH-BLR-01,25,18,1,42,8,12,6,4.4,4,762039.69,32005666.98,Overstock
GEB-202,00085 Anniversary Parkway,Geba,776-41-4516,56,BMW,5 Series,Goldenrod,2012,531392.16,55154-5089,Boonie Milkeham,Male,Compensation Analyst,936-580-3986,bmilkeham80@fc2.com,Conroe,United States,US,Texas,53800 Scott Circle,11-03-2019,11673-407,20-01-2019,Second Class,Air,77305,919142.33,1,0.78,switch,4.90E+17,Bad,WH-KOL-01,33,15,1,47,7,12,3,4.1,2,531392.16,24975431.52,Overstock
AVA-303,3507 Saint Paul Court,Avaveo,325-13-8612,66,Ford,Excursion,Maroon,2005,597917.34,23155-014,Barry Filippello,Male,Senior Cost Accountant,520-304-2181,bfilippellofk@bizjournals.com,Tucson,United States,US,Arizona,94207 Waywood Avenue,24-09-2018,54738-908,29-03-2019,Standard Class,Truck,85754,849568.1,1,0.37,china-unionpay,5.60E+17,Good,WH-BLR-01,22,17,1,38,6,14,3,4.6,2,597917.34,22720858.92,Overstock
SHU-349,9 Macpherson Terrace,Shuffledrive,857-91-5590,53,Audi,RS 4,Blue,2008,716932.67,68462-179,Haley Nockells,Female,Account Representative I,502-605-8186,hnockells2l@elegantthemes.com,Louisville,United States,US,Kentucky,0081 Hayes Plaza,05-01-2019,41250-453,28-03-2019,First Class,Truck,40210,984950.9,2,0.81,jcb,3.56E+15,Very Good,WH-CHN-01,23,19,1,41,8,13,6,4.4,3,716932.67,28677306.8,Overstock
EIM-37,42 Mifflin Way,Eimbee,102-41-0153,84,Mercedes-Benz,E-Class,Aquamarine,2002,647466.27,60760-978,Dannie Bold,Male,Occupational Therapist,678-609-3172,dboldfm@berkeley.edu,Atlanta,United States,US,Georgia,49986 Warbler Center,26-05-2019,43353-867,24-02-2019,Same Day,Truck,30301,901134.64,1,0.32,jcb,3.57E+15,Very Good,WH-MUM-01,24,18,1,41,10,12,4,3.8,2,647466.27,26546117.07,Overstock
JAB-348,57182 Lunder Avenue,Jabbersphere,215-35-2226,57,Buick,Lucerne,Indigo,2011,756084.82,11822-0450,Melitta Dulany,Female,Budget/Accounting Analyst IV,650-872-5300,mdulanyfn@storify.com,Redwood City,United States,US,California,6193 Starling Trail,01-05-2019,68258-7980,28-01-2019,First Class,Truck,94064,922666.88,2,0.56,jcb,3.56E+15,Okay,WH-DEL-01,31,17,1,47,10,14,4,4.5,4,756084.82,34779901.72,Overstock
DIV-215,1599 Mariners Cove Alley,Divanoodle,200-95-8491,69,Honda,CR-V,Orange,1997,679745.5,63730-292,Hunfredo MacChaell,Male,Geological Engineer,903-928-4295,hmacchaellfo@umn.edu,Texarkana,United States,US,Texas,9 Onsgard Crossing,06-09-2018,58118-1342,06-06-2019,Standard Class,Air,75507,891147.46,1,0.49,maestro,5.89E+17,Very Bad,WH-DEL-01,38,15,1,52,9,11,2,4.4,2,679745.5,35346766,Overstock
LIV-106,4 Jackson Drive,Livefish,814-79-0366,88,Mitsubishi,Galant,Red,1994,572474.69,60429-354,Benita Jandera,Female,Graphic Designer,561-499-3718,bjanderafp@ow.ly,Boca Raton,United States,US,Florida,84 4th Junction,09-10-2018,37205-607,17-05-2019,Second Class,Air,33499,958300.42,1,0.35,mastercard,5.26E+15,Very Bad,WH-CHN-01,27,20,1,46,7,15,5,3.8,2,572474.69,26333835.74,Overstock
OMB-170,799 Lighthouse Bay Parkway,Omba,146-08-9923,83,Mazda,MX-3,Pink,1992,728047.96,37205-715,Hubie Leal,Male,VP Product Management,813-791-5847,hlealm5@loc.gov,Tampa,United States,US,Florida,88243 Milwaukee Road,12-05-2019,49281-650,14-01-2019,Same Day,Truck,33610,994596.86,1,0.34,jcb,3.57E+15,Bad,WH-DEL-01,21,15,1,35,7,11,6,4.4,2,728047.96,25481678.6,Overstock
BAB-125,6 Dexter Junction,Babbleblab,123-42-8616,100,Subaru,Forester,Red,2007,706042.96,0456-0095,Cornelius Hirthe,Male,Internal Auditor,304-554-2052,chirthefr@goo.ne.jp,Huntington,United States,US,West Virginia,3032 Maple Wood Way,01-05-2019,76113-012,10-05-2019,Same Day,Air,25721,742354.62,1,0.88,jcb,3.57E+15,Good,WH-DEL-01,27,15,1,41,8,10,10,3.9,5,706042.96,28947761.36,Overstock
FLI-14,15 Caliangt Terrace,Flipbug,801-84-1627,57,Buick,Somerset,Mauv,1985,538273.2,0781-3315,Bengt Idiens,Male,Assistant Manager,727-421-2331,bidiens7y@google.cn,Saint Petersburg,United States,US,Florida,24 Norway Maple Hill,16-09-2018,65121-885,19-05-2019,Standard Class,Truck,33710,967548.35,1,0.6,jcb,3.58E+15,Very Bad,WH-BLR-01,37,17,1,53,9,14,9,4.2,4,538273.2,28528479.6,Overstock
TOP-11,3 Kipling Road,Topicshots,528-53-6691,83,Mazda,Protege,Teal,1998,560565.94,0220-9081,Katusha Benet,Female,Staff Accountant IV,412-634-3631,kbeneteh@unc.edu,Pittsburgh,United States,US,Pennsylvania,798 Parkside Alley,24-07-2018,43742-0343,15-01-2019,First Class,Truck,15240,941817.29,2,0.73,jcb,3.57E+15,Bad,WH-MUM-01,23,18,1,40,6,11,5,4.2,2,560565.94,21862071.66,Overstock
FEE-330,30362 Mariners Cove Pass,Feedfire,828-88-3282,90,Nissan,GT-R,Turquoise,2011,506821.81,55301-411,Tamas Claye,Male,Information Systems Manager,502-270-9040,tclayefu@surveymonkey.com,Louisville,United States,US,Kentucky,55 Nancy Lane,01-02-2019,75857-1100,06-02-2019,Second Class,Air,40280,868698.33,2,0.56,jcb,3.55E+15,Good,WH-DEL-01,38,15,1,52,10,12,4,4.7,5,506821.81,25847912.31,Overstock
MUX-147,51756 Corben Drive,Muxo,765-65-1142,101,Suzuki,Vitara,Teal,2002,531593.7,44523-450,Eveline McKirdy,Female,Electrical Engineer,501-853-3771,emckirdyfv@who.int,Little Rock,United States,US,Arkansas,7 Ridgeway Center,26-12-2018,49967-206,26-01-2019,First Class,Air,72231,910114.62,1,0.36,diners-club-carte-blanche,3.02E+13,Very Good,WH-CHN-01,30,16,1,45,6,15,5,3.9,2,531593.7,23921716.5,Overstock
FIV-209,401 Brown Terrace,Fivespan,857-64-8516,93,Pontiac,Bonneville,Indigo,1968,521774.37,64942-0894,Benetta Matthis,Female,Associate Professor,419-317-3217,bmatthisfw@ezinearticles.com,Toledo,United States,US,Ohio,96 Texas Way,25-07-2018,12462-201,27-02-2019,Standard Class,Air,43656,826583.87,1,0.89,jcb,3.56E+15,Bad,WH-MUM-01,35,15,1,49,10,14,9,4,4,521774.37,25566944.13,Overstock
TOP-350,78325 Merchant Trail,Topicstorm,557-02-9169,93,Pontiac,Montana,Turquoise,2005,688179.93,54868-5585,Brandtr Playhill,Male,Database Administrator IV,775-503-6439,bplayhillfx@uol.com.br,Carson City,United States,US,Nevada,56197 Hollow Ridge Terrace,24-02-2019,49738-872,14-04-2019,Same Day,Truck,89714,712249.45,2,0.57,jcb,3.54E+15,Bad,WH-MUM-01,21,17,1,37,10,13,3,4.8,5,688179.93,24774477.48,Overstock
TAM-312,1871 Scoville Junction,Tambee,502-87-4013,64,Eagle,Talon,Yellow,1990,768898.81,22700-143,Cherrita Ebi,Female,Quality Engineer,202-842-9921,cebify@goo.gl,Washington,United States,US,District of Columbia,35 Novick Street,01-06-2019,36987-1842,29-04-2019,Same Day,Air,20470,911911.25,2,0.41,jcb,3.55E+15,Bad,WH-MUM-01,21,15,1,35,6,14,3,4.8,4,768898.81,26142559.54,Overstock
MEE-137,3817 Ilene Park,Meezzy,409-44-1664,66,Ford,Aerostar,Red,1997,660411.83,36987-3061,Standford Goodhall,Male,Software Consultant,240-408-7636,sgoodhallfz@mozilla.com,Silver Spring,United States,US,Maryland,55189 Thackeray Parkway,01-05-2019,0013-2651,11-05-2019,First Class,Air,20904,811909.78,2,0.39,diners-club-carte-blanche,3.02E+13,Okay,WH-BLR-01,21,19,1,39,9,11,5,4.3,4,660411.83,25095649.54,Overstock
KWI-120,508 Larry Way,Kwilith,362-39-7487,59,Chevrolet,Camaro,Khaki,1967,689570.61,59310-175,Vevay Stagg,Female,Registered Nurse,256-669-1494,vstaggg0@hao123.com,Gadsden,United States,US,Alabama,267 Redwing Pass,26-11-2018,24330-410,11-04-2019,Second Class,Air,35905,807335.29,2,0.41,diners-club-carte-blanche,3.01E+13,Very Good,WH-MUM-01,32,20,1,51,6,10,8,4.8,5,689570.61,34478530.5,Overstock
INN-259,58 Mifflin Trail,InnoZ,392-03-3145,102,Toyota,Celica,Khaki,2003,742359.49,47781-103,Kirbee Woolager,Female,Recruiter,718-345-9152,kwoolagerg1@weibo.com,Bronx,United States,US,New York,555 Bowman Street,23-10-2018,24987-242,05-01-2019,Same Day,Air,10464,920041.64,2,0.27,bankcard,5.60E+15,Okay,WH-BLR-01,22,15,1,36,8,10,10,4.1,4,742359.49,25982582.15,Overstock
JAL-336,862 Park Meadow Terrace,Jaloo,370-46-8661,79,Lincoln,LS,Mauv,2003,761782.87,67692-148,Troy Scoon,Male,Speech Pathologist,212-167-7718,tscoong2@fc2.com,New York City,United States,US,New York,2 Dahle Alley,06-03-2019,55648-967,26-05-2019,Standard Class,Truck,10160,860503.45,1,0.51,switch,4.90E+18,Bad,WH-MUM-01,23,18,1,40,10,11,4,3.7,4,761782.87,30471314.8,Overstock
FAN-102,08600 Trailsway Crossing,Fanoodle,135-31-7982,59,Chevrolet,Astro,Pink,1997,695450.22,0378-3005,Arte De Angelo,Male,Human Resources Assistant II,916-986-0177,adeg3@wunderground.com,Sacramento,United States,US,California,483 Eliot Point,16-12-2018,0270-1314,17-04-2019,Same Day,Air,95852,740768.09,2,0.63,diners-club-carte-blanche,3.03E+13,Okay,WH-KOL-01,24,20,1,43,7,15,7,3.8,3,695450.22,29208909.24,Overstock
LIV-47,455 Duke Lane,Livetube,100-10-4836,63,Dodge,Ram 2500,Teal,1995,674793.45,55714-4401,Fitz Gretton,Male,Project Manager,704-785-5846,fgretton3n@godaddy.com,Charlotte,United States,US,North Carolina,3 Bultman Parkway,20-09-2018,50580-778,06-02-2019,First Class,Air,28235,912235.25,2,0.54,solo,6.33E+17,Bad,WH-CHN-01,29,19,1,47,8,14,4,4.2,3,674793.45,31040498.7,Overstock
CAM-270,73169 Ramsey Way,Camido,295-84-6096,93,Pontiac,Grand Prix,Purple,1996,546993.51,68084-734,Cybil Seeney,Female,Registered Nurse,602-205-7436,cseeneyg5@ucoz.com,Phoenix,United States,US,Arizona,762 Maryland Avenue,03-03-2019,76509-800,18-01-2019,Second Class,Air,85010,712164.3,2,0.71,jcb,3.59E+15,Okay,WH-KOL-01,39,15,1,53,7,14,2,5,4,546993.51,28443662.52,Overstock
EIN-244,8 Knutson Circle,Einti,828-68-8205,53,Audi,S6,Violet,2009,757251.54,36987-3362,Hadleigh Baptiste,Male,Safety Technician IV,478-926-9762,hbaptisteg6@si.edu,Macon,United States,US,Georgia,9 Twin Pines Lane,22-01-2019,55289-390,09-04-2019,First Class,Truck,31296,995138.41,2,0.89,jcb,3.58E+15,Bad,WH-DEL-01,34,15,1,48,9,14,10,4.1,4,757251.54,35590822.38,Overstock
EDG-222,935 Nevada Pass,Edgeify,244-83-6199,57,Buick,Somerset,Turquoise,1987,780201.47,23155-112,Loria Chander,Female,Structural Analysis Engineer,318-180-8398,lchanderg7@ox.ac.uk,Alexandria,United States,US,Louisiana,45 Steensland Lane,19-11-2018,57691-108,18-02-2019,Second Class,Air,71307,952627.07,1,0.44,jcb,3.58E+15,Good,WH-MUM-01,38,16,1,53,9,14,6,5,5,780201.47,41350677.91,Overstock
DEV-142,134 Meadow Ridge Crossing,Devbug,752-26-0836,84,Mercedes-Benz,SL-Class,Purple,1995,641603.39,53808-0832,Arnie Bailey,Male,Safety Technician II,954-406-6986,abailey67@harvard.edu,Fort Lauderdale,United States,US,Florida,2022 Gale Court,20-02-2019,49349-069,15-05-2019,Second Class,Truck,33305,950085.83,1,0.64,jcb,3.56E+15,Bad,WH-KOL-01,20,20,1,39,8,10,4,3.9,3,641603.39,25022532.21,Overstock
SKI-156,4 Haas Hill,Skinix,298-66-7618,72,Isuzu,Trooper,Khaki,1992,676215.34,45802-770,Terrell Brocket,Male,General Manager,786-387-4994,tbrocketg9@slideshare.net,Miami,United States,US,Florida,6528 Oxford Court,09-03-2019,36987-3350,29-04-2019,Standard Class,Air,33190,950423.02,2,0.7,jcb,3.58E+15,Good,WH-MUM-01,32,17,1,48,10,15,5,4.3,3,676215.34,31782120.98,Overstock
VIM-101,96684 Ramsey Avenue,Vimbo,364-64-8840,66,Ford,Club Wagon,Teal,1993,742207.22,49693-1801,Othello Whettleton,Male,Research Assistant II,972-876-2368,owhettletonga@paypal.com,Dallas,United States,US,Texas,66 Delaware Center,23-11-2018,49035-449,29-05-2019,Same Day,Truck,75210,932820.19,1,0.41,jcb,3.56E+15,Very Bad,WH-BLR-01,25,17,1,41,8,11,7,4.5,4,742207.22,30430496.02,Overstock
SKI-86,22 Larry Center,Skipfire,562-45-7815,100,Subaru,Outback,Pink,2011,566794.25,36987-3360,Sybille MacParland,Female,Financial Advisor,972-320-5465,smacparlandgb@linkedin.com,Dallas,United States,US,Texas,45476 Lien Crossing,15-06-2019,58232-0721,03-01-2019,Second Class,Truck,75241,817665.95,1,0.44,jcb,3.57E+15,Bad,WH-KOL-01,28,17,1,44,7,13,9,3.8,5,566794.25,24938947,Overstock
WOR-1,044 Crownhardt Lane,Wordtune,171-31-0268,103,Volkswagen,GTI,Indigo,2000,769088.39,0395-1003,Winston Denness,Male,Food Chemist,903-214-7052,wdennessgc@harvard.edu,Tyler,United States,US,Texas,42960 Dorton Drive,14-12-2018,57237-082,18-04-2019,Same Day,Truck,75705,935839.8,2,0.51,switch,4.91E+17,Okay,WH-BLR-01,22,19,1,40,7,14,4,3.7,4,769088.39,29994447.21,Overstock
LIV-133,7718 Menomonie Crossing,Livepath,669-96-6732,58,Cadillac,Escalade,Maroon,1999,569307.28,49349-872,Kittie Hedling,Female,Food Chemist,937-431-9171,khedlingbo@godaddy.com,Dayton,United States,US,Ohio,1 Buell Circle,24-09-2018,65862-156,26-02-2019,Second Class,Air,45490,989563.41,1,0.6,jcb,3.57E+15,Good,WH-CHN-01,31,15,1,45,8,15,8,3.6,3,569307.28,25618827.6,Overstock
LAY-215,0168 Golf View Point,Layo,204-18-7381,93,Pontiac,Vibe,Indigo,2006,652121.19,51393-7336,Camel Rollo,Female,Programmer Analyst II,707-795-2111,crolloge@bbc.co.uk,Santa Rosa,United States,US,California,44 Jana Street,04-06-2019,0603-4979,29-01-2019,Standard Class,Air,95405,819652.66,1,0.35,china-unionpay,5.61E+17,Good,WH-BLR-01,30,16,1,45,7,11,3,4.2,5,652121.19,29345453.55,Overstock
BLO-228,787 Tennyson Pass,Blogpad,678-37-2454,84,Mercedes-Benz,CLS-Class,Crimson,2010,733580.12,0409-0219,Adams Kaaskooper,Male,Structural Analysis Engineer,702-892-2638,akaaskoopergf@japanpost.jp,Las Vegas,United States,US,Nevada,18153 Little Fleur Place,10-01-2019,53208-377,09-06-2019,Same Day,Truck,89105,978988.09,1,0.53,bankcard,5.60E+15,Very Bad,WH-MUM-01,32,20,1,51,6,14,4,4.4,2,733580.12,37412586.12,Overstock
SKI-126,82 Victoria Terrace,Skibox,397-55-9995,83,Mazda,B2000,Green,1985,752822.39,75936-113,Brose Warlaw,Male,Senior Developer,912-146-7423,bwarlawgg@auda.org.au,Savannah,United States,US,Georgia,9764 Center Hill,17-12-2018,64942-0819,25-03-2019,Second Class,Air,31416,828364.86,1,0.54,americanexpress,3.38E+14,Good,WH-DEL-01,38,17,1,54,10,15,3,4.1,5,752822.39,40652409.06,Overstock
FEE-83,87644 1st Junction,Feedbug,190-53-8819,56,BMW,M3,Indigo,2001,634012.21,51386-300,Garrard Vonderdell,Male,Human Resources Manager,609-574-1193,gvonderdellgh@sfgate.com,Trenton,United States,US,New Jersey,88 Lunder Place,06-05-2019,0781-9404,01-06-2019,Second Class,Air,8650,824706.54,2,0.65,jcb,3.59E+15,Okay,WH-MUM-01,23,16,1,38,8,15,10,4.7,2,634012.21,23458451.77,Overstock
PIX-26,8201 Mayfield Terrace,Pixonyx,333-35-1831,88,Mitsubishi,Challenger,Violet,1997,640079.55,36987-2202,Wanda Turton,Female,Biostatistician IV,239-266-4138,wturtonhi@sitemeter.com,Lehigh Acres,United States,US,Florida,6803 Kings Junction,03-01-2019,55154-5705,01-05-2019,Second Class,Air,33972,888587.82,2,0.73,diners-club-enroute,2.02E+14,Very Good,WH-DEL-01,25,17,1,41,9,15,9,4.4,2,640079.55,25603182,Overstock
SKI-62,5 Prairieview Terrace,Skiba,891-21-1980,76,Lamborghini,Diablo,Red,1995,639325.75,50988-183,Brander Westhofer,Male,VP Quality Control,509-594-8977,bwesthofergj@123-reg.co.uk,Spokane,United States,US,Washington,3 Mesta Terrace,25-10-2018,0268-1524,08-03-2019,First Class,Truck,99210,712590.5,1,0.82,mastercard,5.32E+15,Bad,WH-CHN-01,34,15,1,48,9,15,10,4.8,4,639325.75,30687636,Overstock
THO-53,87 Eastlawn Parkway,Thoughtstorm,505-15-6064,91,Oldsmobile,Cutlass Cruiser,Fuscia,1993,577105.85,59779-349,Isabelita McKilroe,Female,Data Coordiator,718-258-5427,imckilroegk@miitbeian.gov.cn,New York City,United States,US,New York,3911 Leroy Trail,23-05-2019,43269-694,18-04-2019,First Class,Truck,10004,887350.81,2,0.43,bankcard,5.60E+15,Very Bad,WH-BLR-01,28,17,1,44,7,13,2,4.1,3,577105.85,24815551.55,Overstock
DAB-344,16283 Swallow Lane,Dabtype,120-98-6931,93,Pontiac,GTO,Goldenrod,2004,594796.89,52533-103,Gilbert Reven,Male,Senior Cost Accountant,225-639-4419,grevengl@aboutads.info,Baton Rouge,United States,US,Louisiana,33 7th Street,09-08-2018,51346-230,28-03-2019,Second Class,Air,70820,971787.33,1,0.29,diners-club-carte-blanche,3.03E+13,Okay,WH-CHN-01,38,17,1,54,8,15,4,4.2,2,594796.89,32119032.06,Overstock
OOD-88,6834 Service Road,Oodoo,847-62-7635,75,Kia,Sportage,Yellow,2005,603904.91,0781-6523,Veriee Scrivner,Female,Registered Nurse,317-595-2923,vscrivner1t@cdbaby.com,Indianapolis,United States,US,Indiana,75 Aberg Center,01-09-2018,49288-0231,17-06-2019,Same Day,Air,46247,829499.12,2,0.45,jcb,3.59E+15,Good,WH-CHN-01,36,19,1,54,9,11,10,4.7,4,603904.91,32006960.23,Overstock
WIK-132,5 Bunker Hill Court,Wikibox,767-51-2913,70,Hyundai,Tucson,Red,2010,569753.76,41190-915,Isadora Riggoll,Female,Assistant Manager,724-372-9092,iriggollgn@gravatar.com,New Castle,United States,US,Pennsylvania,0 Toban Parkway,17-02-2019,0069-3120,24-03-2019,Standard Class,Truck,16107,997044.61,2,0.41,mastercard,5.01E+15,Okay,WH-CHN-01,27,16,1,42,8,10,2,4.5,3,569753.76,23359904.16,Overstock
LIN-152,34 Dapin Lane,Linklinks,140-74-6559,84,Mercedes-Benz,E-Class,Fuscia,2011,535714.96,68345-965,Durward Hanvey,Male,Physical Therapy Assistant,904-487-0831,dhanveygo@miibeian.gov.cn,Jacksonville,United States,US,Florida,95 Manley Place,29-07-2018,49288-0349,06-06-2019,Same Day,Truck,32215,860560.39,2,0.36,bankcard,5.60E+15,Bad,WH-MUM-01,30,18,1,47,9,14,4,4.5,4,535714.96,24642888.16,Overstock
DIV-215,2 1st Drive,Divanoodle,375-61-4621,51,Acura,RL,Indigo,2000,774027.46,68788-9164,Robers Coker,Male,Programmer I,214-276-6272,rcokergp@oakley.com,Dallas,United States,US,Texas,100 Shopko Road,16-06-2019,42508-157,17-03-2019,Standard Class,Air,75260,981664.2,2,0.44,jcb,3.57E+15,Very Good,WH-CHN-01,23,18,1,40,7,10,7,5,3,774027.46,30187070.94,Overstock
YAK-260,819 Lakeland Center,Yakidoo,119-85-3166,86,MG,MGB,Khaki,1977,701700.99,66969-6014,Gianna Wycliffe,Female,Pharmacist,407-923-9393,gwycliffegq@java.com,Orlando,United States,US,Florida,9 Forest Dale Crossing,14-02-2019,55154-5154,05-02-2019,Second Class,Air,32859,831134.31,2,0.67,jcb,3.53E+15,Very Good,WH-DEL-01,35,19,1,53,10,11,7,3.9,2,701700.99,36488451.48,Overstock
YOD-207,0928 Morrow Street,Yodel,438-30-4921,66,Ford,F-Series,Violet,1997,607062.87,48256-0011,Teddy Arnopp,Female,Engineer III,727-862-4401,tarnoppgr@wikipedia.org,Saint Petersburg,United States,US,Florida,9 Schlimgen Road,04-01-2019,67345-0681,07-03-2019,Same Day,Air,33731,776415.38,2,0.6,laser,6.30E+18,Very Bad,WH-BLR-01,21,19,1,39,8,11,3,4.2,5,607062.87,23068389.06,Overstock
ZOO-172,08954 Donald Road,Zoombeat,874-28-5123,56,BMW,M3,Mauv,2012,595765.47,0603-2433,Gerladina Beswetherick,Female,Recruiter,212-479-7667,gbeswetherickgs@google.it,New York City,United States,US,New York,204 North Trail,22-02-2019,59078-031,09-02-2019,Same Day,Truck,10009,977136.92,1,0.52,jcb,3.55E+15,Very Bad,WH-MUM-01,27,18,1,44,7,14,8,4.7,5,595765.47,26213680.68,Overstock
JAM-275,32022 Blackbird Circle,Jamia,264-34-2085,70,Hyundai,Elantra,Khaki,2004,697773.34,0597-0058,Pavel Griffith,Male,Health Coach II,303-665-1796,pgriffithgt@ezinearticles.com,Aurora,United States,US,Colorado,39659 Northridge Alley,25-02-2019,65044-6695,07-06-2019,First Class,Air,80044,891672.21,1,0.7,bankcard,5.60E+15,Okay,WH-DEL-01,39,19,1,57,8,12,2,4.7,4,697773.34,39773080.38,Overstock
AVA-295,2 Center Road,Avamm,472-69-6959,72,Isuzu,Hombre,Fuscia,1999,763156.52,60512-2015,Abdel Trathan,Male,Information Systems Manager,302-787-5308,atrathanf6@dailymotion.com,Wilmington,United States,US,Delaware,7 Maryland Parkway,17-01-2019,45802-283,14-01-2019,First Class,Truck,19892,898723.16,1,0.85,maestro,5.02E+15,Very Bad,WH-BLR-01,35,20,1,54,8,10,10,3.7,2,763156.52,41210452.08,Overstock
TWI-70,76546 Manufacturers Lane,Twitterwire,368-25-9482,62,Daewoo,Lanos,Indigo,2001,518771.58,0485-0096,Rolfe Hamel,Male,Occupational Therapist,718-341-7678,rhamelgv@com.com,Staten Island,United States,US,New York,371 Fuller Parkway,04-02-2019,10267-3852,18-05-2019,First Class,Air,10305,824035.7,2,0.61,diners-club-us-ca,5.41E+15,Bad,WH-CHN-01,28,17,1,44,8,15,10,4.6,4,518771.58,22307177.94,Overstock
YAM-176,67 Sommers Junction,Yambee,514-79-9569,77,Land Rover,Range Rover Classic,Teal,1993,782933.2,67457-483,Gerianne Casa,Female,Human Resources Assistant I,918-857-4530,gcasagw@thetimes.co.uk,Tulsa,United States,US,Oklahoma,1913 Killdeer Place,19-08-2018,64092-802,11-02-2019,Second Class,Air,74116,737975.27,2,0.68,americanexpress,3.38E+14,Very Good,WH-DEL-01,23,19,1,41,7,15,9,3.5,5,782933.2,31317328,Overstock
ZOO-76,3186 Susan Avenue,Zoombox,234-12-7384,59,Chevrolet,3500,Fuscia,1995,552264.38,41520-851,Kristyn Rosten,Female,Recruiter,716-172-8857,krostengx@gravatar.com,Buffalo,United States,US,New York,09 Pepper Wood Court,11-07-2018,68788-9038,24-01-2019,Standard Class,Truck,14233,848949.57,2,0.86,jcb,3.53E+15,Okay,WH-DEL-01,27,16,1,42,10,10,10,4.5,5,552264.38,22642839.58,Overstock
THO-240,67141 Namekagon Trail,Thoughtmix,257-54-9039,72,Isuzu,Trooper,Purple,1994,531757.37,57955-5130,Jenica Brydson,Female,Engineer I,816-136-8177,jbrydsonc1@hhs.gov,Kansas City,United States,US,Missouri,16093 Starling Pass,13-12-2018,61748-025,27-02-2019,Second Class,Air,64190,761139.99,1,0.65,maestro,6.30E+15,Bad,WH-KOL-01,25,16,1,40,10,11,8,4.9,5,531757.37,21270294.8,Overstock
INN-249,52158 Karstens Point,Innojam,391-18-0448,100,Subaru,XT,Pink,1991,792254,63629-4730,Jaime Roistone,Female,Structural Analysis Engineer,765-346-3393,jroistonecr@joomla.org,Muncie,United States,US,Indiana,86 Pleasure Lane,08-01-2019,55154-5102,05-06-2019,First Class,Truck,47306,805972.29,2,0.54,jcb,3.53E+15,Bad,WH-MUM-01,24,19,1,42,10,13,5,3.9,2,792254,32482414,Overstock
JAY-67,6 Larry Terrace,Jayo,175-56-0810,94,Porsche,911,Khaki,2009,680222.44,49738-201,Sonnie Woolnough,Female,Software Consultant,314-965-2604,swoolnoughh0@flickr.com,Saint Louis,United States,US,Missouri,28534 Di Loreto Road,13-10-2018,54868-0029,07-01-2019,Same Day,Truck,63104,892342.66,2,0.53,visa-electron,4.92E+15,Okay,WH-KOL-01,31,18,1,48,9,13,10,4.6,5,680222.44,31970454.68,Overstock
OBA-69,7352 Jenifer Circle,Oba,302-77-3424,65,Ferrari,612 Scaglietti,Mauv,2010,673375.23,58118-0517,Laryssa Krystek,Female,Executive Secretary,918-874-0387,lkrystekh1@globo.com,Tulsa,United States,US,Oklahoma,92 Manitowish Drive,02-08-2018,0172-3759,19-01-2019,Second Class,Air,74156,743647.02,2,0.34,diners-club-enroute,2.01E+14,Very Good,WH-KOL-01,24,20,1,43,10,11,5,4.2,2,673375.23,28281759.66,Overstock
LIV-106,1153 Little Fleur Hill,Livefish,721-03-7469,71,Infiniti,Q,Yellow,2006,750632.87,42507-944,Cedric Le Gallo,Male,Professor,916-656-9509,cleh2@elpais.com,Sacramento,United States,US,California,84 American Park,11-06-2019,66467-9730,15-05-2019,Second Class,Truck,95838,771529.46,2,0.27,switch,4.91E+17,Bad,WH-KOL-01,39,15,1,53,9,10,8,3.7,2,750632.87,39032909.24,Overstock
MIB-225,001 Oak Valley Drive,Miboo,387-10-2825,83,Mazda,MX-5,Fuscia,2010,736324.33,46122-500,Lindy Mountjoy,Female,Administrative Officer,251-544-7654,lmountjoyh3@w3.org,Mobile,United States,US,Alabama,1 Oriole Parkway,11-01-2019,60432-741,13-01-2019,Second Class,Air,36641,913702.08,1,0.57,mastercard,5.05E+15,Good,WH-MUM-01,28,18,1,45,10,14,10,4.8,4,736324.33,33134594.85,Overstock
PIX-247,4938 Green Parkway,Pixoboo,694-67-9628,57,Buick,Century,Maroon,2004,519023.55,0615-7662,Waldo Harriday,Male,Office Assistant I,530-821-7172,wharridayoz@vkontakte.ru,Sacramento,United States,US,California,63 Welch Pass,10-02-2019,0093-8232,21-04-2019,Same Day,Truck,95818,967079.99,2,0.48,jcb,3.54E+15,Okay,WH-CHN-01,24,15,1,38,8,15,10,4.7,3,519023.55,19203871.35,Overstock
VOO-354,017 Claremont Way,Voonder,603-50-4595,93,Pontiac,G6,Yellow,2008,676145.9,59762-6722,Berny Haucke,Female,Automation Specialist IV,719-585-2765,bhauckeh5@nasa.gov,Pueblo,United States,US,Colorado,327 Debra Junction,06-04-2019,53057-010,27-05-2019,Same Day,Truck,81010,763541.16,2,0.43,jcb,3.53E+15,Bad,WH-BLR-01,22,15,1,36,6,14,3,3.6,5,676145.9,23665106.5,Overstock
EDG-154,34 8th Way,Edgeblab,715-01-3090,83,Mazda,Familia,Orange,1990,643597.88,50573-3560,Pren Rosser,Male,Administrative Officer,716-117-9706,prosserh6@oracle.com,Buffalo,United States,US,New York,26 Gina Street,26-01-2019,55315-189,23-04-2019,Second Class,Truck,14269,958248.92,1,0.66,visa-electron,4.41E+15,Bad,WH-CHN-01,28,18,1,45,8,11,8,4.3,3,643597.88,28961904.6,Overstock
YOV-267,07 Glendale Park,Yoveo,880-42-1897,59,Chevrolet,Vega,Yellow,1971,727957.25,0378-4513,Cristen Sainthill,Female,Account Representative II,901-790-7873,csainthillh7@biblegateway.com,Memphis,United States,US,Tennessee,92 Sutherland Drive,17-07-2018,68788-9525,24-04-2019,First Class,Truck,38136,819739.38,1,0.81,americanexpress,3.38E+14,Bad,WH-MUM-01,39,19,1,57,10,12,8,3.6,2,727957.25,41493563.25,Overstock
YAK-57,5 Elmside Trail,Yakijo,395-15-2207,75,Kia,Mentor,Yellow,1997,691360.54,68016-115,Gian Klementz,Male,Senior Cost Accountant,203-906-8874,gklementzh8@blogtalkradio.com,Stamford,United States,US,Connecticut,21277 Nancy Point,22-07-2018,63629-1595,08-03-2019,Same Day,Air,6912,835713.1,1,0.71,jcb,3.58E+15,Very Bad,WH-KOL-01,29,15,1,43,10,10,6,4.9,5,691360.54,29728503.22,Overstock
JAB-261,9687 Weeping Birch Hill,Jabberbean,205-13-4102,89,Morgan,Aero 8,Maroon,2007,532343.91,33261-158,Yorker Brewis,Male,Dental Hygienist,251-762-6091,ybrewish9@oracle.com,Mobile,United States,US,Alabama,68813 Sunfield Park,26-02-2019,58914-012,06-06-2019,Second Class,Air,36616,731079.94,2,0.32,americanexpress,3.74E+14,Okay,WH-DEL-01,33,18,1,50,8,13,5,3.8,5,532343.91,26084851.59,Overstock
YAK-260,3 Walton Plaza,Yakidoo,420-88-5799,58,Cadillac,CTS,Khaki,2010,673432.16,63736-013,Weston Wastie,Male,Technical Writer,309-672-2081,wwastieha@surveymonkey.com,Peoria,United States,US,Illinois,11784 Orin Road,06-12-2018,50742-109,03-04-2019,Same Day,Air,61629,834043.02,2,0.4,jcb,3.59E+15,Okay,WH-KOL-01,38,18,1,55,8,12,3,4.9,3,673432.16,36365336.64,Overstock
SKI-282,830 Swallow Center,Skimia,566-64-1055,75,Kia,Rondo,Khaki,2008,589048.72,51531-5397,Laryssa Beachem,Female,Computer Systems Analyst I,352-830-3670,lbeachemhb@imdb.com,Gainesville,United States,US,Florida,8 Ludington Hill,24-10-2018,43857-0337,29-04-2019,First Class,Truck,32610,735522.76,2,0.58,jcb,3.58E+15,Very Good,WH-DEL-01,24,16,1,39,6,15,2,4.1,5,589048.72,22383851.36,Overstock
YOT-110,65 Fisk Parkway,Yotz,294-25-7323,104,Volvo,C70,Indigo,2008,718178.27,0363-1005,Denny Alred,Male,Automation Specialist IV,704-853-0361,dalredhc@weebly.com,Charlotte,United States,US,North Carolina,991 Del Mar Drive,30-05-2019,33261-082,22-04-2019,First Class,Air,28220,956935.45,2,0.39,jcb,3.59E+15,Very Bad,WH-BLR-01,31,20,1,50,10,15,4,3.9,2,718178.27,35190735.23,Overstock
CAM-196,02 Jay Hill,Camimbo,498-21-3639,84,Mercedes-Benz,400E,Violet,1993,785365.82,54162-004,Kacie Sheer,Female,Senior Developer,303-348-1911,ksheerhd@bigcartel.com,Aurora,United States,US,Colorado,552 Eagan Parkway,04-12-2018,59535-1051,04-01-2019,Standard Class,Truck,80045,712230.24,2,0.38,mastercard,5.01E+15,Okay,WH-KOL-01,36,17,1,52,6,10,8,4.9,3,785365.82,40053656.82,Overstock
LEE-260,74568 Red Cloud Trail,Leexo,215-06-8021,66,Ford,Taurus,Mauv,1986,512225.67,55154-2095,Sylas Chart,Male,Clinical Specialist,702-680-9913,scharthe@geocities.com,Las Vegas,United States,US,Nevada,32 Warner Circle,21-03-2019,53405-0003,09-03-2019,Same Day,Truck,89150,891157.32,2,0.61,mastercard,5.10E+15,Bad,WH-MUM-01,36,17,1,52,10,13,9,4.5,5,512225.67,26123509.17,Overstock
LEE-260,67 Montana Drive,Leexo,102-08-2843,103,Volkswagen,Eos,Indigo,2011,679361.6,0615-1590,Gregoor Harries,Male,Quality Engineer,540-852-7556,gharrieshf@apple.com,Roanoke,United States,US,Virginia,476 Sunnyside Point,18-03-2019,36987-1245,07-04-2019,Standard Class,Air,24029,806673.24,2,0.54,laser,6.30E+15,Very Good,WH-CHN-01,20,16,1,35,8,13,5,4.4,2,679361.6,23098294.4,Overstock
MYN-203,13370 Warbler Place,Mynte,587-21-7915,93,Pontiac,6000,Yellow,1985,528568.02,61995-0212,Adelheid Edgeley,Female,VP Product Management,719-256-4587,aedgeleyhg@godaddy.com,Colorado Springs,United States,US,Colorado,267 Dunning Pass,08-01-2019,49230-203,04-03-2019,Same Day,Truck,80915,775664.96,1,0.62,jcb,3.55E+15,Okay,WH-MUM-01,32,16,1,47,10,14,10,3.9,3,528568.02,24842696.94,Overstock
CAM-270,32 Scott Place,Camido,410-38-2403,68,GMC,Acadia,Teal,2007,782455.31,21695-975,Mirna Seedhouse,Female,Business Systems Development Analyst,212-254-7773,mseedhousehh@google.com.br,New York City,United States,US,New York,8320 Garrison Center,04-07-2018,55319-050,07-05-2019,Same Day,Truck,10184,786369.5,2,0.67,jcb,3.57E+15,Good,WH-BLR-01,20,15,1,34,6,13,9,3.8,3,782455.31,25821025.23,Overstock
YOU-114,8819 Mcguire Way,Youspan,684-12-1517,73,Jaguar,X-Type,Fuscia,2005,671632.59,42549-604,Denys Lehrian,Male,Database Administrator III,585-183-6177,dlehrianah@vistaprint.com,Rochester,United States,US,New York,0 Talisman Hill,27-08-2018,10191-1829,23-02-2019,First Class,Air,14646,966173.81,1,0.31,laser,6.30E+18,Very Bad,WH-BLR-01,29,20,1,48,10,15,9,4.8,2,671632.59,32238364.32,Overstock
KWI-120,1851 Eggendart Junction,Kwilith,722-35-8776,101,Suzuki,Sidekick,Blue,1998,501184.47,63044-203,Vivien Roelvink,Female,Junior Executive,559-459-5176,vroelvinkhj@netscape.com,Visalia,United States,US,California,46318 John Wall Terrace,20-08-2018,98132-2132,18-02-2019,Standard Class,Truck,93291,938110.31,1,0.29,maestro,6.76E+16,Very Bad,WH-DEL-01,24,18,1,41,9,14,10,4.8,5,501184.47,20548563.27,Overstock
TAM-312,82217 Anthes Point,Tambee,467-58-5023,58,Cadillac,XLR-V,Maroon,2006,608757.83,0781-5949,Gretta Gencke,Female,Research Nurse,215-475-1382,ggenckehk@icq.com,Philadelphia,United States,US,Pennsylvania,31926 Golf View Park,24-08-2018,52959-655,20-01-2019,Standard Class,Truck,19146,839317.46,1,0.72,diners-club-carte-blanche,3.01E+13,Bad,WH-KOL-01,21,17,1,37,7,15,2,4.1,5,608757.83,22524039.71,Overstock
JAY-67,47 Acker Terrace,Jayo,121-93-3637,63,Dodge,Ram Van 1500,Blue,1998,597985.7,41250-236,Cori Shillitoe,Female,Geologist II,559-979-3676,cshillitoehl@oakley.com,Fresno,United States,US,California,8 Meadow Vale Lane,08-12-2018,60512-6445,19-03-2019,Standard Class,Truck,93762,761974.18,2,0.9,visa-electron,4.51E+15,Very Bad,WH-DEL-01,34,16,1,49,6,13,6,4.3,5,597985.7,28703313.6,Overstock
SKY-153,9226 Randy Parkway,Skyvu,416-99-8611,83,Mazda,MX-5,Goldenrod,2005,783560.28,68180-750,Modestine Gruszczak,Female,Senior Quality Engineer,304-666-2523,mgruszczakhm@tuttocitta.it,Charleston,United States,US,West Virginia,4458 Hagan Court,11-12-2018,65044-0611,27-03-2019,Second Class,Air,25336,823774.58,2,0.37,visa-electron,4.03E+15,Good,WH-DEL-01,38,20,1,57,7,10,2,4.7,2,783560.28,43879375.68,Overstock
MYD-258,29735 Bunting Point,Mydeo,128-94-2595,90,Nissan,NX,Purple,1992,529834.34,40042-050,Vergil Grafton-Herbert,Male,Mechanical Systems Engineer,402-582-1673,vgraftonherberthn@sun.com,Omaha,United States,US,Nebraska,9152 Fisk Court,18-02-2019,51389-255,01-01-2019,Same Day,Air,68134,960903.36,1,0.42,jcb,3.59E+15,Good,WH-KOL-01,21,18,1,38,9,10,7,4.3,4,529834.34,20133704.92,Overstock
YOU-114,2 Roxbury Street,Youspan,193-29-6908,51,Acura,TL,Mauv,2012,645509.45,36987-2177,Sindee Cholwell,Female,Financial Analyst,505-252-2910,scholwellho@mozilla.org,Albuquerque,United States,US,New Mexico,07035 Clemons Avenue,25-03-2019,61957-2150,08-04-2019,Same Day,Air,87201,778527.53,1,0.51,jcb,3.57E+15,Very Good,WH-DEL-01,29,16,1,44,6,15,7,4.4,3,645509.45,28402415.8,Overstock
BUZ-126,01 Shoshone Avenue,Buzzster,234-06-5587,93,Pontiac,Firebird,Purple,1984,607372.3,0338-6307,Antonetta Ebden,Female,Mechanical Systems Engineer,818-248-5591,aebdenhp@webmd.com,Torrance,United States,US,California,53 Emmet Plaza,18-11-2018,57520-0638,08-01-2019,Second Class,Air,90510,761228.77,2,0.9,jcb,3.55E+15,Okay,WH-BLR-01,26,20,1,45,7,13,7,4.2,4,607372.3,26724381.2,Overstock
QUA-162,170 Raven Place,Quatz,509-34-3985,71,Infiniti,QX,Puce,2008,717562.04,51824-014,Cesar Chelam,Male,Associate Professor,251-728-7382,cchelamhq@tripadvisor.com,Mobile,United States,US,Alabama,34 Knutson Way,15-06-2019,63629-3325,06-03-2019,Standard Class,Air,36670,989743.23,2,0.56,americanexpress,3.80E+14,Very Good,WH-CHN-01,30,15,1,44,6,12,6,4.4,4,717562.04,30855167.72,Overstock
TAG-238,9 Fieldstone Trail,Tagcat,534-20-2530,78,Lexus,GX,Puce,2012,523494.53,52125-357,Kristian Mardall,Male,Paralegal,937-704-3099,kmardallhr@disqus.com,Dayton,United States,US,Ohio,0080 Katie Alley,24-09-2018,51386-400,17-02-2019,Second Class,Air,45432,789298.88,1,0.45,diners-club-carte-blanche,3.01E+13,Very Bad,WH-BLR-01,38,15,1,52,9,10,8,3.6,4,523494.53,27221715.56,Overstock
OZU-249,42865 Roxbury Court,Ozu,347-27-9394,68,GMC,Savana 1500,Pink,2000,763216.32,50268-688,Tynan Oates,Male,Analyst Programmer,909-477-9059,toateshs@sina.com.cn,Riverside,United States,US,California,4224 Hoepker Place,16-04-2019,75847-9001,18-04-2019,Same Day,Truck,92505,924082.02,1,0.27,jcb,3.57E+15,Very Good,WH-BLR-01,34,19,1,52,8,12,6,4.4,5,763216.32,39687248.64,Overstock
JAN-134,73343 Oriole Court,Janyx,898-97-6903,83,Mazda,B-Series,Khaki,2006,719917.26,0555-1054,Danica Osgood,Female,Financial Advisor,202-950-2460,dosgoodrq@walmart.com,Washington,United States,US,District of Columbia,3530 5th Circle,10-03-2019,0641-6073,21-02-2019,First Class,Air,20404,778839.18,1,0.78,jcb,3.56E+15,Very Bad,WH-DEL-01,31,15,1,45,10,12,8,3.6,3,719917.26,32396276.7,Overstock
TWI-143,93 Bowman Pass,Twitterbridge,875-88-9905,104,Volvo,V90,Maroon,1997,558527.72,68001-215,Eadith Khadir,Female,Senior Editor,203-527-2914,ekhadirhu@marriott.com,Bridgeport,United States,US,Connecticut,8788 Sugar Center,28-04-2019,59746-177,29-05-2019,Same Day,Truck,6673,977073.6,2,0.73,jcb,3.57E+15,Very Good,WH-BLR-01,29,18,1,46,7,10,3,3.8,4,558527.72,25133747.4,Overstock
FLI-305,0 Namekagon Hill,Flipopia,770-87-0912,73,Jaguar,XJ Series,Crimson,2001,608076,62932-144,Miller Teenan,Male,Dental Hygienist,702-592-2211,mteenanhv@disqus.com,Las Vegas,United States,US,Nevada,62315 Summerview Alley,25-09-2018,61957-0001,03-04-2019,First Class,Air,89105,993765.47,2,0.64,visa,4.04E+12,Bad,WH-MUM-01,29,19,1,47,9,14,2,4.7,3,608076,27971496,Overstock
MIB-225,78739 Laurel Center,Miboo,533-70-5972,87,MINI,Cooper Countryman,Orange,2012,791609.76,0527-1325,Mattheus Leedal,Male,Director of Sales,412-466-2776,mleedalhw@webmd.com,Mc Keesport,United States,US,Pennsylvania,024 Columbus Point,30-03-2019,43337-9328,13-03-2019,Same Day,Truck,15134,716610.92,1,0.26,jcb,3.56E+15,Very Good,WH-KOL-01,24,16,1,39,9,13,4,4.5,4,791609.76,30872780.64,Overstock
DIV-215,554 Green Drive,Divanoodle,652-18-3763,101,Suzuki,SJ,Blue,1985,674310.63,63187-133,Hannie McLellan,Female,Business Systems Development Analyst,937-206-1580,hmclellanhx@un.org,Dayton,United States,US,Ohio,642 Swallow Court,01-11-2018,60505-2782,10-03-2019,First Class,Truck,45454,839486.16,2,0.9,jcb,3.55E+15,Very Bad,WH-KOL-01,38,20,1,57,10,12,9,3.7,5,674310.63,37761395.28,Overstock
KAZ-13,56 Sauthoff Hill,Kazu,448-47-7655,78,Lexus,CT,Purple,2012,577229.85,48951-7053,Derrik Emslie,Male,Database Administrator III,651-557-1718,demsliehy@imgur.com,Saint Paul,United States,US,Minnesota,7557 Mallory Circle,26-06-2018,43063-438,03-02-2019,Standard Class,Truck,55108,811231.72,1,0.36,maestro,6.30E+17,Good,WH-KOL-01,28,19,1,46,9,15,9,5,4,577229.85,26552573.1,Overstock
QUI-353,28381 Mesta Lane,Quimba,115-93-2377,77,Land Rover,Discovery,Mauv,2012,543958.94,64764-151,Madelyn Hamal,Female,Engineer II,772-360-0041,mhamalhz@blog.com,Fort Pierce,United States,US,Florida,2 Arkansas Way,05-08-2018,59279-514,16-04-2019,First Class,Truck,34981,834407.25,2,0.33,jcb,3.58E+15,Bad,WH-DEL-01,40,15,1,54,6,11,10,4.4,2,543958.94,28829823.82,Overstock
JAB-117,4 Morningstar Center,Jabberstorm,264-35-4631,73,Jaguar,XJ Series,Indigo,1999,540829.71,67750-1234,Cymbre Gaiger,Female,Senior Editor,212-309-3109,cgaigeri0@time.com,New York City,United States,US,New York,912 Clarendon Lane,12-04-2019,63941-238,18-03-2019,First Class,Truck,10203,990912.12,1,0.27,bankcard,5.61E+15,Very Good,WH-CHN-01,21,16,1,36,8,11,9,3.8,3,540829.71,19469869.56,Overstock
EID-41,80290 Gateway Parkway,Eidel,446-53-9144,59,Chevrolet,Suburban 2500,Turquoise,2005,758169.67,58443-0024,Carol-jean Oxlade,Female,Junior Executive,937-829-5472,coxladei1@google.it,Dayton,United States,US,Ohio,68325 Morrow Center,30-10-2018,58517-360,05-03-2019,Second Class,Truck,45403,848589.35,1,0.69,jcb,3.54E+15,Very Bad,WH-KOL-01,26,20,1,45,9,14,6,4,2,758169.67,34117635.15,Overstock
DEV-224,193 Kim Street,Devpoint,714-26-5098,81,Maserati,Spyder,Fuscia,2004,770566,59779-101,Kelcie Scirman,Female,Marketing Assistant,202-253-3828,kscirmani2@dot.gov,Washington,United States,US,District of Columbia,32645 Crowley Avenue,23-07-2018,68645-021,09-02-2019,Standard Class,Truck,20540,730554.46,2,0.49,jcb,3.56E+15,Good,WH-KOL-01,35,18,1,52,7,15,6,4.3,4,770566,39298866,Overstock
LIV-47,55810 Little Fleur Court,Livetube,441-66-2551,75,Kia,Sportage,Puce,2009,618975.97,60916-002,Gwenneth Godden,Female,Programmer IV,907-172-8427,ggoddeni3@sogou.com,Anchorage,United States,US,Alaska,1802 Red Cloud Street,01-04-2019,0998-0408,27-03-2019,First Class,Air,99599,707101.04,1,0.7,jcb,3.59E+15,Bad,WH-CHN-01,26,17,1,42,10,15,2,4.7,5,618975.97,25996990.74,Overstock
SHU-64,2 Lawn Crossing,Shufflester,342-84-4393,75,Kia,Sedona,Khaki,2003,748998.64,76237-153,Cindy Gertray,Female,Recruiter,404-979-2302,cgertray6n@mapy.cz,Atlanta,United States,US,Georgia,01044 Dayton Center,27-11-2018,51060-010,18-04-2019,Same Day,Air,30343,918739.46,1,0.74,maestro,6.76E+17,Very Good,WH-BLR-01,22,17,1,38,9,14,3,4.9,4,748998.64,28461948.32,Overstock
EIR-115,00 Scoville Avenue,Eire,113-91-9167,83,Mazda,CX-9,Violet,2012,642663.85,59115-056,Westley Prugel,Male,Sales Associate,417-222-7311,wprugeli5@facebook.com,Springfield,United States,US,Missouri,25 Morrow Plaza,28-06-2018,50268-061,19-04-2019,Standard Class,Truck,65805,805218.62,1,0.46,visa-electron,4.51E+15,Good,WH-DEL-01,30,19,1,48,10,11,3,4.4,4,642663.85,30847864.8,Overstock
GAB-195,2789 Muir Lane,Gabtype,763-90-7035,83,Mazda,CX-7,Green,2007,529095.29,53808-0218,Jess Burchess,Male,Associate Professor,712-551-2600,jburchessi6@dailymail.co.uk,Sioux City,United States,US,Iowa,106 Redwing Parkway,28-10-2018,63629-3355,26-02-2019,Second Class,Truck,51110,808565.5,1,0.79,jcb,3.58E+15,Good,WH-BLR-01,27,15,1,41,7,14,10,4.1,5,529095.29,21692906.89,Overstock
REA-339,919 Lake View Place,Realblab,209-76-8535,67,Geo,Tracker,Puce,1994,719508.53,66479-581,Murray Stiegers,Male,Tax Accountant,405-455-8082,mstiegersi7@exblog.jp,Oklahoma City,United States,US,Oklahoma,1 Grayhawk Pass,01-04-2019,52125-805,29-04-2019,Same Day,Air,73190,912639.03,2,0.28,diners-club-enroute,2.02E+14,Okay,WH-KOL-01,28,16,1,43,6,15,9,3.9,2,719508.53,30219358.26,Overstock
NTA-290,3643 Hovde Park,Ntags,432-69-4266,68,GMC,Sierra 3500HD,Khaki,2006,732775.37,11673-067,Patti Denman,Female,Chief Design Engineer,904-985-4451,pdenmani8@bloglines.com,Jacksonville,United States,US,Florida,53423 Aberg Park,16-06-2019,0004-0259,27-04-2019,Same Day,Truck,32209,874217.35,1,0.55,visa-electron,4.92E+15,Bad,WH-BLR-01,29,20,1,48,9,15,4,5,3,732775.37,35173217.76,Overstock
BRO-259,85 Dexter Drive,Browsecat,157-75-3159,70,Hyundai,Veracruz,Mauv,2010,727063.16,60660-7786,Richy Louth,Male,Professor,646-558-3330,rlouthi9@blogspot.com,New York City,United States,US,New York,6546 Hazelcrest Plaza,27-11-2018,49738-178,09-06-2019,Standard Class,Truck,10060,952405.8,2,0.38,jcb,3.55E+15,Okay,WH-MUM-01,24,16,1,39,6,15,4,4.6,2,727063.16,27628400.08,Overstock
CHA-127,45 Forest Dale Circle,Chatterpoint,574-31-2723,71,Infiniti,Q,Violet,2004,571919.96,49349-472,Daryl Haveline,Male,Associate Professor,386-518-3293,dhavelineia@cornell.edu,Daytona Beach,United States,US,Florida,0355 Oxford Alley,31-01-2019,54868-0113,21-05-2019,Same Day,Air,32128,998946.17,1,0.5,diners-club-enroute,2.02E+14,Bad,WH-DEL-01,23,18,1,40,8,13,5,4.1,4,571919.96,22876798.4,Overstock
KWI-127,498 Fordem Center,Kwideo,378-01-2970,102,Toyota,Corolla,Fuscia,2005,638644.35,35356-544,Avram Wallicker,Male,Compensation Analyst,607-884-5591,awallickerib@java.com,Elmira,United States,US,New York,63 Elgar Road,09-07-2018,0268-0710,20-05-2019,First Class,Truck,14905,872374.92,1,0.29,diners-club-us-ca,5.51E+15,Bad,WH-DEL-01,21,19,1,39,7,14,3,3.6,2,638644.35,24907129.65,Overstock
PHO-362,06 Monterey Park,Photofeed,806-33-9152,78,Lexus,RX,Teal,2001,604800.87,11716-0103,Lynett Pentony,Female,Analyst Programmer,603-875-0039,lpentonyom@webmd.com,Portsmouth,United States,US,New Hampshire,63 Arrowood Alley,30-10-2018,63539-012,01-03-2019,Same Day,Air,214,938938.2,2,0.35,china-unionpay,5.60E+15,Very Bad,WH-BLR-01,20,15,1,34,8,10,9,3.7,4,604800.87,19958428.71,Overstock
TOP-243,120 Larry Plaza,Topiclounge,870-26-5136,55,Bentley,Continental,Pink,2007,541512.45,16590-036,Danika Dunkirk,Female,Programmer Analyst III,904-380-2810,ddunkirkid@salon.com,Jacksonville,United States,US,Florida,37 Arkansas Terrace,01-06-2019,67046-231,26-05-2019,First Class,Truck,32204,974185.28,1,0.85,mastercard,5.00E+15,Very Bad,WH-BLR-01,30,20,1,49,9,11,9,4.6,4,541512.45,26534110.05,Overstock
YOD-362,5490 Atwood Hill,Yodoo,623-55-7805,69,Honda,Ridgeline,Blue,2007,613830.05,43742-0185,Bailie GiacobbiniJacob,Male,Assistant Manager,405-228-7153,bgiacobbinijacobie@linkedin.com,Oklahoma City,United States,US,Oklahoma,303 Sunfield Pass,29-12-2018,0093-0132,06-03-2019,First Class,Air,73104,850717.71,1,0.74,visa,4.04E+15,Good,WH-DEL-01,23,15,1,37,7,15,5,4.1,4,613830.05,22711711.85,Overstock
LIV-133,65984 Welch Junction,Livepath,516-33-1896,59,Chevrolet,Suburban 1500,Orange,2004,515987.86,0363-0657,Othilie Caulwell,Female,VP Sales,520-414-6932,ocaulwellif@sfgate.com,Tucson,United States,US,Arizona,73 Waxwing Lane,03-09-2018,10631-093,05-05-2019,First Class,Truck,85720,863995.73,1,0.75,jcb,3.54E+15,Bad,WH-MUM-01,27,15,1,41,8,14,10,3.9,5,515987.86,21155502.26,Overstock
KAR-16,14 Swallow Circle,Kare,895-97-2090,66,Ford,F150,Pink,2004,632096.76,0363-0443,Sarine Curtain,Female,Media Manager IV,941-101-5303,scurtainip@latimes.com,Port Charlotte,United States,US,Florida,280 Warner Pass,26-06-2018,52654-0004,07-05-2019,Same Day,Truck,33954,850537.55,2,0.36,jcb,3.57E+15,Good,WH-MUM-01,23,17,1,39,6,13,10,4.6,5,632096.76,24019676.88,Overstock
VIN-57,97 Corscot Parkway,Vinder,209-47-7350,59,Chevrolet,Express 3500,Pink,2007,763208.56,43857-0238,Rudyard Heims,Male,Data Coordiator,860-626-3765,rheimsih@zdnet.com,Hartford,United States,US,Connecticut,09 Warbler Pass,15-06-2019,27505-002,01-05-2019,Standard Class,Truck,6160,982332.78,2,0.77,maestro,6.30E+16,Very Bad,WH-KOL-01,31,20,1,50,10,15,3,4.7,3,763208.56,37397219.44,Overstock
SHU-311,662 Arkansas Hill,Shufflebeat,109-67-3198,66,Ford,Mustang,Yellow,1987,539008.1,58232-0024,Etienne Domnin,Male,Legal Assistant,847-452-6143,edomninii@rambler.ru,Chicago,United States,US,Illinois,20 Forest Dale Point,20-12-2018,36987-1208,30-01-2019,First Class,Air,60646,991577.15,1,0.9,jcb,3.53E+15,Very Bad,WH-DEL-01,20,17,1,36,9,15,4,4.7,3,539008.1,19404291.6,Overstock
OYO-358,92 Novick Alley,Oyoyo,607-67-9078,68,GMC,1500,Turquoise,1997,636538.52,54575-338,Randi Reitenbach,Female,Research Associate,212-350-8606,rreitenbachij@wix.com,New York City,United States,US,New York,0 Arrowood Street,06-10-2018,0395-1207,25-01-2019,Same Day,Truck,10125,866464.78,1,0.58,jcb,3.54E+15,Very Good,WH-BLR-01,31,19,1,49,6,12,7,3.6,2,636538.52,31190387.48,Overstock
EAB-150,6435 Brentwood Plaza,Eabox,267-61-5998,93,Pontiac,Sunfire,Red,2004,708442.65,37808-595,Daniella Feirn,Female,Media Manager III,202-503-2973,dfeirnik@homestead.com,Washington,United States,US,District of Columbia,757 Knutson Avenue,11-08-2018,42346-200,02-05-2019,Same Day,Truck,20062,873317,2,0.61,jcb,3.55E+15,Bad,WH-CHN-01,28,20,1,47,10,15,9,4,4,708442.65,32588361.9,Overstock
GIG-17,44379 Anderson Parkway,Gigazoom,413-96-8695,84,Mercedes-Benz,CL-Class,Goldenrod,2009,683285.86,76119-1214,Anson Falks,Male,Payment Adjustment Coordinator,914-854-8656,afalksqe@forbes.com,Yonkers,United States,US,New York,74 Acker Center,05-03-2019,68645-468,06-02-2019,Standard Class,Truck,10705,704141.33,1,0.3,mastercard,5.59E+15,Very Good,WH-MUM-01,34,16,1,49,9,11,4,4.9,5,683285.86,33481007.14,Overstock
SKY-129,853 Dennis Court,Skynoodle,161-02-5895,63,Dodge,Stratus,Green,2003,599204.35,11716-8653,Madelyn Feathersby,Female,Internal Auditor,321-243-9957,mfeathersbyim@qq.com,Melbourne,United States,US,Florida,3155 Clemons Terrace,13-05-2019,50458-178,16-06-2019,Same Day,Truck,32919,848990.62,2,0.66,switch,4.91E+18,Very Bad,WH-DEL-01,39,20,1,58,6,14,6,4.5,5,599204.35,34154647.95,Overstock
ZOO-135,34 Quincy Point,Zoovu,860-12-4670,58,Cadillac,Seville,Khaki,1997,580966.08,36987-2014,Freeman Firbank,Male,Recruiting Manager,608-911-8392,ffirbank34@dyndns.org,Madison,United States,US,Wisconsin,6579 Arapahoe Avenue,10-06-2019,0781-5526,16-04-2019,First Class,Truck,53790,895368.03,2,0.28,jcb,3.56E+15,Bad,WH-MUM-01,24,18,1,41,10,10,10,4.5,2,580966.08,23238643.2,Overstock
ABA-208,43 Mallard Road,Abatz,348-62-6683,84,Mercedes-Benz,W201,Red,1988,562065.32,68428-740,Richmound Woodger,Male,Staff Accountant I,859-780-0771,rwoodgerio@ovh.net,Lexington,United States,US,Kentucky,1895 Mitchell Way,06-09-2018,57520-0781,07-03-2019,First Class,Air,40596,978500.72,2,0.88,laser,6.71E+15,Very Bad,WH-BLR-01,26,19,1,44,9,14,4,3.9,5,562065.32,24168808.76,Overstock
VOO-123,0969 Kedzie Road,Voonyx,430-21-1212,64,Eagle,Vision,Green,1996,711788.28,49884-949,Bail Starkie,Male,Senior Quality Engineer,304-916-7490,bstarkie40@cafepress.com,Morgantown,United States,US,West Virginia,720 Shasta Circle,05-11-2018,51862-216,12-04-2019,Second Class,Truck,26505,706160.79,2,0.79,diners-club-us-ca,5.50E+15,Very Bad,WH-BLR-01,25,20,1,44,10,10,8,3.7,2,711788.28,30606896.04,Overstock
KAT-175,93997 Kensington Point,Katz,825-05-0743,104,Volvo,850,Orange,1994,529273.76,41250-117,Shadow Blaiklock,Male,Research Associate,212-787-4683,sblaiklockiq@myspace.com,New York City,United States,US,New York,5876 Corben Trail,05-08-2018,24208-732,26-02-2019,Standard Class,Truck,10275,818919.24,2,0.89,bankcard,5.60E+15,Okay,WH-DEL-01,33,16,1,48,10,15,3,4.7,5,529273.76,24875866.72,Overstock
LIV-106,61 Shopko Terrace,Livefish,446-22-1421,59,Chevrolet,Metro,Turquoise,2000,784307.8,55118-545,Ward Burston,Male,Director of Sales,907-593-8008,wburstonir@deliciousdays.com,Anchorage,United States,US,Alaska,07 Sachtjen Road,27-11-2018,75862-021,31-05-2019,Standard Class,Air,99512,960701.39,2,0.88,jcb,3.54E+15,Very Bad,WH-KOL-01,27,16,1,42,8,10,4,4,2,784307.8,32156619.8,Overstock
JAB-261,6 Carioca Alley,Jabberbean,445-17-2775,84,Mercedes-Benz,CL-Class,Purple,2004,733882.58,21695-655,Woodie Leif,Male,Account Representative II,913-704-0217,wleifdl@time.com,Kansas City,United States,US,Kansas,25 Merry Road,04-07-2018,55111-220,07-06-2019,First Class,Truck,66160,880589.44,2,0.39,americanexpress,3.74E+14,Very Bad,WH-KOL-01,21,16,1,36,8,13,5,3.7,2,733882.58,25685890.3,Overstock
LIN-152,01667 2nd Junction,Linklinks,606-68-6621,76,Lamborghini,Diablo,Teal,1991,616493,36987-2341,Alexander Chastang,Male,Graphic Designer,614-782-8409,achastangit@liveinternet.ru,Columbus,United States,US,Ohio,5 Annamark Junction,01-03-2019,68258-1972,08-05-2019,Same Day,Truck,43204,934482.24,2,0.38,jcb,3.57E+15,Good,WH-MUM-01,25,17,1,41,7,13,9,3.6,3,616493,24659720,Overstock
WIK-21,57815 Express Center,Wikizz,325-86-3901,85,Mercury,Mountaineer,Violet,2001,640766.85,55648-177,Agosto Amy,Male,Computer Systems Analyst IV,718-582-8080,aamyiu@google.co.uk,New York City,United States,US,New York,174 Northwestern Street,09-07-2018,50563-200,21-04-2019,Second Class,Truck,10009,773869.38,1,0.39,mastercard,5.00E+15,Very Good,WH-KOL-01,37,18,1,54,9,12,6,4,3,640766.85,34601409.9,Overstock
BRO-132,568 Leroy Circle,Browsedrive,167-36-5788,57,Buick,Skyhawk,Puce,1984,501528.57,52731-7003,Austen Crowter,Male,Budget/Accounting Analyst III,215-193-0911,acrowteriv@cbsnews.com,Philadelphia,United States,US,Pennsylvania,22710 Stuart Terrace,24-07-2018,11489-074,14-04-2019,First Class,Truck,19191,848881.86,2,0.85,jcb,3.54E+15,Good,WH-BLR-01,21,19,1,39,9,14,9,4.2,5,501528.57,19058085.66,Overstock
RIF-269,01615 Buena Vista Trail,Riffwire,430-80-6105,75,Kia,Forte,Turquoise,2011,510117.79,0013-2653,Edi Stodd,Female,Senior Financial Analyst,571-949-9499,estoddiw@dot.gov,Reston,United States,US,Virginia,09112 Beilfuss Plaza,18-05-2019,64942-1176,02-03-2019,Same Day,Air,22096,881198.22,2,0.44,diners-club-enroute,2.02E+14,Okay,WH-KOL-01,31,19,1,49,7,12,2,4.3,3,510117.79,24485653.92,Overstock
GEV-118,85530 Merchant Plaza,Gevee,601-73-5186,60,Chrysler,Voyager,Goldenrod,2001,629728.76,0173-0756,Lane Lackner,Male,Budget/Accounting Analyst IV,518-297-7474,llacknerix@hc360.com,Albany,United States,US,New York,78462 Forster Avenue,16-08-2018,55154-2364,04-03-2019,First Class,Truck,12205,944911.41,2,0.57,jcb,3.53E+15,Bad,WH-MUM-01,34,19,1,52,9,12,10,3.7,3,629728.76,32116166.76,Overstock
YOT-110,01757 Vernon Point,Yotz,262-07-1668,102,Toyota,RAV4,Green,2001,583790.54,0268-6699,Fernandina Wadley,Female,Desktop Support Technician,239-826-7143,fwadleyiy@cafepress.com,Fort Myers,United States,US,Florida,47960 Gateway Alley,19-05-2019,63736-918,10-01-2019,Standard Class,Truck,33913,967527.66,2,0.37,americanexpress,3.75E+14,Very Bad,WH-BLR-01,36,20,1,55,8,15,10,4.4,5,583790.54,31524689.16,Overstock
BRI-245,2 Bluestem Center,Brightdog,535-02-7483,104,Volvo,S60,Purple,2005,533164.04,63629-5013,Rickie Laingmaid,Male,Community Outreach Specialist,860-657-8323,rlaingmaidiz@ow.ly,Hartford,United States,US,Connecticut,4707 Katie Terrace,20-11-2018,0173-0842,28-01-2019,First Class,Air,6105,857224.85,2,0.87,diners-club-carte-blanche,3.03E+13,Good,WH-DEL-01,39,19,1,57,7,12,7,4.6,3,533164.04,29857186.24,Overstock
SKY-8,1 Scott Drive,Skyba,680-14-7820,79,Lincoln,LS,Crimson,2002,664215.95,49348-788,Betteann Temperton,Female,Technical Writer,202-887-9992,btempertonj0@fastcompany.com,Washington,United States,US,District of Columbia,623 Bluejay Alley,27-02-2019,52125-827,04-01-2019,First Class,Air,20226,847956.69,1,0.68,jcb,3.56E+15,Very Bad,WH-MUM-01,23,17,1,39,10,13,8,4,2,664215.95,25904422.05,Overstock
JAL-336,248 Sundown Plaza,Jaloo,734-46-2514,94,Porsche,Boxster,Aquamarine,2000,605242.17,10819-5808,Clarisse Ben-Aharon,Female,Software Engineer III,904-364-0096,cbenaharonj1@skype.com,Jacksonville,United States,US,Florida,27 Oxford Street,22-02-2019,13537-148,29-01-2019,Second Class,Air,32259,993719.01,1,0.43,instapayment,6.39E+15,Good,WH-BLR-01,32,18,1,49,6,11,7,4.8,5,605242.17,29656866.33,Overstock
SKI-269,3 Sutherland Center,Skinte,481-10-5521,68,GMC,Sierra 3500,Blue,2006,560424,0179-1804,Charmaine Agiolfinger,Female,Speech Pathologist,501-974-3049,cagiolfingerj2@cdbaby.com,North Little Rock,United States,US,Arkansas,78 Lakeland Crossing,04-12-2018,30142-246,11-04-2019,First Class,Truck,72118,733485.8,1,0.86,visa-electron,4.03E+15,Very Good,WH-MUM-01,21,17,1,37,9,14,5,3.8,5,560424,20735688,Overstock
EDG-349,505 Emmet Street,Edgepulse,392-60-3873,78,Lexus,GS,Fuscia,2007,634610.93,59088-864,Chevalier Domenico,Male,Civil Engineer,312-708-1629,cdomenicoj3@omniture.com,Chicago,United States,US,Illinois,41981 Commercial Hill,29-12-2018,10578-004,07-03-2019,Standard Class,Air,60619,864404.36,2,0.42,jcb,3.54E+15,Good,WH-DEL-01,40,19,1,58,9,14,8,4.6,3,634610.93,36172823.01,Overstock
TWI-83,908 Glacier Hill Place,Twinte,144-59-9212,102,Toyota,Paseo,Aquamarine,1993,708992.48,58668-4281,Inga Emby,Female,Graphic Designer,719-896-0684,iembyj4@e-recht24.de,Pueblo,United States,US,Colorado,67639 Bartelt Hill,16-04-2019,43063-354,18-05-2019,Same Day,Truck,81015,808171.21,2,0.32,jcb,3.57E+15,Okay,WH-BLR-01,22,17,1,38,6,12,2,5,2,708992.48,26232721.76,Overstock
GAB-87,4 Helena Plaza,Gabcube,711-14-0177,56,BMW,M6,Yellow,2010,595539.97,0173-0772,Cheston Sweating,Male,GIS Technical Architect,843-498-9975,csweatingj5@slate.com,Charleston,United States,US,South Carolina,64997 Vidon Way,23-01-2019,50988-177,30-05-2019,Standard Class,Truck,29424,936232.58,1,0.55,jcb,3.56E+15,Bad,WH-KOL-01,40,19,1,58,9,10,10,3.6,2,595539.97,34541318.26,Overstock
YAK-267,19619 Springview Drive,Yakitri,834-44-1587,63,Dodge,Ram Van 3500,Puce,1996,727328.97,10477-0809,Wernher Ovanesian,Male,Account Coordinator,310-938-1580,wovanesianj6@slate.com,Santa Monica,United States,US,California,35 Hoard Circle,26-02-2019,68428-035,23-01-2019,First Class,Truck,90410,973303.14,2,0.29,diners-club-us-ca,5.55E+15,Okay,WH-DEL-01,21,16,1,36,8,15,7,3.8,5,727328.97,25456513.95,Overstock
BUZ-13,38 Leroy Circle,Buzzshare,851-87-3453,53,Audi,S5,Red,2012,699195.57,10096-0280,Barr Savage,Male,Accountant II,203-776-0898,bsavagej7@ucla.edu,Norwalk,United States,US,Connecticut,5 South Drive,25-07-2018,65113-2428,13-02-2019,Second Class,Air,6854,863580.14,1,0.39,americanexpress,3.47E+14,Okay,WH-MUM-01,39,20,1,58,9,10,5,4.6,2,699195.57,40553343.06,Overstock
GAB-256,2251 Graedel Street,Gabvine,271-90-4904,59,Chevrolet,Equinox,Green,2009,730722.65,41595-7009,Chelsae Yanson,Female,Administrative Assistant IV,303-382-8249,cyansonj8@slideshare.net,Littleton,United States,US,Colorado,9 Annamark Plaza,31-10-2018,61314-237,22-02-2019,Second Class,Truck,80126,719643.13,1,0.67,jcb,3.53E+15,Bad,WH-CHN-01,36,15,1,50,10,14,6,4.6,3,730722.65,36536132.5,Overstock
TRU-59,99 Menomonie Point,Trudoo,287-62-6677,56,BMW,M3,Green,2012,647261.03,55111-728,Sheena Coldtart,Female,Web Designer III,718-833-5427,scoldtartil@sbwire.com,Flushing,United States,US,New York,13035 Spohn Park,21-03-2019,59667-0071,28-01-2019,Second Class,Truck,11355,956662.15,1,0.46,maestro,6.76E+17,Okay,WH-BLR-01,31,19,1,49,8,12,8,4.6,3,647261.03,31715790.47,Overstock
JAM-275,91235 Cherokee Avenue,Jamia,490-90-1388,103,Volkswagen,GTI,Fuscia,2011,724018.89,54838-551,Kenton Secrett,Male,Food Chemist,504-553-8625,ksecrettja@woothemes.com,New Orleans,United States,US,Louisiana,4046 Moose Circle,28-12-2018,33261-810,09-05-2019,First Class,Truck,70154,752689.24,1,0.32,jcb,3.54E+15,Very Good,WH-DEL-01,22,16,1,37,7,15,8,4,3,724018.89,26788698.93,Overstock
YOM-157,3 Stephen Crossing,Yombu,548-43-1686,101,Suzuki,Esteem,Turquoise,1996,603662.84,68180-902,Pincas Abarough,Male,Statistician III,646-927-6795,pabaroughjb@nydailynews.com,Brooklyn,United States,US,New York,56 Kings Junction,27-03-2019,68745-1035,04-05-2019,Standard Class,Air,11205,998944.56,2,0.53,jcb,3.57E+15,Very Bad,WH-CHN-01,35,15,1,49,10,15,10,3.7,4,603662.84,28975816.32,Overstock
LAZ-225,82 Bellgrove Lane,Lazzy,481-91-2770,93,Pontiac,1000,Violet,1984,615803.61,41520-092,Fedora Cardoo,Female,Sales Representative,862-536-9761,fcardoojc@reference.com,Newark,United States,US,New Jersey,24873 Talmadge Point,08-11-2018,57955-6044,06-05-2019,Second Class,Air,7188,723933.99,1,0.55,jcb,3.54E+15,Bad,WH-BLR-01,30,16,1,45,8,14,5,3.9,3,615803.61,27711162.45,Overstock
TWI-126,2321 Delaware Hill,Twimbo,844-76-6966,57,Buick,Skylark,Puce,1997,584619.29,10157-1010,Avrit Broxup,Female,Account Coordinator,408-170-2918,abroxupjd@qq.com,San Jose,United States,US,California,90 Golden Leaf Crossing,13-10-2018,0143-9681,09-01-2019,Standard Class,Air,95155,908697.34,1,0.81,jcb,3.59E+15,Okay,WH-KOL-01,24,17,1,40,7,13,9,4.3,3,584619.29,23384771.6,Overstock
YOU-143,03971 Grover Road,Youopia,404-01-9457,66,Ford,Festiva,Aquamarine,1990,515198.84,43419-028,Bernardina Simkin,Female,VP Accounting,405-340-4762,bsimkinje@angelfire.com,Oklahoma City,United States,US,Oklahoma,03903 Mccormick Parkway,27-11-2018,0113-0459,22-02-2019,First Class,Truck,73179,854665.45,1,0.75,bankcard,5.61E+15,Very Good,WH-DEL-01,21,15,1,35,6,15,4,4.2,5,515198.84,18031959.4,Overstock
ZOO-137,2693 Lakewood Pass,Zooxo,185-82-6741,84,Mercedes-Benz,SL-Class,Blue,2000,693279.61,64980-183,Winna Heber,Female,Automation Specialist IV,816-693-0309,wheber1x@twitter.com,Kansas City,United States,US,Missouri,43 Hanson Street,31-12-2018,0054-0254,08-05-2019,First Class,Air,64136,723633.61,2,0.3,china-unionpay,5.60E+16,Very Good,WH-BLR-01,31,18,1,48,10,11,8,4,4,693279.61,32584141.67,Overstock
BUB-196,5343 Schiller Way,Bubblemix,617-67-0879,59,Chevrolet,Camaro,Maroon,1969,726527,52584-900,Erminie McCook,Female,Account Executive,412-232-2228,emccookjg@constantcontact.com,Pittsburgh,United States,US,Pennsylvania,4802 Meadow Vale Alley,21-11-2018,43742-0195,18-03-2019,First Class,Truck,15279,781387.1,1,0.62,jcb,3.54E+15,Very Good,WH-DEL-01,26,15,1,40,8,10,8,4,2,726527,29061080,Overstock
DEV-68,9576 Alpine Road,Devpulse,882-04-7101,60,Chrysler,Imperial,Blue,1992,700741.85,33992-0100,Guillaume Warrington,Male,Editor,509-526-6935,gwarringtonjh@uol.com.br,Spokane,United States,US,Washington,4 Comanche Court,16-08-2018,67234-014,08-01-2019,Standard Class,Air,99252,819482.77,2,0.52,visa-electron,4.03E+15,Good,WH-KOL-01,34,16,1,49,9,13,4,4.4,3,700741.85,33635608.8,Overstock
FEE-95,1183 Redwing Court,Feedmix,353-48-6544,66,Ford,Galaxie,Red,1964,505333.49,52584-053,Anselm Dunstone,Male,Desktop Support Technician,916-510-6535,adunstoneji@qq.com,Sacramento,United States,US,California,206 Kennedy Junction,23-07-2018,64205-006,02-01-2019,First Class,Air,95838,974787.89,1,0.81,jcb,3.58E+15,Okay,WH-MUM-01,29,19,1,47,8,14,5,4.5,2,505333.49,23750674.03,Overstock
SKY-129,3 Ohio Court,Skynoodle,292-72-2472,59,Chevrolet,Suburban,Blue,2008,513179.3,34645-4001,Gunar Gobeaux,Male,Statistician IV,202-458-6400,ggobeauxjj@mail.ru,Washington,United States,US,District of Columbia,29810 Bunting Avenue,28-05-2019,68788-9777,11-01-2019,First Class,Truck,20067,963512.41,2,0.69,americanexpress,3.75E+14,Good,WH-BLR-01,38,15,1,52,6,15,4,3.5,4,513179.3,26172144.3,Overstock
VOO-303,5 Dapin Way,Voonte,601-77-8527,92,Plymouth,Voyager,Puce,1992,666907.63,51861-010,Tuesday Horsefield,Female,Help Desk Operator,205-723-2069,thorsefield5q@fema.gov,Birmingham,United States,US,Alabama,4 Prairie Rose Junction,10-01-2019,65862-288,30-01-2019,Same Day,Truck,35254,979097.48,1,0.85,jcb,3.57E+15,Very Good,WH-KOL-01,20,18,1,37,9,10,10,3.7,5,666907.63,24675582.31,Overstock
TAG-55,031 Forster Point,Tagopia,420-24-4101,68,GMC,Sierra 1500,Turquoise,2005,758216.55,52915-070,Christa Davidsson,Female,Technical Writer,214-834-6027,cdavidssonjl@pcworld.com,Dallas,United States,US,Texas,64 Paget Parkway,13-01-2019,55312-994,04-06-2019,First Class,Truck,75251,824000.5,2,0.59,jcb,3.53E+15,Bad,WH-MUM-01,21,17,1,37,10,13,9,4.5,4,758216.55,27295795.8,Overstock
KAM-314,9 Manley Road,Kamba,321-62-5923,53,Audi,Q7,Violet,2012,586615.13,62756-093,Van Crathorne,Male,Systems Administrator IV,310-656-0953,vcrathornejm@technorati.com,Inglewood,United States,US,California,49185 Tony Junction,09-11-2018,51367-016,11-04-2019,Second Class,Truck,90310,835501.86,2,0.35,jcb,3.58E+15,Okay,WH-CHN-01,35,16,1,50,8,13,4,3.9,3,586615.13,28744141.37,Overstock
KAZ-94,47 Bonner Street,Kazio,718-13-1400,74,Jeep,Commander,Yellow,2010,526361.54,55714-4520,Meggie Gethin,Female,Geologist II,319-782-8681,mgethinjn@flickr.com,Iowa City,United States,US,Iowa,53560 Jenifer Parkway,10-03-2019,55154-4959,23-01-2019,Same Day,Air,52245,862416.27,1,0.59,jcb,3.58E+15,Very Good,WH-CHN-01,25,20,1,44,6,10,2,4.1,3,526361.54,23159907.76,Overstock
JAM-275,5 Declaration Circle,Jamia,463-66-8301,72,Isuzu,Trooper,Maroon,1992,788339.39,61010-5400,Carlos Giovanni,Male,Senior Developer,520-847-1547,cgiovannijo@nasa.gov,Tucson,United States,US,Arizona,544 Mandrake Junction,11-04-2019,0603-2109,14-06-2019,Second Class,Truck,85715,739527.87,2,0.69,diners-club-enroute,2.02E+14,Good,WH-MUM-01,38,16,1,53,8,11,8,5,4,788339.39,40993648.28,Overstock
DEV-68,13 Bluestem Trail,Devpulse,684-93-2807,85,Mercury,Mountaineer,Blue,2006,563999.5,51769-980,Chane Firks,Male,Accounting Assistant IV,203-267-8615,cfirksjp@webs.com,Stamford,United States,US,Connecticut,179 Pleasure Pass,30-07-2018,51815-216,24-04-2019,Same Day,Truck,6905,935249.84,1,0.85,maestro,6.76E+18,Bad,WH-KOL-01,30,19,1,48,8,12,10,3.8,4,563999.5,27071976,Overstock
PLA-12,57 Westerfield Way,Plajo,537-02-6248,60,Chrysler,300,Indigo,2007,591457.66,52125-618,Alma Dowson,Female,Account Executive,361-685-5115,adowsonjq@cnn.com,Corpus Christi,United States,US,Texas,9 Columbus Street,11-07-2018,30142-770,07-06-2019,Standard Class,Truck,78415,854774.96,2,0.29,visa,4.04E+12,Bad,WH-DEL-01,39,15,1,53,9,11,5,4,4,591457.66,30755798.32,Overstock
LIN-162,06 East Terrace,Linkbridge,464-43-1062,83,Mazda,B-Series Plus,Violet,2003,589557.69,63304-581,Jermaine Ramsdale,Male,Human Resources Manager,812-758-1637,jramsdalejr@ycombinator.com,Terre Haute,United States,US,Indiana,7844 Susan Circle,26-02-2019,0268-1069,20-05-2019,First Class,Truck,47805,950197.37,1,0.45,laser,6.71E+16,Good,WH-CHN-01,37,15,1,51,6,13,7,4,2,589557.69,30067442.19,Overstock
TAG-238,80 Warbler Way,Tagcat,803-42-2537,103,Volkswagen,GTI,Blue,2011,551766.57,64679-743,Ulrich Starkie,Male,Senior Sales Associate,331-368-8257,ustarkiejs@shareasale.com,Aurora,United States,US,Illinois,8 Washington Crossing,20-02-2019,49884-397,06-01-2019,Same Day,Air,60505,806904.64,1,0.53,mastercard,5.42E+15,Good,WH-BLR-01,33,17,1,49,6,14,6,4.8,5,551766.57,27036561.93,Overstock
NTA-292,1 Springs Trail,Ntag,542-07-6065,88,Mitsubishi,L300,Goldenrod,1987,634247.75,57520-0203,Fairleigh Tremaine,Male,Chief Design Engineer,816-422-7963,ftremaineav@blogs.com,Kansas City,United States,US,Missouri,9119 Menomonie Junction,21-04-2019,54868-0622,18-04-2019,First Class,Truck,64149,918714.52,2,0.54,mastercard,5.00E+15,Bad,WH-CHN-01,26,20,1,45,10,10,9,3.7,3,634247.75,27906901,Overstock
MEE-189,43 Stang Parkway,Meeveo,265-42-4185,57,Buick,Park Avenue,Goldenrod,2004,611557.19,66288-1100,Reeta Khomin,Female,Senior Editor,806-257-2089,rkhominju@google.com.au,Amarillo,United States,US,Texas,95 Anhalt Alley,22-03-2019,35356-125,16-03-2019,Same Day,Truck,79105,882288.26,1,0.44,jcb,3.55E+15,Very Good,WH-BLR-01,33,17,1,49,10,14,5,4.1,3,611557.19,29966302.31,Overstock
INN-249,7 Utah Way,Innojam,696-80-0102,60,Chrysler,Sebring,Orange,1999,551976.98,37012-335,Nollie Gazey,Male,Software Engineer III,202-113-5159,ngazeyjv@uol.com.br,Washington,United States,US,District of Columbia,38 Ilene Terrace,17-07-2018,16590-016,04-02-2019,Second Class,Air,20010,974216.17,1,0.61,jcb,3.55E+15,Good,WH-BLR-01,34,20,1,53,9,13,4,4.5,5,551976.98,29254779.94,Overstock
LIN-171,4 Mitchell Circle,Linkbuzz,844-30-8890,93,Pontiac,Firefly,Fuscia,1992,780564.35,76293-037,Rowan Storey,Male,Chief Design Engineer,727-530-8997,rstoreyat@youtube.com,Saint Petersburg,United States,US,Florida,775 Hayes Crossing,18-04-2019,68645-477,27-03-2019,Standard Class,Truck,33710,756341.93,2,0.86,visa-electron,4.84E+15,Bad,WH-DEL-01,28,18,1,45,6,13,10,4.7,3,780564.35,34344831.4,Overstock
SHU-64,4253 Homewood Trail,Shufflester,662-27-1304,103,Volkswagen,New Beetle,Teal,2010,585248.39,0187-2205,Gena Zimek,Female,Statistician II,303-402-5682,gzimekjx@nyu.edu,Boulder,United States,US,Colorado,69958 Di Loreto Place,16-07-2018,55154-8273,09-04-2019,Same Day,Air,80328,703132.9,1,0.73,bankcard,5.60E+15,Bad,WH-MUM-01,21,20,1,40,7,12,3,4.9,4,585248.39,23409935.6,Overstock
TOP-60,29731 Ronald Regan Terrace,Topdrive,383-56-0356,68,GMC,Sierra 1500,Violet,2008,675701.93,55154-5880,Helyn Hedden,Female,Staff Scientist,615-371-5576,hheddenjy@mapquest.com,Murfreesboro,United States,US,Tennessee,263 Bunker Hill Plaza,28-12-2018,51079-375,03-06-2019,Second Class,Truck,37131,911165.84,2,0.58,mastercard,5.10E+15,Very Good,WH-DEL-01,22,15,1,36,7,11,7,4.9,5,675701.93,23649567.55,Overstock
DIV-109,3 Londonderry Junction,Divavu,706-52-1841,59,Chevrolet,1500,Orange,1997,606029.46,24909-606,Reinald Bruce,Male,Office Assistant III,215-673-8768,rbrucejz@google.ca,Philadelphia,United States,US,Pennsylvania,57262 New Castle Center,27-02-2019,57520-0955,11-05-2019,Standard Class,Truck,19178,860147.02,1,0.86,jcb,3.54E+15,Okay,WH-MUM-01,21,16,1,36,6,14,5,3.7,3,606029.46,21817060.56,Overstock
TAN-313,2682 Haas Hill,Tanoodle,141-19-4186,88,Mitsubishi,Cordia,Mauv,1986,669311.28,50742-152,Yolanda Hick,Female,Information Systems Manager,302-891-3167,yhickby@digg.com,Newark,United States,US,Delaware,39415 Mockingbird Crossing,08-06-2019,60709-101,23-05-2019,Standard Class,Air,19714,769301.23,1,0.68,jcb,3.59E+15,Very Bad,WH-DEL-01,39,19,1,57,8,10,8,3.8,3,669311.28,38150742.96,Overstock
OOB-176,84884 Graedel Point,Ooba,211-89-4622,72,Isuzu,i-370,Fuscia,2008,686020.43,13913-011,Ada MacKenney,Female,Librarian,303-825-3348,amackenneyk1@reddit.com,Littleton,United States,US,Colorado,5040 Old Gate Center,01-09-2018,49781-100,07-05-2019,Second Class,Truck,80161,719077.52,2,0.36,americanexpress,3.75E+14,Okay,WH-BLR-01,30,15,1,44,8,12,10,4.6,5,686020.43,29498878.49,Overstock
JET-92,35 Heffernan Park,Jetpulse,635-30-3693,101,Suzuki,Vitara,Indigo,2004,673188.69,64942-1174,Glenn Vasilyev,Male,Actuary,202-205-3928,gvasilyevk2@illinois.edu,Washington,United States,US,District of Columbia,68 Kinsman Avenue,01-12-2018,53645-1020,20-01-2019,Standard Class,Air,20530,729961.22,2,0.4,mastercard,5.01E+15,Very Good,WH-MUM-01,27,20,1,46,9,15,4,3.8,4,673188.69,30293491.05,Overstock
REA-293,96243 Buena Vista Drive,Realmix,515-59-8716,66,Ford,Ranger,Red,1994,721704.44,0008-1123,Timi Limpricht,Female,Senior Developer,409-884-0947,tlimprichtk3@amazon.de,Beaumont,United States,US,Texas,242 Forster Plaza,15-02-2019,0615-0828,16-01-2019,First Class,Air,77705,825394.46,2,0.7,jcb,3.59E+15,Okay,WH-KOL-01,29,18,1,46,6,10,8,4.6,2,721704.44,32476699.8,Overstock
MIT-298,901 Westport Court,Mita,520-29-6917,103,Volkswagen,Cabriolet,Yellow,1989,532077.53,50181-0038,Ibby Druhan,Female,Geological Engineer,865-635-0498,idruhanfs@devhub.com,Knoxville,United States,US,Tennessee,1 Dixon Avenue,16-07-2018,61245-145,17-01-2019,Same Day,Truck,37914,929795.76,2,0.55,jcb,3.59E+15,Very Bad,WH-KOL-01,36,18,1,53,6,13,9,4,2,532077.53,27668031.56,Overstock
AVA-295,1476 Debra Avenue,Avamm,182-49-9647,66,Ford,F-Series,Green,1993,715028.19,43063-024,Marshal Dulanty,Male,Clinical Specialist,661-403-8125,mdulantyk5@facebook.com,Bakersfield,United States,US,California,9989 Petterle Alley,01-05-2019,52164-1105,29-05-2019,Same Day,Truck,93381,727874.43,2,0.53,jcb,3.56E+15,Very Bad,WH-BLR-01,28,19,1,46,9,11,8,4.1,4,715028.19,32176268.55,Overstock
SKI-62,37 Cascade Trail,Skiba,260-99-4882,84,Mercedes-Benz,CL-Class,Crimson,2008,587713.58,52533-080,Peta Maddicks,Female,Web Designer IV,860-482-6177,pmaddicksk6@mayoclinic.com,West Hartford,United States,US,Connecticut,5989 Prairieview Court,20-08-2018,49999-192,30-03-2019,Second Class,Truck,6127,986117.87,2,0.8,jcb,3.54E+15,Okay,WH-KOL-01,24,19,1,42,7,15,3,4.2,4,587713.58,24096256.78,Overstock
WOR-1,3 Rigney Parkway,Wordtune,460-78-3058,77,Land Rover,Discovery,Pink,1999,611884.1,59779-389,Marcela Stroton,Female,Budget/Accounting Analyst I,973-808-8141,mstrotonk7@flavors.me,Jersey City,United States,US,New Jersey,32715 Darwin Terrace,07-10-2018,12488-0200,16-01-2019,Same Day,Truck,7310,996850.66,1,0.68,jcb,3.54E+15,Good,WH-DEL-01,24,15,1,38,10,14,10,4.3,3,611884.1,23251595.8,Overstock
PIX-247,4633 Dexter Center,Pixoboo,863-37-0862,102,Toyota,Venza,Green,2013,790715,47682-101,Keane Clapp,Male,Software Consultant,601-280-2657,kclappk8@patch.com,Jackson,United States,US,Mississippi,74 Gateway Road,15-03-2019,50988-179,11-05-2019,Standard Class,Truck,39216,839657.87,2,0.7,bankcard,5.60E+15,Very Bad,WH-KOL-01,23,18,1,40,9,10,8,4.7,3,790715,30837885,Overstock
GEV-118,24 Commercial Pass,Gevee,702-53-2175,88,Mitsubishi,Pajero,Purple,1998,707461.29,55154-2431,Chloe Munnion,Female,Business Systems Development Analyst,812-113-7971,cmunnionk9@goodreads.com,Terre Haute,United States,US,Indiana,1 Golden Leaf Court,04-05-2019,54973-0617,16-05-2019,First Class,Truck,47805,715510.23,2,0.44,jcb,3.53E+15,Very Good,WH-DEL-01,37,15,1,51,8,15,2,4.9,3,707461.29,35373064.5,Overstock
DEM-336,95345 Emmet Hill,Demivee,295-04-9339,93,Pontiac,Vibe,Khaki,2006,678297.81,61722-060,Chaddy Till,Male,Teacher,402-596-1208,ctillka@sourceforge.net,Lincoln,United States,US,Nebraska,8 Grayhawk Trail,25-09-2018,55154-5128,11-03-2019,Same Day,Air,68505,789191.4,1,0.85,jcb,3.56E+15,Bad,WH-DEL-01,36,17,1,52,8,12,4,3.7,4,678297.81,35271486.12,Overstock
FEE-330,1 3rd Road,Feedfire,313-61-3862,56,BMW,M5,Pink,2000,669111.47,61139-513,Thorpe Gerry,Male,Human Resources Manager,917-561-1487,tgerrykb@barnesandnoble.com,Flushing,United States,US,New York,1254 Susan Pass,19-11-2018,65862-148,08-06-2019,Standard Class,Truck,11388,848429.11,2,0.34,bankcard,5.61E+15,Very Bad,WH-BLR-01,39,20,1,58,8,14,9,4.8,2,669111.47,38139353.79,Overstock
KAT-175,4312 Meadow Vale Drive,Katz,738-89-1467,103,Volkswagen,Passat,Fuscia,1997,606148.3,43063-087,Georas Britian,Male,Analog Circuit Design manager,716-399-3309,gbritianjt@java.com,Buffalo,United States,US,New York,2332 Pine View Parkway,19-06-2018,54868-0262,08-05-2019,First Class,Air,14269,875330.79,2,0.39,laser,6.77E+18,Okay,WH-DEL-01,21,18,1,38,7,14,7,4.5,3,606148.3,22427487.1,Overstock
TWI-204,9 Annamark Circle,Twimm,209-66-3829,56,BMW,M5,Goldenrod,2008,673726.33,68745-1019,Tammie Schaumaker,Male,Environmental Tech,412-555-5255,tschaumakerg4@topsy.com,Pittsburgh,United States,US,Pennsylvania,3052 Monica Place,10-10-2018,63739-047,08-02-2019,Standard Class,Truck,15220,929636.59,2,0.58,jcb,3.56E+15,Very Good,WH-KOL-01,40,18,1,57,8,15,5,4.5,3,673726.33,37728674.48,Overstock
MYC-157,77 North Terrace,Mycat,601-43-4107,83,Mazda,MX-5,Purple,2001,771085.49,54868-5545,Erny Lapwood,Male,Senior Editor,205-303-9173,elapwoodke@zimbio.com,Birmingham,United States,US,Alabama,57759 Fallview Parkway,18-02-2019,0113-0166,07-01-2019,Second Class,Air,35205,775625.37,2,0.69,jcb,3.54E+15,Very Good,WH-CHN-01,25,16,1,40,7,15,4,4.7,5,771085.49,30072334.11,Overstock
MIT-298,6 Gulseth Alley,Mita,476-52-0185,66,Ford,F250,Orange,1999,575374.57,65044-2320,Rebbecca Sibbson,Female,Software Consultant,515-817-7422,rsibbsonkf@hatena.ne.jp,Des Moines,United States,US,Iowa,56791 Melby Park,10-01-2019,13537-254,30-04-2019,Same Day,Air,50369,896197.02,2,0.45,jcb,3.55E+15,Good,WH-DEL-01,36,17,1,52,9,11,6,3.7,5,575374.57,29344103.07,Overstock
QUA-67,00294 Jenna Terrace,Quaxo,646-21-7402,57,Buick,Park Avenue,Red,2000,671395.03,64125-127,Warden Pund,Male,Information Systems Manager,775-308-3119,wpundg8@arizona.edu,Carson City,United States,US,Nevada,63051 Anzinger Street,17-02-2019,51523-006,24-02-2019,Second Class,Air,89706,993368.91,1,0.81,switch,4.91E+17,Very Good,WH-DEL-01,39,19,1,57,10,10,9,4.8,2,671395.03,38269516.71,Overstock
LIN-152,2 Lakeland Trail,Linklinks,494-57-4600,102,Toyota,Camry,Turquoise,2006,524379.6,0781-5348,Dario Woodnutt,Male,Account Coordinator,917-667-4256,dwoodnuttlm@weather.com,Jamaica,United States,US,New York,66 Briar Crest Street,18-07-2018,55154-2860,28-02-2019,First Class,Air,11436,798116.34,1,0.43,jcb,3.59E+15,Good,WH-BLR-01,20,15,1,34,6,10,9,4.3,3,524379.6,17828906.4,Overstock
MEE-231,5915 Sauthoff Crossing,Meevee,413-57-3046,59,Chevrolet,Tahoe,Turquoise,2008,584628.7,37808-416,Darbie Harroll,Female,Media Manager II,206-869-9196,dharrollki@washington.edu,Seattle,United States,US,Washington,6 Sutteridge Drive,18-03-2019,67345-0782,09-05-2019,Standard Class,Truck,98115,755927.31,1,0.58,maestro,5.89E+15,Very Good,WH-KOL-01,23,15,1,37,9,11,10,4.4,4,584628.7,21631261.9,Overstock
BUZ-126,18592 Dawn Avenue,Buzzster,302-14-6183,101,Suzuki,Samurai,Aquamarine,1993,673920.37,0168-0151,Beckie Kellick,Female,Financial Advisor,269-467-1203,bkellickkj@vimeo.com,Battle Creek,United States,US,Michigan,77101 Kedzie Way,16-06-2019,0597-0001,17-01-2019,Second Class,Air,49018,731935.83,2,0.29,jcb,3.54E+15,Bad,WH-CHN-01,37,17,1,53,6,10,2,3.6,5,673920.37,35043859.24,Overstock
RIF-345,6849 Dennis Parkway,Riffpath,688-69-2823,73,Jaguar,X-Type,Khaki,2005,652936.01,53247-330,Maggi Bibby,Female,Web Designer I,850-688-8218,mbibbykk@dagondesign.com,Panama City,United States,US,Florida,17798 Prentice Court,24-12-2018,0078-0592,23-01-2019,First Class,Air,32405,723862.98,2,0.62,jcb,3.56E+15,Bad,WH-DEL-01,36,15,1,50,6,12,3,3.7,4,652936.01,31993864.49,Overstock
VIP-158,84187 Artisan Park,Vipe,401-62-7882,88,Mitsubishi,Mighty Max,Khaki,1992,540981.11,42957-001,Barny Ferentz,Male,VP Accounting,509-846-6734,bferentzkl@census.gov,Spokane,United States,US,Washington,53830 Bartillon Place,23-12-2018,49967-715,24-04-2019,First Class,Truck,99220,792567.58,2,0.39,laser,6.77E+17,Okay,WH-KOL-01,35,15,1,49,10,15,10,4.9,4,540981.11,25967093.28,Overstock
SKI-316,321 Di Loreto Center,Skivee,464-68-1650,90,Nissan,Sentra,Pink,2007,636030.59,48951-3145,Merv Sherewood,Male,Teacher,415-563-9515,msherewoodkm@sphinn.com,San Francisco,United States,US,California,85679 Melody Street,30-04-2019,57955-0815,25-03-2019,Second Class,Air,94177,793743.25,1,0.53,maestro,6.05E+15,Very Good,WH-KOL-01,30,16,1,45,7,15,6,4.1,5,636030.59,28621376.55,Overstock
TEK-286,06 Glendale Avenue,Teklist,466-16-7156,68,GMC,Sierra 3500,Yellow,2008,704337.81,37808-386,Evangelina Blenkin,Female,Paralegal,213-326-2898,eblenkinkn@japanpost.jp,Los Angeles,United States,US,California,0931 Golden Leaf Road,28-10-2018,53808-0712,08-04-2019,Second Class,Air,90030,918102.88,1,0.47,jcb,3.57E+15,Good,WH-KOL-01,34,17,1,50,10,14,3,4.2,4,704337.81,35216890.5,Overstock
LIN-171,69 Forest Run Circle,Linkbuzz,420-52-8603,73,Jaguar,XJ Series,Teal,2002,701640.08,20276-433,Shermy Littlechild,Male,Structural Engineer,781-738-3318,slittlechildko@skype.com,Watertown,United States,US,Massachusetts,26348 Parkside Court,13-09-2018,51621-038,12-02-2019,Same Day,Air,2472,991121.37,1,0.9,maestro,5.02E+18,Bad,WH-DEL-01,26,18,1,43,9,12,5,4.4,2,701640.08,30170523.44,Overstock
LIV-106,08 Lakeland Hill,Livefish,782-36-5592,84,Mercedes-Benz,SLK-Class,Aquamarine,2007,555992.61,41268-441,Korella Blastock,Female,Executive Secretary,207-553-5217,kblastockkp@wp.com,Portland,United States,US,Maine,66 Esker Plaza,08-02-2019,66336-135,04-04-2019,First Class,Truck,4109,807953.8,1,0.72,jcb,3.56E+15,Bad,WH-KOL-01,31,16,1,46,9,12,6,4.4,4,555992.61,25575660.06,Overstock
YAM-317,9582 Morrow Parkway,Yamia,134-03-8131,100,Subaru,Alcyone SVX,Red,1994,658137.7,55154-7453,Ofelia Bevans,Female,Geologist I,515-783-6239,obevanskq@parallels.com,Des Moines,United States,US,Iowa,67 Emmet Lane,21-02-2019,43269-835,07-01-2019,First Class,Truck,50369,810300.48,2,0.59,switch,6.76E+17,Okay,WH-MUM-01,37,15,1,51,8,13,9,4.6,4,658137.7,32906885,Overstock
OYO-358,58 Butternut Street,Oyoyo,368-09-4452,85,Mercury,Mariner,Fuscia,2009,617304.48,54118-7188,Cornell Duddle,Male,Project Manager,915-784-1285,cduddlekr@cbslocal.com,El Paso,United States,US,Texas,9290 Pond Court,29-08-2018,56062-288,17-02-2019,Second Class,Truck,88558,896202.42,2,0.58,maestro,6.76E+18,Bad,WH-BLR-01,38,18,1,55,10,14,5,3.7,5,617304.48,33334441.92,Overstock
JAN-134,86528 Merrick Hill,Janyx,619-51-4664,66,Ford,Explorer Sport Trac,Teal,2007,587498.89,46122-245,Dwight Dome,Male,Computer Systems Analyst III,202-483-0834,ddomeks@baidu.com,Washington,United States,US,District of Columbia,607 Larry Pass,11-07-2018,52642-006,22-02-2019,Second Class,Air,20520,708585.42,1,0.5,jcb,3.58E+15,Very Good,WH-KOL-01,36,18,1,53,9,10,8,3.6,4,587498.89,31137441.17,Overstock
JAM-275,7 Meadow Ridge Place,Jamia,602-57-0765,93,Pontiac,Parisienne,Red,1986,797632.01,61314-294,Alf Alsina,Male,Engineer IV,806-457-6984,aalsinakt@chron.com,Lubbock,United States,US,Texas,3743 Corry Park,03-01-2019,0498-0015,17-03-2019,Second Class,Air,79452,879851.55,2,0.58,jcb,3.58E+15,Good,WH-KOL-01,23,20,1,42,6,14,5,3.9,4,797632.01,32702912.41,Overstock
EAY-319,488 Union Alley,Eayo,363-41-0203,104,Volvo,S40,Purple,2000,512972.42,64117-228,Cindelyn Pittson,Female,Sales Associate,602-443-5103,cpittsonku@scribd.com,Tempe,United States,US,Arizona,3 Dwight Avenue,04-02-2019,59547-310,27-05-2019,First Class,Truck,85284,758801.6,1,0.89,mastercard,5.58E+15,Okay,WH-KOL-01,37,17,1,53,9,13,7,3.7,5,512972.42,27187538.26,Overstock
SKY-153,888 Ridge Oak Center,Skyvu,862-89-1699,56,BMW,M3,Aquamarine,1999,568442.22,42546-175,Neils Mandrey,Male,Financial Advisor,719-217-4001,nmandreykv@newyorker.com,Colorado Springs,United States,US,Colorado,34 Jana Crossing,11-12-2018,0179-0013,27-01-2019,Second Class,Truck,80951,743731.19,2,0.38,visa,4.04E+15,Bad,WH-KOL-01,22,17,1,38,6,15,5,4.8,3,568442.22,21032362.14,Overstock
ZOO-116,9 Northland Parkway,Zoonoodle,610-12-0339,102,Toyota,Land Cruiser,Turquoise,1992,591927.57,75857-1123,Ronni Jeffress,Female,Budget/Accounting Analyst I,516-795-9981,rjeffresskw@usgs.gov,New Hyde Park,United States,US,New York,6550 Fallview Avenue,22-03-2019,57237-095,18-02-2019,First Class,Truck,11044,872304.78,2,0.85,bankcard,5.60E+15,Very Good,WH-CHN-01,31,16,1,46,7,15,4,3.7,2,591927.57,26636740.65,Overstock
EAD-361,58377 Duke Alley,Eadel,199-74-0486,59,Chevrolet,Avalanche 2500,Fuscia,2004,670113.56,55648-172,Brandtr Ianizzi,Male,Environmental Specialist,727-952-4013,bianizzikx@etsy.com,Clearwater,United States,US,Florida,274 Utah Junction,08-05-2019,0069-2980,19-03-2019,Second Class,Air,34620,825038.13,2,0.69,americanexpress,3.74E+14,Good,WH-BLR-01,26,16,1,41,6,12,2,3.9,5,670113.56,26804542.4,Overstock
VIT-355,60 Eliot Avenue,Vitz,347-99-2708,59,Chevrolet,Impala,Pink,2003,554905.32,76461-910,Loree Payne,Female,Structural Engineer,801-761-3296,lpayneky@cbslocal.com,Ogden,United States,US,Utah,404 School Street,12-08-2018,37808-604,05-04-2019,Standard Class,Truck,84409,942568.23,2,0.57,switch,4.94E+18,Very Bad,WH-DEL-01,38,15,1,52,8,15,7,3.6,2,554905.32,28300171.32,Overstock
FEE-72,1 Mallory Circle,Feedfish,327-94-5292,59,Chevrolet,Cruze,Violet,2012,521331.19,54973-3112,Mallissa O'Connel,Female,Geologist I,520-158-6292,moconnelkz@discuz.net,Tucson,United States,US,Arizona,231 Coolidge Hill,04-12-2018,0185-0055,17-06-2019,First Class,Air,85715,737000.96,2,0.77,china-unionpay,5.60E+16,Bad,WH-MUM-01,30,16,1,45,10,14,10,4.4,4,521331.19,22938572.36,Overstock
PHO-23,44736 Nancy Circle,Photobean,160-57-1114,59,Chevrolet,Avalanche,Violet,2012,736871.5,64117-293,Lucinda Mackro,Female,Systems Administrator I,208-575-7723,lmackrol0@studiopress.com,Boise,United States,US,Idaho,32089 Darwin Point,19-09-2018,67457-198,07-06-2019,Standard Class,Air,83727,906450,1,0.71,jcb,3.53E+15,Okay,WH-KOL-01,40,18,1,57,6,10,7,3.9,4,736871.5,42001675.5,Overstock
JAX-9,61766 Eagle Crest Trail,Jaxnation,392-09-9670,103,Volkswagen,GTI,Turquoise,1997,761039.81,52685-454,Linn Gaythwaite,Male,Quality Engineer,915-896-6974,lgaythwaitefb@npr.org,El Paso,United States,US,Texas,81781 Ridge Oak Terrace,29-01-2019,68001-133,24-02-2019,Second Class,Truck,79911,817701.54,1,0.37,jcb,3.59E+15,Good,WH-MUM-01,23,16,1,38,6,15,5,4.2,4,761039.81,28919512.78,Overstock
VOO-128,4 Orin Crossing,Voonix,302-88-9034,94,Porsche,Boxster,Puce,2003,752105.28,55312-160,Daphna Winckworth,Female,Web Developer IV,770-172-6849,dwinckworthl2@paginegialle.it,Norcross,United States,US,Georgia,65 Wayridge Plaza,07-09-2018,53808-0748,18-05-2019,Standard Class,Air,30092,946883.85,1,0.27,jcb,3.56E+15,Bad,WH-CHN-01,36,16,1,51,7,12,3,4.3,2,752105.28,38357369.28,Overstock
RHY-233,10010 Brentwood Crossing,Rhyzio,326-05-8520,88,Mitsubishi,Starion,Aquamarine,1985,779995.68,43063-392,Jillene Piotrowski,Female,Clinical Specialist,419-248-4272,jpiotrowskipi@slashdot.org,Lima,United States,US,Ohio,2053 Doe Crossing Trail,18-11-2018,48951-8025,09-06-2019,Same Day,Air,45807,747744.55,2,0.56,jcb,3.57E+15,Bad,WH-BLR-01,40,19,1,58,6,14,9,4.5,5,779995.68,44459753.76,Overstock
GAB-87,26 Stuart Court,Gabcube,236-54-6347,84,Mercedes-Benz,R-Class,Puce,2009,665854.24,0228-2672,Mychal Zanetti,Male,Social Worker,937-749-6041,mzanettig@dropbox.com,Dayton,United States,US,Ohio,68 Prairieview Way,06-08-2018,50169-0005,21-02-2019,Same Day,Air,45470,856069.09,2,0.63,china-unionpay,5.60E+15,Very Good,WH-KOL-01,23,16,1,38,6,15,10,4.3,2,665854.24,24636606.88,Overstock
MYD-258,81 Harper Court,Mydeo,458-63-5737,100,Subaru,Baja,Indigo,2004,674903.69,36987-2585,Yvon Hodgin,Male,Staff Accountant I,573-595-0416,yhodginl5@wp.com,Columbia,United States,US,Missouri,3297 Dahle Lane,22-05-2019,55758-005,26-05-2019,First Class,Truck,65211,707931.34,1,0.25,instapayment,6.38E+15,Bad,WH-BLR-01,37,18,1,54,8,12,6,4.5,2,674903.69,36444799.26,Overstock
WIK-161,07329 Artisan Circle,Wikivu,457-92-2588,87,MINI,Countryman,Aquamarine,2012,532835.06,42291-886,Alexine Wadforth,Female,Recruiter,909-298-2375,awadforthl6@census.gov,Riverside,United States,US,California,00978 Mifflin Circle,21-01-2019,36987-3172,08-04-2019,Second Class,Truck,92505,958102.91,1,0.82,jcb,3.55E+15,Good,WH-DEL-01,37,15,1,51,7,11,3,4.6,3,532835.06,27174588.06,Overstock
LIV-133,33992 Anhalt Plaza,Livepath,748-05-8021,70,Hyundai,Tiburon,Maroon,2001,506158.64,59746-383,Sarita Harrhy,Female,Human Resources Assistant I,412-911-5517,sharrhyl7@biblegateway.com,Pittsburgh,United States,US,Pennsylvania,4 Debs Way,16-08-2018,47335-924,05-04-2019,Standard Class,Air,15235,893722.79,2,0.71,diners-club-us-ca,5.49E+15,Okay,WH-BLR-01,21,18,1,38,7,11,5,3.8,2,506158.64,18727869.68,Overstock
YOT-110,0 Vernon Hill,Yotz,579-85-4630,59,Chevrolet,Tahoe,Violet,2005,548028.15,50484-303,Fredek Curwen,Male,Software Engineer I,419-388-9476,fcurwenl8@storify.com,Toledo,United States,US,Ohio,5533 Shoshone Place,07-02-2019,0591-3221,08-02-2019,Standard Class,Air,43699,846156.49,1,0.66,maestro,5.04E+16,Very Good,WH-KOL-01,20,18,1,37,7,12,3,3.7,5,548028.15,20277041.55,Overstock
SKY-243,97 Ridgeview Point,Skyble,367-39-7003,63,Dodge,Stratus,Green,2003,748289.4,51672-4111,Sarina Troy,Female,Mechanical Systems Engineer,601-597-2858,stroy5i@marketwatch.com,Jackson,United States,US,Mississippi,03 Glacier Hill Road,15-01-2019,0517-3415,18-05-2019,Same Day,Truck,39236,914636.14,2,0.39,bankcard,5.61E+15,Okay,WH-CHN-01,32,17,1,48,10,15,5,3.9,2,748289.4,35169601.8,Overstock
YOD-96,5 Arkansas Terrace,Yodo,244-57-4207,84,Mercedes-Benz,CL-Class,Khaki,1999,671257.73,50438-102,Ninon Vinsen,Female,Physical Therapy Assistant,484-942-8189,nvinsenla@yellowpages.com,Reading,United States,US,Pennsylvania,1289 Messerschmidt Terrace,19-10-2018,49349-796,07-05-2019,Same Day,Truck,19605,738293.36,2,0.5,china-unionpay,5.60E+16,Good,WH-DEL-01,33,15,1,47,10,10,5,3.6,3,671257.73,30877855.58,Overstock
YAD-202,8494 David Parkway,Yadel,210-96-7174,59,Chevrolet,Malibu,Goldenrod,1997,560465.15,0113-0425,Paloma Keatch,Female,Environmental Specialist,234-289-1283,pkeatchlb@is.gd,Akron,United States,US,Ohio,7645 Twin Pines Alley,06-02-2019,41250-299,02-02-2019,First Class,Truck,44393,947205.47,1,0.48,jcb,3.56E+15,Okay,WH-DEL-01,35,16,1,50,10,12,4,4.2,5,560465.15,28023257.5,Overstock
AIV-317,29 Lerdahl Place,Aivee,740-48-9608,66,Ford,F450,Pink,2009,655279.64,15127-900,Alexandre Shercliff,Male,Geological Engineer,480-499-4481,asherclifflc@jiathis.com,Scottsdale,United States,US,Arizona,741 Harper Plaza,16-03-2019,21695-065,30-03-2019,Same Day,Air,85271,869230.15,2,0.55,maestro,5.04E+18,Very Good,WH-CHN-01,26,20,1,45,6,13,3,4.1,5,655279.64,28832304.16,Overstock
BLO-185,70771 Hovde Court,Blogtags,473-29-9975,66,Ford,Flex,Indigo,2010,587554.81,0641-6068,Maritsa Kilner,Female,Accounting Assistant II,205-152-6799,mkilnerld@earthlink.net,Tuscaloosa,United States,US,Alabama,2 Dovetail Street,05-01-2019,42411-041,25-05-2019,Second Class,Truck,35487,843974.59,1,0.39,americanexpress,3.74E+14,Bad,WH-BLR-01,36,17,1,52,6,14,7,4,2,587554.81,30552850.12,Overstock
EDG-136,15045 Hudson Court,Edgetag,186-94-1474,88,Mitsubishi,Galant,Maroon,2002,685615.59,11673-536,Wilona Punch,Female,Analyst Programmer,803-160-8110,wpunchle@digg.com,Columbia,United States,US,South Carolina,1 5th Trail,27-03-2019,0173-0699,08-05-2019,Standard Class,Truck,29240,865143.18,1,0.32,jcb,3.55E+15,Okay,WH-CHN-01,36,18,1,53,6,10,4,4.7,3,685615.59,36337626.27,Overstock
RIF-345,7 Golf Point,Riffpath,377-54-2757,83,Mazda,Millenia,Maroon,1998,631486.52,11523-7371,Creight Minico,Male,Director of Sales,209-646-9428,cminico64@wikipedia.org,Modesto,United States,US,California,109 Porter Point,04-11-2018,50804-360,09-04-2019,Second Class,Air,95354,802230.91,2,0.38,diners-club-carte-blanche,3.01E+13,Okay,WH-BLR-01,27,16,1,42,7,11,9,3.7,5,631486.52,25890947.32,Overstock
THO-240,3675 Ohio Road,Thoughtmix,597-76-0299,51,Acura,NSX,Indigo,1995,668051.61,45802-453,Everard MacFaul,Male,VP Accounting,859-392-5327,emacfaulgd@cloudflare.com,Lexington,United States,US,Kentucky,171 Bluejay Lane,23-10-2018,58232-0037,25-05-2019,Second Class,Truck,40586,894285.16,1,0.83,maestro,6.76E+18,Very Good,WH-CHN-01,22,15,1,36,8,11,4,4.9,2,668051.61,24049857.96,Overstock
MYD-258,3 Eastlawn Road,Mydeo,496-04-6406,57,Buick,Electra,Indigo,1984,660346.54,47593-458,Gayle Shillabeer,Female,Editor,312-524-6915,gshillabeerlh@photobucket.com,Chicago,United States,US,Illinois,33 Judy Way,07-04-2019,43419-024,23-01-2019,Second Class,Air,60674,721969.72,1,0.67,diners-club-enroute,2.02E+14,Good,WH-CHN-01,37,19,1,55,7,15,2,4.2,5,660346.54,36319059.7,Overstock
POD-34,19013 Memorial Road,Podcat,803-15-9847,103,Volkswagen,Corrado,Aquamarine,1993,666658.35,36987-2515,Jon Alvar,Male,Registered Nurse,513-534-2151,jalvarli@amazonaws.com,Cincinnati,United States,US,Ohio,89343 Merrick Pass,18-12-2018,42808-300,22-02-2019,First Class,Truck,45213,962546.17,2,0.31,americanexpress,3.77E+14,Okay,WH-CHN-01,25,17,1,41,7,15,7,4.3,5,666658.35,26666334,Overstock
JAX-214,171 Trailsway Circle,Jaxworks,804-98-8936,91,Oldsmobile,Intrigue,Purple,2000,664182.08,63187-009,Jefferey Tourle,Male,Chief Design Engineer,574-268-5872,jtourlelj@comcast.net,South Bend,United States,US,Indiana,8 La Follette Crossing,23-12-2018,50845-0046,06-02-2019,Same Day,Air,46620,979670.86,1,0.6,jcb,3.58E+15,Very Good,WH-KOL-01,34,17,1,50,10,14,10,4.1,2,664182.08,33209104,Overstock
SKA-63,5653 Mendota Avenue,Skajo,268-21-3799,59,Chevrolet,2500,Turquoise,1994,598993.98,55319-619,Olive Rodolf,Female,Analyst Programmer,347-371-4599,orodolflk@eepurl.com,New York City,United States,US,New York,2 Pankratz Circle,07-05-2019,0168-0309,04-01-2019,Second Class,Truck,10014,712411.61,2,0.64,jcb,3.57E+15,Okay,WH-KOL-01,29,15,1,43,10,12,4,4.1,5,598993.98,25157747.16,Overstock
LEE-260,15269 3rd Lane,Leexo,310-97-3261,92,Plymouth,Neon,Purple,1996,610626.3,65044-9961,Isidora Brugger,Female,Research Assistant IV,646-824-1696,ibruggerll@desdev.cn,New York City,United States,US,New York,15210 Fordem Alley,30-05-2019,0006-0078,26-03-2019,First Class,Air,10060,943388.33,2,0.39,switch,4.90E+17,Very Bad,WH-CHN-01,25,17,1,41,6,15,7,4.5,4,610626.3,24425052,Overstock
TWI-321,9083 Debra Crossing,Twinder,196-80-7223,100,Subaru,Loyale,Khaki,1990,685084.75,49349-952,Lora Chomicki,Female,Sales Associate,214-909-4415,lchomicki7f@unblog.fr,Houston,United States,US,Texas,02 Johnson Avenue,07-03-2019,0378-1160,20-04-2019,Second Class,Truck,77005,732301,1,0.41,laser,6.30E+16,Bad,WH-BLR-01,34,17,1,50,8,12,6,3.8,3,685084.75,34254237.5,Overstock
SKA-26,6 Claremont Trail,Skalith,588-79-8750,53,Audi,A6,Yellow,2005,608858.62,10702-018,Melodee Lindholm,Female,VP Sales,415-222-9982,mlindholmln@istockphoto.com,San Francisco,United States,US,California,1822 Havey Crossing,08-05-2019,10056-060,16-01-2019,Standard Class,Truck,94121,758026.52,1,0.46,jcb,3.57E+15,Very Bad,WH-KOL-01,26,18,1,43,7,13,3,4,4,608858.62,26180920.66,Overstock
FEE-330,51 Westridge Point,Feedfire,731-48-0736,66,Ford,LTD Crown Victoria,Mauv,1985,690369.07,54868-3533,Cacilia Vina,Female,Paralegal,512-316-7266,cvinalo@storify.com,Austin,United States,US,Texas,83323 Commercial Court,17-12-2018,60429-145,28-02-2019,Second Class,Air,78715,965516.53,1,0.38,switch,4.90E+18,Very Bad,WH-DEL-01,31,16,1,46,7,11,2,4.5,3,690369.07,31756977.22,Overstock
TWI-327,63 Moose Parkway,Twiyo,601-64-6468,103,Volkswagen,Type 2,Red,1988,571972.07,54868-6387,Stephannie Senett,Female,Marketing Assistant,210-417-5117,ssenettlp@wunderground.com,San Antonio,United States,US,Texas,4450 Forster Hill,02-03-2019,52125-862,14-02-2019,Standard Class,Truck,78230,777987.42,1,0.33,jcb,3.59E+15,Good,WH-DEL-01,21,18,1,38,10,15,9,3.8,5,571972.07,21734938.66,Overstock
MEE-191,976 Magdeline Plaza,Meemm,373-33-2834,63,Dodge,Neon,Aquamarine,1996,502707.19,51346-144,Lester Harpham,Male,Associate Professor,617-830-3556,lharphamlq@pagesperso-orange.fr,Boston,United States,US,Massachusetts,247 Gulseth Crossing,07-06-2019,41190-656,21-03-2019,Standard Class,Air,2124,724816.67,1,0.26,solo,6.33E+15,Bad,WH-MUM-01,23,18,1,40,9,15,7,4.4,2,502707.19,20108287.6,Overstock
SKY-153,6 Division Plaza,Skyvu,480-75-1740,57,Buick,Riviera,Indigo,1987,554071.85,61919-178,Ker Borsi,Male,Clinical Specialist,903-545-9063,kborsilr@msn.com,Texarkana,United States,US,Texas,905 Mendota Trail,27-01-2019,43063-025,14-04-2019,Standard Class,Truck,75507,858393.4,2,0.7,jcb,3.56E+15,Bad,WH-CHN-01,32,19,1,50,6,11,2,4.9,2,554071.85,27149520.65,Overstock
AGI-353,33088 Clarendon Alley,Agivu,559-44-4423,57,Buick,Somerset,Puce,1986,710069.75,0172-3762,Kary Bellord,Female,VP Sales,910-935-4907,kbellordls@imgur.com,Wilmington,United States,US,North Carolina,02624 Tony Crossing,08-09-2018,0363-0563,17-04-2019,Same Day,Truck,28410,951537.81,2,0.77,instapayment,6.37E+15,Good,WH-DEL-01,30,18,1,47,8,14,6,3.9,2,710069.75,32663208.5,Overstock
GEB-202,085 Burning Wood Hill,Geba,590-21-5146,69,Honda,Accord,Fuscia,1992,643646.96,57664-056,Kincaid Wavish,Male,Clinical Specialist,772-246-8311,kwavishlt@ebay.com,Port Saint Lucie,United States,US,Florida,84734 Lakewood Center,10-12-2018,52164-1120,13-01-2019,Same Day,Truck,34985,744448.14,1,0.25,jcb,3.54E+15,Bad,WH-KOL-01,39,20,1,58,7,13,8,4.2,2,643646.96,37331523.68,Overstock
MYN-203,710 Oriole Pass,Mynte,709-54-7208,85,Mercury,Cougar,Turquoise,1992,614712.24,48951-7116,Kelby Ingleton,Male,Chemical Engineer,503-707-7976,kingletonlu@stumbleupon.com,Salem,United States,US,Oregon,5 Roxbury Road,19-06-2018,36800-539,01-02-2019,Same Day,Truck,97306,818639.1,1,0.68,mastercard,5.20E+15,Bad,WH-BLR-01,32,16,1,47,10,11,10,4.8,3,614712.24,28891475.28,Overstock
BRA-196,42568 Kinsman Center,Brainsphere,862-61-5064,72,Isuzu,i-370,Khaki,2007,666631.31,52584-482,Cy Trenoweth,Male,Developer IV,214-881-4939,ctrenowethlv@odnoklassniki.ru,Dallas,United States,US,Texas,8117 Evergreen Plaza,30-11-2018,36987-3033,01-02-2019,Same Day,Truck,75260,771306.73,2,0.87,jcb,3.54E+15,Very Good,WH-KOL-01,30,16,1,45,8,15,4,3.6,4,666631.31,29331777.64,Overstock
AIM-6,7776 Fairview Hill,Aimbu,361-93-5692,102,Toyota,Highlander,Crimson,2005,769788.04,69161-002,Dimitry Quillinane,Male,Database Administrator III,786-400-3230,dquillinanelw@ihg.com,Miami,United States,US,Florida,665 Derek Center,01-07-2018,48102-012,10-04-2019,Same Day,Truck,33196,838665.48,2,0.28,jcb,3.59E+15,Okay,WH-MUM-01,22,16,1,37,9,11,4,3.7,5,769788.04,27712369.44,Overstock
MIB-225,71 Hagan Drive,Miboo,284-95-0721,93,Pontiac,Bonneville,Blue,1985,710786.2,42851-152,Thayne Skace,Male,Compensation Analyst,801-335-2729,tskaceh4@wordpress.com,Salt Lake City,United States,US,Utah,5 Helena Way,28-08-2018,51991-192,19-03-2019,Standard Class,Air,84199,780696.77,2,0.74,china-unionpay,5.60E+18,Bad,WH-KOL-01,26,15,1,40,7,12,9,4.6,5,710786.2,27720661.8,Overstock
JAY-67,8 Starling Park,Jayo,811-83-2542,88,Mitsubishi,Galant,Indigo,1988,702080.03,57955-1531,Patton Ritmeyer,Male,Financial Advisor,213-726-4729,pritmeyerly@prlog.org,Van Nuys,United States,US,California,6759 Victoria Point,25-02-2019,44924-116,10-04-2019,Standard Class,Truck,91499,985957.59,1,0.85,solo,6.77E+17,Very Good,WH-DEL-01,35,15,1,49,10,10,4,4.4,2,702080.03,34401921.47,Overstock
JAB-348,513 Fremont Hill,Jabbersphere,670-44-7335,102,Toyota,Matrix,Goldenrod,2012,743995.56,0168-0277,Sheryl Flasby,Female,Marketing Assistant,757-571-4747,sflasby4l@cbsnews.com,Suffolk,United States,US,Virginia,92 Redwing Hill,11-07-2018,67467-182,22-05-2019,First Class,Air,23436,711417.21,1,0.31,jcb,3.56E+15,Okay,WH-DEL-01,38,16,1,53,8,12,5,4,2,743995.56,39431764.68,Overstock
LIN-162,6 Moland Parkway,Linkbridge,746-17-1815,83,Mazda,MX-3,Pink,1994,727119.19,65841-695,Christie Cerie,Female,Electrical Engineer,361-535-1418,cceriem0@ed.gov,Corpus Christi,United States,US,Texas,063 Pankratz Court,19-04-2019,36987-2236,24-02-2019,First Class,Air,78465,833020.08,1,0.63,americanexpress,3.42E+14,Bad,WH-BLR-01,27,20,1,46,6,11,9,3.7,4,727119.19,33447482.74,Overstock
DAB-127,94 Mcbride Street,Dabfeed,814-95-3742,102,Toyota,Highlander Hybrid,Purple,2007,795092.9,10893-520,Tiebout Usherwood,Male,Physical Therapy Assistant,915-325-8233,tusherwoodm1@tinyurl.com,El Paso,United States,US,Texas,6 Buhler Court,01-10-2018,0363-0637,02-04-2019,Same Day,Air,88574,818760.3,1,0.48,jcb,3.56E+15,Good,WH-CHN-01,29,17,1,45,7,14,10,4.3,3,795092.9,35779180.5,Overstock
BRA-196,8567 Buena Vista Drive,Brainsphere,844-23-6055,59,Chevrolet,Silverado 1500,Orange,2010,561500.73,67510-0026,Frederic Oulett,Male,Information Systems Manager,830-486-4578,foulettm2@angelfire.com,San Antonio,United States,US,Texas,6 Sachtjen Circle,16-09-2018,0245-0036,24-04-2019,First Class,Air,78245,962693.7,1,0.59,maestro,6.76E+15,Okay,WH-CHN-01,23,16,1,38,9,10,3,4.7,5,561500.73,21337027.74,Overstock
EAD-361,05 Evergreen Court,Eadel,781-79-0596,102,Toyota,Sequoia,Indigo,2009,655405.7,21695-575,Karlen Cocozza,Female,Associate Professor,253-458-2304,kcocozzam3@yolasite.com,Lakewood,United States,US,Washington,4 Utah Point,26-11-2018,51439-006,31-01-2019,Same Day,Truck,98498,937411.83,1,0.75,diners-club-us-ca,5.54E+15,Very Bad,WH-CHN-01,23,19,1,41,6,15,2,4.2,3,655405.7,26871633.7,Overstock
SKI-316,98 Oakridge Alley,Skivee,407-40-8666,100,Subaru,XT,Maroon,1989,771615.41,11673-383,Gussy Gieraths,Female,Structural Analysis Engineer,310-661-1285,ggierathsgz@goo.gl,Van Nuys,United States,US,California,08 Straubel Trail,04-06-2019,37000-233,12-05-2019,Second Class,Truck,91406,950938.83,1,0.84,americanexpress,3.74E+14,Bad,WH-MUM-01,22,17,1,38,9,14,8,4.4,4,771615.41,29321385.58,Overstock
SKA-32,1845 Fulton Terrace,Skaboo,454-25-1393,103,Volkswagen,New Beetle,Pink,2001,728738.25,10849-001,Mateo Gawith,Male,Compensation Analyst,646-678-9472,mgawithw@yahoo.co.jp,Brooklyn,United States,US,New York,570 Hansons Court,19-10-2018,37000-069,09-01-2019,First Class,Air,11215,904657.67,2,0.52,jcb,3.53E+15,Very Bad,WH-MUM-01,21,18,1,38,10,14,5,3.8,4,728738.25,26963315.25,Overstock
TRU-140,3 East Center,Trupe,214-73-6591,59,Chevrolet,Express 2500,Maroon,2011,675338.91,52019-001,Lanita Kelson,Female,Structural Analysis Engineer,719-137-4783,lkelsonm6@sfgate.com,Colorado Springs,United States,US,Colorado,8 Acker Court,10-10-2018,60760-687,23-01-2019,Same Day,Air,80940,847257.76,1,0.35,diners-club-enroute,2.01E+14,Very Bad,WH-KOL-01,26,19,1,44,7,12,2,4.2,2,675338.91,29714912.04,Overstock
JAX-21,2816 Heffernan Way,Jaxbean,737-01-7269,68,GMC,Canyon,Puce,2010,664490.55,49349-991,Jaquelyn Pietersma,Female,Web Developer III,913-185-3980,jpietersmam7@paginegialle.it,Shawnee Mission,United States,US,Kansas,46079 Wayridge Trail,28-04-2019,36987-1044,02-04-2019,Standard Class,Air,66220,700793.26,2,0.89,jcb,3.53E+15,Very Bad,WH-MUM-01,32,15,1,46,6,11,4,3.9,3,664490.55,29902074.75,Overstock
LEE-13,0488 Debra Circle,Leenti,692-77-6331,97,Saab,900,Green,1993,603350.95,36987-1806,Avrit Pinnock,Female,Geologist IV,720-479-9658,apinnockm8@jalbum.net,Denver,United States,US,Colorado,77 Nancy Junction,18-09-2018,10738-303,09-05-2019,Second Class,Truck,80204,875413.97,2,0.55,laser,6.71E+18,Bad,WH-BLR-01,23,19,1,41,10,11,4,4.5,4,603350.95,24134038,Overstock
DEM-127,019 Gulseth Lane,Demizz,864-66-0172,64,Eagle,Summit,Teal,1995,555102.39,60681-3003,Tedd Standbrook,Male,Legal Assistant,337-308-8315,tstandbrookm9@instagram.com,Lafayette,United States,US,Louisiana,794 Stone Corner Place,30-10-2018,49349-548,13-06-2019,Same Day,Air,70593,819766,1,0.5,mastercard,5.27E+15,Very Good,WH-KOL-01,34,15,1,48,8,15,4,4.8,5,555102.39,26644914.72,Overstock
VOO-303,149 Eggendart Point,Voonte,482-26-2534,74,Jeep,Wrangler,Red,1997,725723.46,42281-003,Adore Juschka,Female,Financial Analyst,702-810-0902,ajuschkama@ted.com,Las Vegas,United States,US,Nevada,43797 Del Sol Terrace,23-04-2019,63255-011,19-01-2019,Same Day,Truck,89105,971462.87,1,0.44,jcb,3.58E+15,Bad,WH-MUM-01,39,15,1,53,7,14,8,3.9,4,725723.46,38463343.38,Overstock
INN-41,9388 Eliot Alley,Innotype,345-93-3482,63,Dodge,Nitro,Teal,2007,605198.31,0093-5517,Brantley Elflain,Male,Computer Systems Analyst III,718-587-7012,belflainmb@ucoz.ru,Staten Island,United States,US,New York,7 Sommers Park,27-08-2018,53489-176,01-03-2019,First Class,Truck,10310,900182.01,1,0.79,laser,6.71E+17,Very Bad,WH-BLR-01,25,17,1,41,8,14,6,3.6,3,605198.31,24813130.71,Overstock
QUA-195,8 Stoughton Crossing,Quamba,539-07-0988,103,Volkswagen,Golf,Mauv,1989,736857.2,52685-434,Rea Rains,Female,GIS Technical Architect,810-235-8803,rrainsj9@storify.com,Warren,United States,US,Michigan,7394 Kipling Avenue,18-10-2018,21130-445,28-02-2019,Second Class,Truck,48092,732590.34,2,0.72,diners-club-us-ca,5.45E+15,Okay,WH-BLR-01,27,20,1,46,8,10,7,4.1,5,736857.2,33158574,Overstock
POD-34,4002 Pine View Way,Podcat,437-73-6762,101,Suzuki,XL-7,Teal,2006,642628.37,75940-122,Arnie Fiddiman,Male,Geologist IV,256-423-3748,afiddimanmd@google.co.jp,Gadsden,United States,US,Alabama,006 Anhalt Road,03-04-2019,55154-9420,31-01-2019,Standard Class,Air,35905,952251.48,1,0.28,switch,5.64E+18,Very Bad,WH-MUM-01,33,17,1,49,8,15,10,3.5,5,642628.37,31488790.13,Overstock
BRO-246,2 Holmberg Terrace,Browsetype,844-10-6046,83,Mazda,CX-7,Teal,2012,594192.3,54868-6253,Casey Seale,Male,Senior Sales Associate,713-115-5362,csealeme@shop-pro.jp,Houston,United States,US,Texas,74222 Oak Valley Avenue,15-08-2018,36987-2115,12-02-2019,Standard Class,Truck,77223,702288.18,2,0.58,jcb,3.57E+15,Very Good,WH-MUM-01,31,17,1,47,6,13,2,4.9,4,594192.3,27332845.8,Overstock
MID-292,51 Sage Way,Midel,740-60-7848,66,Ford,Tempo,Mauv,1985,524291.69,63629-4458,Godfree Trase,Male,Assistant Media Planner,206-958-0252,gtrasemf@scribd.com,Seattle,United States,US,Washington,5 Westridge Alley,23-06-2018,68308-020,02-01-2019,Standard Class,Truck,98185,906147.82,1,0.88,diners-club-enroute,2.02E+14,Very Good,WH-MUM-01,29,19,1,47,7,12,6,4.7,2,524291.69,24641709.43,Overstock
REA-319,6789 Calypso Plaza,Realfire,163-41-1702,63,Dodge,Ram 3500,Violet,2007,692027.6,0074-3799,Templeton Cleyne,Male,Graphic Designer,281-714-5309,tcleynemg@sun.com,Pasadena,United States,US,Texas,6831 Rigney Parkway,19-10-2018,37205-725,16-02-2019,First Class,Air,77505,870236.27,1,0.45,bankcard,5.60E+15,Good,WH-DEL-01,37,20,1,56,7,15,5,4,3,692027.6,38753545.6,Overstock
DEV-223,411 Sutherland Trail,Devcast,118-97-2125,60,Chrysler,Grand Voyager,Indigo,2000,554014.56,0268-6686,Mitzi Mussettini,Female,Environmental Specialist,863-956-0208,mmussettinimh@qq.com,Winter Haven,United States,US,Florida,2 Sugar Hill,10-08-2018,68001-252,03-02-2019,First Class,Air,33884,722715.49,2,0.62,jcb,3.54E+15,Very Good,WH-DEL-01,31,20,1,50,6,13,3,4.1,4,554014.56,27146713.44,Overstock
OLO-19,80 Dovetail Street,Oloo,148-76-9008,59,Chevrolet,Camaro,Turquoise,1970,574287.61,32909-723,De witt Abramovitz,Male,Web Designer IV,907-152-0169,dwittmi@usda.gov,Anchorage,United States,US,Alaska,998 Canary Hill,26-04-2019,50322-005,20-02-2019,Standard Class,Air,99599,808876.7,1,0.46,maestro,5.02E+15,Bad,WH-BLR-01,39,18,1,56,6,13,5,3.9,5,574287.61,32160106.16,Overstock
TEK-357,90762 Ruskin Way,Tekfly,540-87-0867,57,Buick,LeSabre,Violet,1998,660890.66,31190-500,Elyssa O'Rudden,Female,Help Desk Technician,702-892-9101,eoruddenmj@woothemes.com,Las Vegas,United States,US,Nevada,857 Maple Plaza,27-04-2019,49884-463,06-04-2019,Standard Class,Air,89145,881818.02,1,0.6,china-unionpay,5.60E+15,Bad,WH-BLR-01,21,16,1,36,8,15,5,4.6,4,660890.66,23792063.76,Overstock
SKI-171,9 Lakewood Point,Skiptube,584-51-0938,66,Ford,Aerostar,Goldenrod,1996,646786.9,76126-007,Egbert Cassely,Male,Nurse,516-923-9987,ecasselymk@google.com.au,Hicksville,United States,US,New York,84859 Buell Terrace,03-12-2018,14783-472,14-06-2019,First Class,Air,11854,987134.53,2,0.3,jcb,3.54E+15,Very Bad,WH-MUM-01,36,18,1,53,9,12,4,4.5,4,646786.9,33632918.8,Overstock
TWI-225,5298 Hayes Point,Twitterlist,839-11-6693,66,Ford,Mustang,Maroon,1994,798765.11,52959-144,Gunther Stubbs,Male,Chief Design Engineer,314-333-8350,gstubbs2n@exblog.jp,Saint Louis,United States,US,Missouri,6441 Daystar Parkway,03-11-2018,57627-156,20-03-2019,First Class,Air,63169,881654.49,1,0.81,jcb,3.53E+15,Bad,WH-MUM-01,24,19,1,42,7,12,10,4.5,4,798765.11,33548134.62,Overstock
BRA-42,6 Rusk Pass,Brainbox,259-91-4608,97,Saab,900,Puce,1987,592913.25,60432-455,Angelica Bohman,Female,Software Engineer IV,949-537-9763,abohmanmm@wp.com,Irvine,United States,US,California,5829 Evergreen Place,01-08-2018,0093-1026,09-01-2019,First Class,Air,92619,891565.81,2,0.77,jcb,3.58E+15,Bad,WH-MUM-01,40,17,1,56,10,10,6,4.1,3,592913.25,32610228.75,Overstock
REA-339,602 Red Cloud Circle,Realblab,805-87-4049,63,Dodge,Ram 3500 Club,Khaki,1995,533036.86,49349-531,June Tattam,Female,Software Consultant,702-760-7239,jtattammn@behance.net,Las Vegas,United States,US,Nevada,6 Lerdahl Pass,31-10-2018,54868-4198,10-01-2019,First Class,Truck,89120,855322.41,2,0.46,maestro,6.76E+15,Very Bad,WH-CHN-01,28,16,1,43,9,14,9,4.2,5,533036.86,22387548.12,Overstock
OYO-273,39771 Bellgrove Avenue,Oyoloo,893-14-6140,78,Lexus,IS-F,Fuscia,2010,540377.33,62175-891,Artie Ride,Male,Geologist I,860-222-3821,aride3k@yolasite.com,Hartford,United States,US,Connecticut,53 Carpenter Parkway,13-12-2018,51393-6668,16-03-2019,Standard Class,Air,6160,849594.22,1,0.68,jcb,3.58E+15,Okay,WH-KOL-01,30,17,1,46,10,12,3,4.2,2,540377.33,24857357.18,Overstock
PLA-12,953 Carpenter Trail,Plajo,788-72-4318,104,Volvo,XC70,Mauv,2011,763623.22,49349-774,Kaylyn Boutellier,Female,Administrative Assistant III,763-541-9141,kboutelliermp@technorati.com,Minneapolis,United States,US,Minnesota,3955 Mesta Hill,05-08-2018,49035-439,27-04-2019,First Class,Truck,55448,803609.74,2,0.42,jcb,3.55E+15,Good,WH-KOL-01,24,19,1,42,9,15,6,3.6,4,763623.22,31308552.02,Overstock
TWI-321,53 Iowa Drive,Twinder,842-36-7675,97,Saab,900,Indigo,2006,751045.64,51346-083,Teressa Pittle,Female,Actuary,785-770-9514,tpittlemq@netvibes.com,Topeka,United States,US,Kansas,23 Drewry Place,09-02-2019,10424-152,08-06-2019,First Class,Truck,66617,987295.49,1,0.84,jcb,3.53E+15,Very Good,WH-DEL-01,22,18,1,39,8,14,2,3.7,5,751045.64,29290779.96,Overstock
BUZ-298,61026 Coleman Place,Buzzdog,815-89-9588,59,Chevrolet,Cruze,Orange,2011,601897.98,60429-028,Zora Kobpac,Female,Speech Pathologist,719-301-1853,zkobpac52@umn.edu,Colorado Springs,United States,US,Colorado,1 Lukken Alley,12-05-2019,0049-0032,12-04-2019,Same Day,Truck,80930,705474.04,2,0.86,jcb,3.57E+15,Bad,WH-CHN-01,32,16,1,47,9,15,3,4.9,4,601897.98,27687307.08,Overstock
JAB-226,2901 Hanson Park,Jabbertype,398-40-4399,63,Dodge,Stratus,Indigo,1998,605731.65,64117-150,Arel Cass,Male,Systems Administrator III,312-148-8430,acassms@seattletimes.com,Chicago,United States,US,Illinois,87 Welch Hill,07-06-2019,43742-0344,24-04-2019,Second Class,Truck,60691,938855.45,2,0.86,visa-electron,4.03E+15,Bad,WH-CHN-01,35,16,1,50,6,15,8,4.8,5,605731.65,29680850.85,Overstock
SKI-282,36142 Mifflin Junction,Skimia,889-97-0203,93,Pontiac,G6,Orange,2005,673145.55,63739-284,Reube Phettis,Male,Programmer Analyst IV,858-685-0770,rphettismt@mail.ru,Santa Clara,United States,US,California,477 Jackson Alley,23-04-2019,63941-078,27-03-2019,First Class,Truck,95054,994510.29,1,0.56,diners-club-carte-blanche,3.00E+13,Okay,WH-DEL-01,39,16,1,54,9,10,9,4.4,5,673145.55,36349859.7,Overstock
WIK-161,2 Valley Edge Lane,Wikivu,226-81-1300,72,Isuzu,Rodeo,Blue,1994,588224.02,36800-523,Ali Topper,Male,Compensation Analyst,360-625-8225,atoppermu@reuters.com,Vancouver,United States,US,Washington,398 Fieldstone Terrace,17-04-2019,36987-1599,06-02-2019,Second Class,Truck,98687,914946.94,1,0.76,jcb,3.58E+15,Very Bad,WH-DEL-01,21,18,1,38,7,13,2,4,3,588224.02,22352512.76,Overstock
WIK-21,75 Summer Ridge Drive,Wikizz,603-93-3331,74,Jeep,Grand Cherokee,Fuscia,2002,563434.73,10586-9102,Giordano Pott,Male,Account Coordinator,863-576-6133,gpottoq@umn.edu,Lakeland,United States,US,Florida,59970 Old Shore Parkway,19-08-2018,55154-5472,26-02-2019,First Class,Truck,33811,995578.37,2,0.27,china-unionpay,5.60E+18,Good,WH-KOL-01,23,18,1,40,6,14,6,4.2,3,563434.73,21973954.47,Overstock
INN-41,6442 Leroy Way,Innotype,487-64-6614,63,Dodge,Charger,Violet,1969,674759.43,60505-2640,Yasmeen Antognazzi,Female,Project Manager,206-332-9222,yantognazzimw@amazon.co.uk,Seattle,United States,US,Washington,3 Moland Drive,09-03-2019,54575-415,04-04-2019,Standard Class,Air,98127,956921.94,1,0.84,jcb,3.55E+15,Okay,WH-MUM-01,34,19,1,52,6,10,7,3.6,5,674759.43,35087490.36,Overstock
SKY-129,0567 Bartillon Drive,Skynoodle,120-53-8038,66,Ford,Econoline E350,Goldenrod,1992,603304.49,65321-515,Maje MacShirie,Male,Programmer I,318-739-8113,mmacshirie1d@unicef.org,Shreveport,United States,US,Louisiana,36 Oxford Lane,05-02-2019,66915-613,14-06-2019,Same Day,Air,71130,895110.23,2,0.84,bankcard,5.60E+15,Very Bad,WH-BLR-01,22,19,1,40,9,15,5,4.7,2,603304.49,23528875.11,Overstock
LIN-171,5 Comanche Terrace,Linkbuzz,863-38-3008,101,Suzuki,Vitara,Red,2004,739966.48,49643-301,Brit Brennan,Female,Account Executive,626-219-1419,bbrennann6@cam.ac.uk,Alhambra,United States,US,California,3196 Mifflin Trail,13-05-2019,0378-7155,26-02-2019,Standard Class,Air,91841,826635.9,2,0.58,maestro,6.30E+18,Good,WH-BLR-01,27,17,1,43,10,12,4,3.9,4,739966.48,31078592.16,Overstock
OYO-358,6 Meadow Vale Center,Oyoyo,440-82-9219,66,Ford,Taurus X,Crimson,2008,761182.85,54838-101,Barry Delves,Female,Analog Circuit Design manager,315-420-4107,bdelvesb@zimbio.com,Syracuse,United States,US,New York,7265 Buell Trail,02-12-2018,60512-1305,20-05-2019,Same Day,Truck,13217,743643.26,2,0.61,jcb,3.56E+15,Okay,WH-KOL-01,35,16,1,50,8,11,9,3.9,5,761182.85,37297959.65,Overstock
REA-140,06 Johnson Crossing,Realbuzz,386-21-5313,102,Toyota,Celica,Puce,1997,701219.16,49349-381,Sammy Officer,Male,Quality Engineer,267-391-1500,sofficeraz@discovery.com,Philadelphia,United States,US,Pennsylvania,990 East Road,01-06-2019,50419-409,11-06-2019,First Class,Air,19136,703287.97,2,0.54,jcb,3.56E+15,Good,WH-CHN-01,31,15,1,45,6,13,8,4.5,4,701219.16,30853643.04,Overstock
MYN-203,2 Redwing Drive,Mynte,615-31-9957,57,Buick,Roadmaster,Crimson,1994,700547.61,51143-066,Frances Acomb,Female,Safety Technician IV,865-810-1519,facombn1@privacy.gov.au,Knoxville,United States,US,Tennessee,64 International Way,09-03-2019,0363-0567,10-05-2019,Second Class,Truck,37924,942754.67,1,0.74,jcb,3.55E+15,Bad,WH-KOL-01,20,15,1,34,8,13,2,4.6,4,700547.61,23818618.74,Overstock
EDG-16,0 Alpine Place,Edgeclub,206-01-2301,66,Ford,E350,Mauv,2004,683185.48,63868-926,Kienan De Ruel,Male,Software Engineer I,316-154-9276,kden2@histats.com,Wichita,United States,US,Kansas,41978 Talmadge Pass,04-03-2019,21695-223,18-01-2019,Second Class,Air,67220,893058.78,2,0.74,china-unionpay,5.60E+16,Okay,WH-MUM-01,20,19,1,38,8,12,3,4.4,4,683185.48,25277862.76,Overstock
MYN-203,8 Arizona Park,Mynte,747-50-9079,79,Lincoln,Town Car,Khaki,2008,562464.08,0904-5869,Shannan Humfrey,Male,Civil Engineer,757-497-5918,shumfreyn3@arizona.edu,Newport News,United States,US,Virginia,631 Ridgeview Plaza,28-06-2018,49967-006,30-03-2019,First Class,Air,23605,774076.72,2,0.87,mastercard,5.21E+15,Good,WH-DEL-01,22,15,1,36,8,12,5,4.7,4,562464.08,19686242.8,Overstock
OOZ-155,770 Corry Road,Oozz,213-92-7831,90,Nissan,Sentra,Turquoise,2003,502874.75,21695-146,Esmeralda Prodrick,Female,Help Desk Operator,336-225-2671,eprodrickn4@cafepress.com,Winston Salem,United States,US,North Carolina,63196 Erie Point,26-12-2018,35356-765,10-03-2019,First Class,Air,27110,789455.65,2,0.42,diners-club-enroute,2.02E+14,Bad,WH-MUM-01,32,20,1,51,8,10,3,3.7,5,502874.75,25143737.5,Overstock
DYN-53,5 Porter Trail,Dynabox,659-81-2311,93,Pontiac,Grand Am,Puce,1990,727181.05,48951-1066,Dena Weavers,Female,Clinical Specialist,813-866-9238,dweaversnl@businessinsider.com,Tampa,United States,US,Florida,6 3rd Avenue,13-04-2019,51386-500,21-04-2019,First Class,Air,33625,761918.61,2,0.27,laser,6.30E+17,Very Good,WH-BLR-01,26,15,1,40,7,14,4,4.5,4,727181.05,28360060.95,Overstock
CAM-270,0 Kensington Place,Camido,840-73-6286,104,Volvo,V50,Pink,2010,545741.7,0299-5980,Charin Henriksson,Female,Research Assistant III,386-225-2847,chenriksson2d@chicagotribune.com,Daytona Beach,United States,US,Florida,2 Golf View Plaza,25-09-2018,64127-085,27-05-2019,Standard Class,Truck,32128,885892.96,2,0.77,china-unionpay,5.60E+16,Very Bad,WH-DEL-01,33,20,1,52,7,13,3,4.8,4,545741.7,27832826.7,Overstock
KAY-102,707 Roxbury Crossing,Kayveo,320-86-5969,59,Chevrolet,Express 2500,Red,1996,786288.29,50268-453,Moira Bearward,Female,Chemical Engineer,704-898-9941,mbearwardn7@census.gov,Charlotte,United States,US,North Carolina,68 Dixon Place,19-05-2019,49349-015,24-05-2019,Second Class,Air,28220,946986.17,2,0.38,mastercard,5.01E+15,Very Good,WH-MUM-01,36,15,1,50,8,10,8,3.5,4,786288.29,38528126.21,Overstock
YOD-96,89 Kennedy Pass,Yodo,418-01-3270,54,Austin,Mini Cooper,Indigo,1964,717807.54,53808-0347,Herculie Levi,Male,Office Assistant I,-9839,hlevigu@cafepress.com,Pittsburgh,United States,US,Pennsylvania,773 Northridge Junction,16-01-2019,60512-1035,05-02-2019,First Class,Air,15266,777048.56,2,0.41,jcb,3.53E+15,Bad,WH-BLR-01,34,17,1,50,6,15,6,4.1,3,717807.54,35172569.46,Overstock
DIV-109,3250 Golf Course Plaza,Divavu,140-89-4888,51,Acura,ZDX,Khaki,2010,757687.61,53489-590,Nikaniki Ciccottini,Female,Web Designer I,713-180-4911,nciccottinin9@hugedomains.com,Houston,United States,US,Texas,551 Springview Point,05-05-2019,68788-9841,05-05-2019,Same Day,Air,77281,937869.14,1,0.39,diners-club-carte-blanche,3.02E+13,Very Bad,WH-MUM-01,25,15,1,39,10,10,6,4.2,2,757687.61,29549816.79,Overstock
LEE-260,82 Dennis Road,Leexo,434-91-9008,104,Volvo,C70,Mauv,2013,671719.74,0440-1385,Sergeant Walkley,Male,Chief Design Engineer,765-151-4119,swalkleyna@ucla.edu,Anderson,United States,US,Indiana,713 Meadow Ridge Place,30-03-2019,63783-403,27-01-2019,First Class,Truck,46015,755845.16,2,0.35,jcb,3.58E+15,Good,WH-CHN-01,28,19,1,46,9,13,4,4.4,3,671719.74,30227388.3,Overstock
INN-259,39 Mifflin Park,InnoZ,331-64-7016,68,GMC,Sierra 2500HD,Turquoise,2006,794277.7,36987-2079,Ali Repper,Female,Systems Administrator IV,512-811-0997,areppernb@about.com,Austin,United States,US,Texas,537 Homewood Avenue,02-06-2019,55154-5896,17-05-2019,Standard Class,Truck,78710,708238.89,1,0.73,jcb,3.55E+15,Bad,WH-DEL-01,25,18,1,42,7,14,10,3.8,5,794277.7,33359663.4,Overstock
PIX-96,1 Forest Dale Alley,Pixope,643-75-4415,83,Mazda,Navajo,Maroon,1993,779729.93,68472-132,Anna-diane Jeanesson,Female,Recruiter,865-870-9779,ajeanessonnc@printfriendly.com,Knoxville,United States,US,Tennessee,2 Shopko Lane,17-09-2018,37808-476,05-01-2019,Same Day,Air,37995,893916.29,2,0.69,mastercard,5.10E+15,Very Good,WH-DEL-01,32,17,1,48,9,10,10,4.2,2,779729.93,36647306.71,Overstock
FEE-83,87713 Hooker Crossing,Feedbug,375-41-3647,83,Mazda,MPV,Pink,1990,680232.41,48951-1037,Elwira Maylam,Female,Account Representative II,405-247-5112,emaylamnd@illinois.edu,Norman,United States,US,Oklahoma,534 8th Park,29-07-2018,52125-051,03-03-2019,Same Day,Truck,73071,882064.51,1,0.9,jcb,3.55E+15,Okay,WH-KOL-01,29,16,1,44,6,10,3,4.5,3,680232.41,29930226.04,Overstock
ROO-144,97 Dunning Junction,Roombo,596-80-7389,52,Aston Martin,V12 Vantage,Green,2012,621092.39,37000-587,Zacherie Aartsen,Male,Senior Financial Analyst,989-960-9080,zaartsenne@sciencedirect.com,Saginaw,United States,US,Michigan,2 Judy Place,22-09-2018,41250-037,29-01-2019,First Class,Air,48609,937323.87,2,0.58,jcb,3.54E+15,Okay,WH-DEL-01,26,19,1,44,9,13,2,3.9,2,621092.39,26706972.77,Overstock
QUA-67,5 Forest Dale Parkway,Quaxo,347-52-4406,74,Jeep,Grand Cherokee,Orange,2009,748241.18,53603-4002,Audrie Teese,Female,Quality Engineer,281-261-8843,ateesemy@networkadvertising.org,Spring,United States,US,Texas,2 Oneill Lane,08-11-2018,50268-698,04-02-2019,First Class,Air,77386,770036.28,1,0.89,visa-electron,4.18E+15,Okay,WH-DEL-01,27,19,1,45,6,11,10,4.2,2,748241.18,33670853.1,Overstock
TOP-16,2423 Maryland Avenue,Topiczoom,821-61-8212,70,Hyundai,Sonata,Crimson,1994,514486.5,0268-1139,Joannes Collingdon,Female,Assistant Media Planner,203-516-9913,jcollingdonck@squidoo.com,Waterbury,United States,US,Connecticut,497 Summit Center,14-02-2019,16714-588,24-03-2019,Standard Class,Air,6726,948234.77,2,0.66,americanexpress,3.74E+14,Okay,WH-BLR-01,22,17,1,38,8,11,8,3.7,2,514486.5,19036000.5,Overstock
MYM-311,4 Tony Road,Mymm,759-60-1833,90,Nissan,Frontier,Khaki,2000,598226.5,0363-0057,Iver Thaxter,Male,Social Worker,414-489-9365,ithaxternh@yahoo.co.jp,Milwaukee,United States,US,Wisconsin,81 Westend Center,14-03-2019,0409-9789,09-02-2019,Second Class,Air,53285,711964.37,2,0.52,jcb,3.55E+15,Very Good,WH-KOL-01,31,16,1,46,8,13,5,3.8,5,598226.5,26920192.5,Overstock
FLA-141,87 Graceland Place,Flashdog,775-94-0831,66,Ford,Freestar,Goldenrod,2005,556870.9,16729-248,Anastasia Margiotta,Female,Chief Design Engineer,205-991-6553,amargiottani@photobucket.com,Birmingham,United States,US,Alabama,5 Lakeland Junction,16-11-2018,0268-1366,15-03-2019,Standard Class,Air,35290,900087.93,2,0.46,jcb,3.57E+15,Okay,WH-CHN-01,22,20,1,41,10,13,8,4.1,3,556870.9,22274836,Overstock
FEE-83,97154 Sauthoff Avenue,Feedbug,677-24-6266,78,Lexus,IS,Pink,2006,554332.62,76331-807,Reena Huelin,Female,Editor,503-322-7433,rhuelinnj@mayoclinic.com,Portland,United States,US,Oregon,50206 Birchwood Park,19-10-2018,11994-127,05-04-2019,Standard Class,Truck,97286,938822.87,2,0.69,mastercard,5.59E+15,Bad,WH-MUM-01,24,17,1,40,8,10,8,3.8,4,554332.62,21618972.18,Overstock
TWI-126,78977 Bayside Terrace,Twimbo,670-48-9406,94,Porsche,911,Purple,1998,741589.61,36987-3262,Estelle Gunter,Female,Business Systems Development Analyst,704-758-0797,egunternk@hatena.ne.jp,Charlotte,United States,US,North Carolina,54028 Welch Trail,12-11-2018,45802-101,14-06-2019,Second Class,Truck,28289,847331.53,1,0.57,switch,6.33E+15,Very Good,WH-BLR-01,25,18,1,42,6,10,4,4.6,3,741589.61,31146763.62,Overstock
ZOO-66,47598 Derek Point,Zoozzy,372-66-2100,59,Chevrolet,Malibu,Violet,2006,630537.16,0023-4385,Ileana Meran,Female,Research Associate,630-947-3323,imeranlg@weebly.com,Naperville,United States,US,Illinois,1 Huxley Crossing,12-05-2019,0074-4341,21-01-2019,Same Day,Truck,60567,978429.15,1,0.78,laser,6.30E+18,Good,WH-CHN-01,32,18,1,49,8,12,8,4.5,3,630537.16,30896320.84,Overstock
FAD-79,745 Veith Circle,Fadeo,631-69-3897,57,Buick,Regal,Yellow,2002,524700.33,43353-754,Geoffrey Ackermann,Male,Pharmacist,320-706-1610,gackermann49@foxnews.com,Saint Cloud,United States,US,Minnesota,34617 Lakeland Street,13-04-2019,55289-720,13-05-2019,Same Day,Truck,56372,961575.66,1,0.84,mastercard,5.10E+15,Very Good,WH-DEL-01,27,19,1,45,6,10,4,3.6,3,524700.33,23611514.85,Overstock
SKI-151,74427 Fairfield Point,Skidoo,393-49-1434,90,Nissan,280ZX,Yellow,1979,705912.16,49643-104,Glendon Brazier,Male,Research Nurse,865-787-4975,gbraziernn@soup.io,Knoxville,United States,US,Tennessee,33624 Upham Crossing,10-01-2019,45802-245,13-03-2019,Standard Class,Truck,37924,898872.18,1,0.47,mastercard,5.01E+15,Very Bad,WH-KOL-01,23,16,1,38,9,14,4,3.6,4,705912.16,26824662.08,Overstock
KWI-127,33347 Troy Center,Kwideo,820-54-7663,84,Mercedes-Benz,300SE,Goldenrod,1993,661174.36,58232-0702,Andrew Siviter,Male,Food Chemist,804-297-1313,asiviterno@dmoz.org,Richmond,United States,US,Virginia,2 Bultman Lane,31-01-2019,42192-353,23-02-2019,Second Class,Air,23277,748411.79,1,0.75,americanexpress,3.74E+14,Good,WH-KOL-01,35,18,1,52,9,13,6,4.6,5,661174.36,34381066.72,Overstock
TOP-350,85 Carpenter Place,Topicstorm,502-56-3936,66,Ford,F-Series,Goldenrod,2001,709836.01,65862-521,Joel Haverty,Male,Web Designer III,727-712-6176,jhaverty8c@businessweek.com,Clearwater,United States,US,Florida,7 Anhalt Parkway,06-08-2018,53808-0799,02-06-2019,Second Class,Air,34615,701426.93,2,0.53,maestro,6.76E+17,Bad,WH-MUM-01,36,15,1,50,10,13,4,4.2,5,709836.01,34781964.49,Overstock
WIK-132,312 Leroy Alley,Wikibox,650-81-9232,84,Mercedes-Benz,SL-Class,Crimson,2009,755485.08,65162-642,Olvan Strewthers,Male,Product Engineer,407-487-9306,ostrewthersnq@foxnews.com,Orlando,United States,US,Florida,894 Washington Parkway,13-02-2019,42507-247,10-06-2019,Second Class,Truck,32830,931842.37,1,0.37,instapayment,6.38E+15,Bad,WH-DEL-01,32,16,1,47,8,15,10,4.1,3,755485.08,35507798.76,Overstock
LIN-356,2449 Butterfield Lane,Linktype,614-40-8086,57,Buick,Century,Khaki,1992,796948.82,36987-3061,Torie Erricker,Female,Senior Cost Accountant,504-476-5027,terrickernr@mayoclinic.com,New Orleans,United States,US,Louisiana,82625 John Wall Drive,05-02-2019,43386-622,24-03-2019,First Class,Air,70174,808846.03,1,0.47,mastercard,5.05E+15,Good,WH-KOL-01,33,15,1,47,10,14,9,3.6,2,796948.82,37456594.54,Overstock
AVA-303,834 Graedel Lane,Avaveo,866-62-6025,90,Nissan,Titan,Puce,2009,677863.64,50730-8719,Elmo Kornacki,Male,Financial Analyst,484-705-8462,ekornackins@de.vu,Reading,United States,US,Pennsylvania,12 Butternut Drive,19-04-2019,47682-073,18-02-2019,Second Class,Air,19605,906360.11,2,0.7,jcb,3.55E+15,Okay,WH-DEL-01,30,17,1,46,10,14,6,4.5,4,677863.64,30503863.8,Overstock
CHA-98,271 Nova Way,Chatterbridge,366-41-4206,53,Audi,TT,Pink,2004,705970.97,68788-0920,Ursuline Umpleby,Female,VP Accounting,602-289-4164,uumplebynt@redcross.org,Phoenix,United States,US,Arizona,98 Briar Crest Court,11-10-2018,54458-967,24-05-2019,Same Day,Air,85020,950656.23,1,0.52,jcb,3.55E+15,Very Good,WH-DEL-01,36,15,1,50,8,14,9,5,2,705970.97,35298548.5,Overstock
ZOO-350,1349 Huxley Crossing,Zoomdog,172-98-2152,51,Acura,MDX,Red,2009,771998.97,0682-0334,Tiebout Pizzey,Male,Marketing Assistant,907-140-0701,tpizzey7s@unblog.fr,Anchorage,United States,US,Alaska,9 Dapin Point,14-07-2018,49999-338,26-03-2019,Standard Class,Air,99522,896282.31,2,0.25,jcb,3.54E+15,Bad,WH-BLR-01,34,20,1,53,6,15,6,4.1,5,771998.97,40143946.44,Overstock
FLI-69,0603 Green Avenue,Fliptune,703-40-7061,91,Oldsmobile,Bravada,Orange,1997,536650.66,13537-113,Heath Cordingly,Female,Computer Systems Analyst I,423-165-4353,hcordinglynv@is.gd,Kingsport,United States,US,Tennessee,294 Huxley Terrace,10-02-2019,14783-434,02-05-2019,Standard Class,Air,37665,995597.63,1,0.62,diners-club-enroute,2.01E+14,Very Good,WH-BLR-01,26,18,1,43,8,10,2,4.1,4,536650.66,23075978.38,Overstock
AIV-317,653 Nobel Hill,Aivee,575-74-5075,53,Audi,S5,Turquoise,2011,677518.46,10019-035,Sanderson Northbridge,Male,Physical Therapy Assistant,410-661-4453,snorthbridgenw@businessweek.com,Baltimore,United States,US,Maryland,682 7th Center,30-05-2019,54569-0355,10-06-2019,Standard Class,Air,21211,711993.48,1,0.36,diners-club-us-ca,5.55E+15,Bad,WH-DEL-01,20,16,1,35,7,10,7,4.3,2,677518.46,23713146.1,Overstock
PLA-45,489 West Road,Plambee,738-91-2227,63,Dodge,Caliber,Violet,2008,575813.46,51655-096,Crichton Coxhead,Male,Database Administrator III,973-444-8592,ccoxheadqx@ihg.com,Paterson,United States,US,New Jersey,052 Wayridge Court,03-06-2019,55150-119,10-06-2019,Same Day,Truck,7505,701286.37,1,0.88,jcb,3.56E+15,Good,WH-CHN-01,40,16,1,55,8,10,9,3.9,4,575813.46,31669740.3,Overstock
RHY-113,5 School Street,Rhynyx,711-98-8851,83,Mazda,Mazdaspeed 3,Purple,2008,641041.29,63517-101,Weidar Elliot,Male,Analyst Programmer,504-852-8089,welliotny@skype.com,New Orleans,United States,US,Louisiana,042 American Ash Pass,25-01-2019,0781-3136,10-03-2019,First Class,Air,70160,715755.21,1,0.38,americanexpress,3.38E+14,Okay,WH-CHN-01,21,16,1,36,7,11,5,5,3,641041.29,23077486.44,Overstock
GAB-28,0165 Holy Cross Parkway,Gabspot,849-16-1152,71,Infiniti,G35,Goldenrod,2007,743163.71,41163-603,Gabriellia Bard,Female,Software Test Engineer IV,440-405-4797,gbardnz@house.gov,Cleveland,United States,US,Ohio,83815 Pawling Road,24-08-2018,59535-4311,18-01-2019,Same Day,Truck,44177,714782.23,1,0.61,jcb,3.53E+15,Very Bad,WH-CHN-01,33,15,1,47,9,11,5,4,2,743163.71,34928694.37,Overstock
BUZ-263,9 Dunning Circle,Buzzbean,123-20-9005,83,Mazda,Protege,Green,1998,549101.39,49967-372,Sally Timmes,Female,Associate Professor,772-707-3854,stimmeso0@businessinsider.com,Port Saint Lucie,United States,US,Florida,8354 David Circle,24-02-2019,52686-230,26-04-2019,Second Class,Truck,34985,789487.07,2,0.84,visa-electron,4.84E+15,Very Good,WH-BLR-01,31,20,1,50,9,12,2,4.1,2,549101.39,26905968.11,Overstock
LIN-162,60018 Northland Trail,Linkbridge,471-14-4582,93,Pontiac,Firebird,Crimson,1985,654943.48,45802-759,Tedie Newlove,Male,Assistant Professor,502-699-0225,tnewloveo1@list-manage.com,Louisville,United States,US,Kentucky,288 Scoville Terrace,15-04-2019,36987-3212,28-03-2019,Same Day,Truck,40266,733391.5,1,0.53,jcb,3.54E+15,Very Bad,WH-BLR-01,23,17,1,39,9,12,10,4.8,5,654943.48,25542795.72,Overstock
PIX-26,4 Pankratz Road,Pixonyx,304-51-1575,68,GMC,Sierra,Indigo,2010,752038.24,55648-787,Standford Longhorne,Male,Account Representative I,213-537-3658,slonghorneo2@go.com,North Hollywood,United States,US,California,406 Schmedeman Trail,06-10-2018,0869-0686,20-01-2019,First Class,Air,91616,814631.94,1,0.32,instapayment,6.37E+15,Very Bad,WH-CHN-01,24,18,1,41,6,12,9,3.6,5,752038.24,30833567.84,Overstock
DEM-127,806 Dawn Avenue,Demizz,709-32-7998,66,Ford,F150,Blue,2009,579906.48,42627-257,Prissie O'Dempsey,Female,Structural Analysis Engineer,334-320-7752,podempseyo3@cpanel.net,Montgomery,United States,US,Alabama,9 Alpine Avenue,03-02-2019,36987-2194,19-01-2019,Same Day,Truck,36177,753196.07,1,0.67,china-unionpay,5.60E+18,Very Good,WH-KOL-01,26,18,1,43,7,15,6,4.5,4,579906.48,24935978.64,Overstock
KAZ-94,5 Lakewood Gardens Pass,Kazio,804-77-7032,63,Dodge,Durango,Green,1998,772124.26,36987-2932,Wilton Sinnott,Male,Project Manager,239-738-1470,wsinnotto4@nature.com,Naples,United States,US,Florida,33066 Clyde Gallagher Drive,31-08-2018,37012-845,11-05-2019,Same Day,Truck,33963,769635.33,1,0.67,maestro,5.89E+16,Bad,WH-DEL-01,39,18,1,56,10,13,8,4.9,5,772124.26,43238958.56,Overstock
SKI-126,177 Fair Oaks Way,Skibox,445-52-9552,56,BMW,3 Series,Red,2004,645397.71,35356-926,Timmie Pehrsson,Male,Database Administrator II,202-296-8744,tpehrssono5@wired.com,Washington,United States,US,District of Columbia,0086 Eastwood Avenue,18-07-2018,54868-6296,01-06-2019,First Class,Truck,20580,807974.4,1,0.72,diners-club-carte-blanche,3.04E+13,Very Bad,WH-CHN-01,35,17,1,51,8,10,2,3.8,5,645397.71,32915283.21,Overstock
DIG-193,69268 Morrow Trail,Digitube,207-36-7790,59,Chevrolet,Corvette,Khaki,1995,711905.29,65044-1791,Elnore Lampens,Female,Dental Hygienist,816-780-8665,elampenso6@youtube.com,Kansas City,United States,US,Missouri,17 Briar Crest Parkway,12-12-2018,54575-196,04-01-2019,Second Class,Truck,64199,818323.16,1,0.81,diners-club-carte-blanche,3.05E+13,Very Bad,WH-BLR-01,36,15,1,50,7,11,7,4.2,5,711905.29,35595264.5,Overstock
TAG-238,858 Iowa Street,Tagcat,146-37-9519,84,Mercedes-Benz,SLS-Class,Pink,2011,506994.88,0591-0932,Valery Crole,Female,Senior Cost Accountant,209-717-5017,vcroleo7@shop-pro.jp,Fresno,United States,US,California,50942 Bellgrove Street,25-02-2019,10596-330,12-04-2019,First Class,Truck,93715,812303.63,1,0.71,jcb,3.53E+15,Very Good,WH-MUM-01,40,18,1,57,10,10,6,4.8,2,506994.88,28898708.16,Overstock
BRO-258,884 Glendale Lane,Browsebug,864-23-1420,53,Audi,A8,Indigo,2012,632674.07,68745-1057,Riannon Vaisey,Female,Environmental Specialist,951-862-0351,rvaiseyo8@nytimes.com,Riverside,United States,US,California,150 Farragut Trail,18-02-2019,0268-6640,30-03-2019,Second Class,Truck,92513,860741.36,1,0.76,diners-club-enroute,2.01E+14,Very Bad,WH-MUM-01,39,16,1,54,6,12,7,4.7,4,632674.07,34164399.78,Overstock
RHY-122,834 Sunnyside Trail,Rhyloo,635-23-3528,56,BMW,M3,Goldenrod,2002,640032.91,13537-048,Archibold Childerhouse,Male,Design Engineer,813-963-9450,achilderhouseo9@hc360.com,Tampa,United States,US,Florida,6 Birchwood Street,21-06-2018,0591-2805,12-03-2019,Same Day,Truck,33680,881609.23,1,0.37,jcb,3.57E+15,Very Bad,WH-MUM-01,24,18,1,41,10,13,4,4.6,2,640032.91,26241349.31,Overstock
AIV-317,03 Farmco Parkway,Aivee,681-07-9348,84,Mercedes-Benz,E-Class,Puce,1984,654986.52,63539-5195,Lorry Chateau,Female,Nurse Practicioner,907-677-1668,lchateauoa@cocolog-nifty.com,Juneau,United States,US,Alaska,2282 Dwight Drive,24-04-2019,49288-0588,11-05-2019,Standard Class,Air,99812,724812.76,2,0.63,maestro,5.02E+17,Very Bad,WH-BLR-01,22,17,1,38,6,14,5,3.6,3,654986.52,24234501.24,Overstock
FLA-141,18 Morning Crossing,Flashdog,128-57-5591,59,Chevrolet,Caprice,Fuscia,1977,584013.95,43857-0300,Herminia Van Daalen,Female,Desktop Support Technician,302-561-6303,hvanob@sourceforge.net,Wilmington,United States,US,Delaware,9412 Cody Place,30-11-2018,48951-2021,01-04-2019,Second Class,Air,19805,919628.58,2,0.63,americanexpress,3.74E+14,Very Good,WH-MUM-01,30,19,1,48,7,12,7,3.8,5,584013.95,27448655.65,Overstock
PIX-247,1332 Lighthouse Bay Place,Pixoboo,589-59-0272,101,Suzuki,Sidekick,Mauv,1992,645381.97,0781-2195,Wallie Wingham,Female,Payment Adjustment Coordinator,202-105-6768,wwinghamoc@barnesandnoble.com,Washington,United States,US,District of Columbia,70467 Talisman Circle,01-09-2018,55154-4179,16-01-2019,Same Day,Truck,20205,843065.66,2,0.66,switch,6.76E+17,Very Bad,WH-MUM-01,36,15,1,50,7,15,4,4.2,5,645381.97,31623716.53,Overstock
SKI-156,642 Utah Drive,Skinix,671-58-6551,51,Acura,NSX,Khaki,1992,574374.13,0115-1232,Wyatt Dysert,Male,Analog Circuit Design manager,608-608-9102,wdysertod@github.io,Madison,United States,US,Wisconsin,8 Grayhawk Center,15-04-2019,59667-0103,10-02-2019,First Class,Truck,53779,798852.38,1,0.46,mastercard,5.01E+15,Very Good,WH-BLR-01,20,15,1,34,8,14,8,4.7,5,574374.13,19528720.42,Overstock
BUZ-13,3014 Montana Trail,Buzzshare,175-14-8297,84,Mercedes-Benz,300SD,Red,1993,669998.7,0781-5527,Florance Knapp,Female,Health Coach III,508-178-7551,fknappa8@unicef.org,Brockton,United States,US,Massachusetts,2103 Doe Crossing Alley,04-05-2019,13668-344,17-05-2019,Same Day,Air,2405,784431.05,2,0.59,jcb,3.56E+15,Bad,WH-DEL-01,40,16,1,55,9,10,9,4.7,4,669998.7,36179929.8,Overstock
BRO-294,8472 Delladonna Junction,Browseblab,667-48-5540,59,Chevrolet,Citation,Teal,1980,754141.69,55655-121,Tilda Cromley,Female,Human Resources Manager,314-701-8979,tcromleyof@blinklist.com,Saint Louis,United States,US,Missouri,2414 Elmside Center,14-06-2019,47682-502,14-04-2019,Standard Class,Air,63121,977477.16,1,0.83,diners-club-carte-blanche,3.01E+13,Bad,WH-DEL-01,26,19,1,44,10,11,9,4.5,2,754141.69,33182234.36,Overstock
TAN-313,82311 Union Way,Tanoodle,479-33-7555,88,Mitsubishi,Lancer,Goldenrod,2004,692269.3,43063-260,Zea Chevalier,Female,Accountant I,571-235-5048,zchevalierog@usda.gov,Arlington,United States,US,Virginia,37607 Kenwood Point,17-11-2018,68084-860,21-03-2019,Second Class,Truck,22217,701486.88,2,0.84,jcb,3.57E+15,Bad,WH-DEL-01,26,20,1,45,7,12,3,3.5,4,692269.3,30459849.2,Overstock
OLO-19,53 Nancy Terrace,Oloo,887-81-9493,63,Dodge,Ram 3500,Blue,1995,664712.23,65954-382,Brenda Bernardeau,Female,Civil Engineer,505-760-4300,bbernardeauoh@360.cn,Albuquerque,United States,US,New Mexico,506 Kinsman Junction,02-10-2018,16714-357,18-05-2019,Second Class,Air,87201,710104.66,2,0.61,instapayment,6.39E+15,Bad,WH-BLR-01,21,17,1,37,6,11,7,4.4,5,664712.23,23929640.28,Overstock
BUZ-263,024 Graceland Trail,Buzzbean,893-55-3731,102,Toyota,Camry,Indigo,2000,570367.33,24385-594,Gawen McQuie,Male,Recruiting Manager,405-317-9391,gmcquieoi@forbes.com,Oklahoma City,United States,US,Oklahoma,74 Florence Road,17-11-2018,54868-6010,09-02-2019,First Class,Truck,73135,915297.96,1,0.36,bankcard,5.60E+15,Okay,WH-MUM-01,34,16,1,49,7,13,5,3.6,4,570367.33,27947999.17,Overstock
QUA-162,5 Carioca Street,Quatz,520-60-5977,88,Mitsubishi,Mighty Max Macro,Turquoise,1992,746135.61,0280-1146,Rockey Basilotta,Male,Teacher,513-694-2112,rbasilottaoj@ucoz.com,Cincinnati,United States,US,Ohio,738 Sauthoff Junction,05-10-2018,0536-2220,15-01-2019,Second Class,Truck,45228,702060.66,2,0.68,jcb,3.55E+15,Very Bad,WH-MUM-01,29,16,1,44,8,11,9,4.4,3,746135.61,32083831.23,Overstock
AIN-229,9687 Green Parkway,Ainyx,737-56-6848,81,Maserati,430,Blue,1990,775616.92,62932-142,Melantha Fullstone,Female,Product Engineer,425-546-8808,mfullstonemv@google.nl,Seattle,United States,US,Washington,0398 Blaine Hill,26-06-2018,13533-692,19-02-2019,Second Class,Air,98109,815562.29,2,0.82,mastercard,5.37E+15,Okay,WH-CHN-01,33,20,1,52,10,10,5,4.3,4,775616.92,39556462.92,Overstock
BRA-196,0323 Namekagon Point,Brainsphere,105-82-0581,58,Cadillac,Escalade EXT,Blue,2010,636858.15,36987-1163,Laurens Wye,Male,Web Developer II,212-155-4033,lwyeng@printfriendly.com,New York City,United States,US,New York,726 Oneill Hill,03-04-2019,13668-343,21-02-2019,First Class,Air,10275,727191.54,2,0.62,china-unionpay,5.60E+18,Very Good,WH-DEL-01,34,19,1,52,9,14,3,4.8,3,636858.15,32479765.65,Overstock
WOR-210,30230 Westerfield Pass,Wordify,371-69-6870,56,BMW,X6,Purple,2013,528353.8,54162-018,Ottilie Wittman,Female,Administrative Officer,304-526-4427,owittman7@nps.gov,Charleston,United States,US,West Virginia,0 Sachs Court,30-06-2018,49527-013,01-01-2019,Second Class,Truck,25336,779626.29,1,0.9,jcb,3.59E+15,Bad,WH-CHN-01,26,18,1,43,10,15,9,3.7,5,528353.8,22719213.4,Overstock
BRI-114,136 Russell Plaza,Brightbean,169-13-5424,66,Ford,Transit Connect,Khaki,2012,621916.45,68645-320,Isidor McCumesky,Male,VP Quality Control,713-341-9862,imccumeskyon@creativecommons.org,Houston,United States,US,Texas,53 Buell Lane,05-04-2019,55154-1391,08-01-2019,First Class,Air,77223,901160.4,1,0.76,bankcard,5.60E+15,Very Bad,WH-MUM-01,35,17,1,51,9,11,3,3.8,5,621916.45,31717738.95,Overstock
DAB-130,8 Waxwing Road,Dablist,716-73-1584,74,Jeep,Wrangler,Blue,2008,606415.76,62756-552,Alford Mainds,Male,Account Representative I,212-751-9768,amaindsoo@wiley.com,New York City,United States,US,New York,0 Mitchell Parkway,21-11-2018,49781-121,10-03-2019,Same Day,Air,10009,806288.94,1,0.6,laser,6.71E+17,Good,WH-BLR-01,35,18,1,52,10,12,8,3.5,2,606415.76,31533619.52,Overstock
COG-343,28 Packers Circle,Cogibox,163-82-3073,83,Mazda,Protege,Crimson,1997,602954.03,0409-7139,Guss Yetman,Male,Data Coordiator,937-288-5806,gyetmanop@flavors.me,Springfield,United States,US,Ohio,7 Pearson Parkway,04-04-2019,0002-7502,03-06-2019,Standard Class,Truck,45505,808468.26,1,0.88,jcb,3.58E+15,Very Bad,WH-DEL-01,30,17,1,46,8,10,9,3.8,5,602954.03,27735885.38,Overstock
GIG-273,0759 Swallow Drive,Gigashots,826-37-9051,90,Nissan,Sentra,Yellow,2006,567121.2,0517-0033,Ethelred Thorington,Male,Tax Accountant,210-554-6825,ethorington1v@ask.com,San Antonio,United States,US,Texas,60 Coleman Hill,06-03-2019,57237-101,02-04-2019,Same Day,Air,78220,849446.97,1,0.42,visa,4.04E+15,Very Bad,WH-DEL-01,29,19,1,47,7,10,9,4.6,2,567121.2,26654696.4,Overstock
TRU-59,88 Bonner Park,Trudoo,706-95-4792,91,Oldsmobile,Cutlass Supreme,Maroon,1994,632665.68,0085-1132,Valeria Abram,Female,Account Representative III,217-641-8431,vabramor@springer.com,Springfield,United States,US,Illinois,2035 Karstens Road,04-04-2019,0135-0525,09-04-2019,Second Class,Truck,62776,965695.64,1,0.63,jcb,3.57E+15,Okay,WH-BLR-01,23,18,1,40,7,12,4,4,2,632665.68,25306627.2,Overstock
RHY-113,46347 Dunning Drive,Rhynyx,378-57-0118,102,Toyota,Land Cruiser,Crimson,2005,694373.94,65811-0001,Wiatt Piche,Male,Professor,404-590-7068,wpiche5@deviantart.com,Atlanta,United States,US,Georgia,26066 Valley Edge Parkway,16-08-2018,11822-0580,24-03-2019,Standard Class,Air,31136,947785.4,2,0.39,laser,6.71E+15,Good,WH-KOL-01,37,16,1,52,7,10,3,4.7,2,694373.94,35413070.94,Overstock
VIN-57,43454 High Crossing Road,Vinder,896-31-1379,90,Nissan,Frontier,Pink,2011,730347.38,37205-844,Ahmed Lodeke,Male,Computer Systems Analyst II,415-143-7910,alodekeot@state.tx.us,San Francisco,United States,US,California,004 Oriole Pass,24-11-2018,51079-300,21-05-2019,Second Class,Truck,94154,720172.78,1,0.48,diners-club-enroute,2.01E+14,Very Good,WH-DEL-01,21,20,1,40,10,12,9,4.4,5,730347.38,29213895.2,Overstock
YAM-176,10170 Delladonna Point,Yambee,239-95-4807,79,Lincoln,MKX,Yellow,2009,608645.54,48951-1191,Creighton McTrustrie,Male,Legal Assistant,678-183-7466,cmctrustrieou@tuttocitta.it,Atlanta,United States,US,Georgia,5159 Larry Parkway,06-01-2019,54868-5581,09-03-2019,Standard Class,Air,30328,944403.45,1,0.7,jcb,3.56E+15,Okay,WH-MUM-01,29,17,1,45,10,15,9,4.1,3,608645.54,27389049.3,Overstock
ABA-208,10925 Sunfield Center,Abatz,545-33-6916,57,Buick,Century,Turquoise,1996,558958.38,0268-1046,Fey Emig,Female,Assistant Media Planner,404-468-0115,femigov@cmu.edu,Atlanta,United States,US,Georgia,14510 Caliangt Point,31-07-2018,50268-453,02-05-2019,Same Day,Truck,30380,826099.05,1,0.32,jcb,3.56E+15,Very Good,WH-MUM-01,39,19,1,57,8,14,2,4,3,558958.38,31860627.66,Overstock
CHA-98,6 Atwood Hill,Chatterbridge,242-64-3271,56,BMW,X5,Violet,2004,726495.19,22431-582,Kayle Trevillion,Female,Professor,318-622-9090,ktrevillionow@dedecms.com,Shreveport,United States,US,Louisiana,7165 Del Mar Way,08-04-2019,76069-100,12-03-2019,Second Class,Truck,71161,710897.26,2,0.26,jcb,3.59E+15,Very Good,WH-DEL-01,31,17,1,47,10,15,6,4.1,3,726495.19,33418778.74,Overstock
CAM-196,12 Bobwhite Trail,Camimbo,638-29-8068,100,Subaru,Outback,Orange,2012,519768.01,59762-2310,Daron Hyatt,Female,Systems Administrator I,203-326-1264,dhyattox@accuweather.com,New Haven,United States,US,Connecticut,713 Granby Drive,21-07-2018,30142-154,10-06-2019,First Class,Air,6538,856133.66,1,0.72,jcb,3.54E+15,Good,WH-MUM-01,33,20,1,52,7,15,3,3.8,4,519768.01,27027936.52,Overstock
PIX-26,32608 Barby Road,Pixonyx,581-55-7507,70,Hyundai,Tiburon,Purple,2003,692525.49,59450-200,Ramon Filipson,Male,Geological Engineer,515-506-7235,rfilipsonoy@techcrunch.com,Des Moines,United States,US,Iowa,1235 Mallard Plaza,26-02-2019,0135-0484,08-06-2019,Standard Class,Air,50393,748094.19,1,0.62,switch,5.64E+15,Okay,WH-KOL-01,40,16,1,55,7,15,4,4,5,692525.49,38088901.95,Overstock
AGI-194,2862 Stephen Circle,Agimba,873-66-6061,83,Mazda,MX-5,Puce,1990,666168.02,10586-9104,Max Doley,Female,Environmental Specialist,423-881-9277,mdoleye6@soundcloud.com,Chattanooga,United States,US,Tennessee,02 Bunting Street,05-10-2018,21130-296,02-06-2019,First Class,Truck,37450,957071.04,1,0.29,mastercard,5.00E+15,Very Bad,WH-CHN-01,34,16,1,49,9,11,8,3.6,3,666168.02,32642232.98,Overstock
EAB-150,1 American Ash Court,Eabox,454-20-1364,53,Audi,S5,Mauv,2010,722881.18,0555-0860,Guillermo Schwerin,Male,Administrative Officer,318-136-6417,gschwerinp0@about.me,Shreveport,United States,US,Louisiana,1155 Eastwood Plaza,11-11-2018,36987-2764,19-03-2019,First Class,Truck,71166,733967.37,1,0.63,visa-electron,4.41E+15,Good,WH-KOL-01,24,15,1,38,8,14,9,4,3,722881.18,27469484.84,Overstock
LIN-162,440 Arizona Center,Linkbridge,504-57-9924,102,Toyota,Tundra,Yellow,2008,609769.87,49349-866,Van Ayree,Male,Chemical Engineer,402-769-7150,vayree7e@github.com,Lincoln,United States,US,Nebraska,90198 Chinook Alley,06-03-2019,44911-0022,09-06-2019,Standard Class,Air,68583,885462.32,1,0.5,visa-electron,4.51E+15,Bad,WH-BLR-01,35,16,1,50,8,11,4,3.6,3,609769.87,30488493.5,Overstock
FIV-87,25 Onsgard Street,Fivebridge,185-75-2580,102,Toyota,Corolla,Khaki,1995,679176.28,0310-0282,Darrick Naismith,Male,Senior Editor,313-617-2792,dnaismitha7@gmpg.org,Detroit,United States,US,Michigan,22 Becker Plaza,28-08-2018,52747-902,16-01-2019,Standard Class,Air,48232,854608.37,1,0.46,switch,5.64E+17,Okay,WH-KOL-01,20,18,1,37,6,14,3,3.9,3,679176.28,25129522.36,Overstock
YOZ-17,10517 Hollow Ridge Drive,Yozio,245-14-9639,66,Ford,Excursion,Mauv,2002,750790.5,41163-156,Mariquilla Kernaghan,Female,Environmental Tech,504-138-2502,mkernaghanp3@oracle.com,New Orleans,United States,US,Louisiana,10 Laurel Junction,04-06-2019,54575-943,19-01-2019,Second Class,Air,70149,980953.2,2,0.76,solo,6.77E+18,Very Good,WH-DEL-01,27,18,1,44,8,15,7,4.7,2,750790.5,32283991.5,Overstock
FEE-83,4448 Reindahl Terrace,Feedbug,412-67-0231,103,Volkswagen,Beetle,Orange,1965,769865.36,75866-306,Fergus Fransinelli,Male,Marketing Manager,915-258-8594,ffransinellip4@list-manage.com,El Paso,United States,US,Texas,51 Randy Center,26-07-2018,0591-3748,14-06-2019,Second Class,Truck,88519,778363.84,1,0.83,jcb,3.57E+15,Okay,WH-MUM-01,26,17,1,42,7,10,6,4.6,3,769865.36,32334345.12,Overstock
YAK-57,2352 Ridgeview Junction,Yakijo,616-53-0046,59,Chevrolet,Beretta,Teal,1995,508442.61,16590-987,Cleveland Bracchi,Male,Nuclear Power Engineer,312-529-2765,cbracchip5@odnoklassniki.ru,Chicago,United States,US,Illinois,137 Cottonwood Crossing,13-08-2018,43598-316,24-01-2019,Standard Class,Air,60614,950611.83,1,0.82,mastercard,5.10E+15,Bad,WH-BLR-01,26,16,1,41,6,10,6,3.8,5,508442.61,20846147.01,Overstock
OYO-358,38314 4th Court,Oyoyo,492-33-7581,88,Mitsubishi,Excel,Teal,1989,591940.06,47593-359,Merline Elgar,Female,Structural Engineer,210-744-1206,melgarp6@angelfire.com,San Antonio,United States,US,Texas,7707 Warrior Way,20-11-2018,63146-103,19-04-2019,Standard Class,Air,78225,859637.02,1,0.55,maestro,6.76E+17,Good,WH-MUM-01,37,17,1,53,9,13,2,4.6,3,591940.06,31372823.18,Overstock
EDG-154,329 Killdeer Parkway,Edgeblab,403-92-5398,72,Isuzu,VehiCROSS,Purple,2001,542607.84,36987-2245,Daisi Lindroos,Female,Cost Accountant,682-508-4887,dlindroosp7@odnoklassniki.ru,Fort Worth,United States,US,Texas,871 Delladonna Court,05-05-2019,62011-0140,08-06-2019,Second Class,Truck,76192,950435.75,2,0.6,jcb,3.57E+15,Okay,WH-BLR-01,36,17,1,52,10,10,2,3.7,4,542607.84,27672999.84,Overstock
DAZ-81,77 Fuller Road,Dazzlesphere,164-55-2994,84,Mercedes-Benz,SL-Class,Green,2011,520263.99,57844-115,Brianne Tudbald,Female,Senior Sales Associate,513-404-8250,btudbaldp8@businessweek.com,Cincinnati,United States,US,Ohio,42 Ridge Oak Street,09-08-2018,49884-984,07-03-2019,Second Class,Truck,45296,773110.66,1,0.46,mastercard,5.24E+15,Very Good,WH-MUM-01,21,20,1,40,9,15,3,4.9,3,520263.99,20810559.6,Overstock
YAK-57,1 Jay Drive,Yakijo,264-99-3237,93,Pontiac,Trans Sport,Puce,1996,785144.32,10742-8223,Bendix Cridlan,Male,Graphic Designer,830-501-8513,bcridlanp9@is.gd,San Antonio,United States,US,Texas,74 Jay Place,28-03-2019,54868-5846,23-01-2019,Standard Class,Truck,78245,928886.2,1,0.82,jcb,3.54E+15,Good,WH-DEL-01,21,15,1,35,7,15,2,3.7,2,785144.32,27480051.2,Overstock
SKY-153,4 Coleman Street,Skyvu,717-19-7839,88,Mitsubishi,Galant,Orange,2011,706964.35,44911-0060,Kirsten Calvey,Female,Assistant Manager,623-594-6668,kcalvey8@google.cn,Phoenix,United States,US,Arizona,0 Maywood Center,04-11-2018,52125-325,16-01-2019,First Class,Air,85035,818364.32,2,0.5,jcb,3.56E+15,Okay,WH-CHN-01,20,17,1,36,10,13,3,4.3,5,706964.35,24743752.25,Overstock
RHY-113,4146 Mesta Alley,Rhynyx,389-86-5501,72,Isuzu,Trooper,Green,1998,590305.64,0603-4998,Carey Criple,Female,Web Designer III,803-129-5844,ccriplepb@vinaora.com,Columbia,United States,US,South Carolina,56 Vahlen Road,12-11-2018,68788-9107,08-05-2019,First Class,Truck,29208,978803.12,2,0.88,americanexpress,3.38E+14,Bad,WH-BLR-01,27,16,1,42,9,15,2,3.8,4,590305.64,24202531.24,Overstock
AVA-324,697 Meadow Vale Crossing,Avavee,129-96-5072,63,Dodge,Viper,Khaki,1999,644394.31,68639-0001,Jud Dominelli,Male,VP Marketing,608-835-8333,jdominellipc@youku.com,Madison,United States,US,Wisconsin,6712 Glendale Street,09-01-2019,55319-504,13-02-2019,Same Day,Air,53726,846228.77,1,0.27,visa,4.04E+12,Okay,WH-CHN-01,23,17,1,39,10,12,5,4.8,5,644394.31,25131378.09,Overstock
SKI-316,22 Toban Lane,Skivee,645-37-7232,83,Mazda,Familia,Blue,1991,667125.05,0378-5504,Kalie Stockell,Female,Business Systems Development Analyst,765-392-4786,kstockellpd@deliciousdays.com,Anderson,United States,US,Indiana,57234 Fair Oaks Plaza,19-01-2019,0093-0248,23-02-2019,First Class,Air,46015,706953.42,1,0.58,visa-electron,4.92E+15,Okay,WH-KOL-01,29,19,1,47,6,13,3,4.8,3,667125.05,31354877.35,Overstock
ZAV-19,9812 Summerview Way,Zava,362-62-8480,64,Eagle,Talon,Turquoise,1991,563180.83,54973-2956,Ermina MacRedmond,Female,Senior Financial Analyst,727-499-2583,emacredmondrh@blogs.com,Saint Petersburg,United States,US,Florida,13 Glacier Hill Trail,30-03-2019,10544-219,10-05-2019,Same Day,Truck,33710,945595.51,2,0.77,diners-club-enroute,2.02E+14,Bad,WH-CHN-01,27,16,1,42,10,11,3,3.5,2,563180.83,23090414.03,Overstock
THO-70,21 Di Loreto Avenue,Thoughtsphere,882-04-4231,58,Cadillac,Escalade EXT,Crimson,2012,561348.68,53389-251,Anjanette Joselin,Female,Human Resources Manager,915-404-6100,ajoselinpf@weather.com,El Paso,United States,US,Texas,1802 Kinsman Avenue,12-07-2018,55154-3395,18-02-2019,Second Class,Air,79950,955091.14,2,0.54,bankcard,5.60E+15,Very Good,WH-DEL-01,25,15,1,39,8,12,6,3.6,2,561348.68,21331249.84,Overstock
OYO-273,56 Lillian Lane,Oyoloo,850-05-1383,85,Mercury,Monterey,Orange,2006,699895.06,52125-774,Jilleen Bennit,Female,Junior Executive,502-107-6172,jbennitpg@abc.net.au,Louisville,United States,US,Kentucky,3 Hagan Point,26-01-2019,22700-134,01-01-2019,Same Day,Truck,40256,711832.25,2,0.32,maestro,5.04E+18,Very Good,WH-BLR-01,24,19,1,42,8,13,6,3.8,2,699895.06,28695697.46,Overstock
REA-339,34101 Rieder Plaza,Realblab,628-54-0917,68,GMC,Yukon,Yellow,1996,524938.57,52959-579,Joey MacConnell,Male,Junior Executive,480-817-5338,jmacconnellph@oracle.com,Gilbert,United States,US,Arizona,487 Erie Way,08-09-2018,33261-150,25-02-2019,Second Class,Air,85297,999315.69,2,0.69,bankcard,5.60E+15,Okay,WH-BLR-01,35,17,1,51,9,12,9,3.8,5,524938.57,26246928.5,Overstock
AVA-303,984 Mitchell Pass,Avaveo,696-61-0894,68,GMC,Sierra 3500,Red,2007,719787.61,30142-163,Aguie Woodland,Male,Data Coordiator,915-616-9370,awoodland1f@fema.gov,El Paso,United States,US,Texas,06 Northland Parkway,27-11-2018,63629-4358,11-05-2019,Same Day,Truck,79905,862750.76,1,0.56,visa,4.04E+15,Bad,WH-CHN-01,21,18,1,38,9,14,10,4.5,5,719787.61,27351929.18,Overstock
FAD-79,9 Alpine Court,Fadeo,432-94-2747,97,Saab,900,Purple,1993,670666.17,55154-7566,Hinze Bonhan,Male,Environmental Specialist,915-857-6049,hbonhanpj@ucla.edu,El Paso,United States,US,Texas,03530 Pleasure Hill,12-10-2018,62011-0198,14-03-2019,Standard Class,Air,79955,902584.6,1,0.34,visa,4.04E+15,Okay,WH-CHN-01,27,15,1,41,8,12,3,3.6,5,670666.17,27497312.97,Overstock
YAM-176,338 Calypso Way,Yambee,777-13-2094,65,Ferrari,599 GTB Fiorano,Mauv,2009,502335.29,55316-426,Dylan Shotter,Male,Recruiting Manager,405-127-5273,dshotterpk@wordpress.com,Oklahoma City,United States,US,Oklahoma,866 Maryland Place,16-12-2018,57520-0111,09-05-2019,First Class,Truck,73129,886109.91,1,0.62,switch,4.90E+15,Bad,WH-CHN-01,40,17,1,56,7,15,5,4.6,2,502335.29,28130776.24,Overstock
DIV-215,23 Dapin Court,Divanoodle,789-49-3600,66,Ford,F-Series,Goldenrod,2007,544872.91,75857-0001,Wilmar Dourin,Male,Senior Developer,860-227-3949,wdourinpl@europa.eu,West Hartford,United States,US,Connecticut,9 Bartelt Way,02-10-2018,60429-131,05-05-2019,First Class,Air,6127,959098.77,1,0.58,visa-electron,4.92E+15,Okay,WH-DEL-01,31,17,1,47,6,15,8,4.2,2,544872.91,25609026.77,Overstock
BRI-114,1642 Alpine Plaza,Brightbean,700-82-9373,76,Lamborghini,Gallardo,Purple,2009,714654.98,68382-112,Noak Delagua,Male,Computer Systems Analyst II,951-859-5357,ndelaguain@usa.gov,Riverside,United States,US,California,2196 Scofield Parkway,12-06-2019,60505-2539,23-01-2019,Same Day,Truck,92513,749325.93,2,0.9,maestro,5.02E+16,Very Bad,WH-CHN-01,32,19,1,50,9,14,9,4.8,3,714654.98,35018094.02,Overstock
BRO-246,17243 Sunbrook Road,Browsetype,585-61-2229,98,Saturn,VUE,Mauv,2003,538113.12,59779-600,Franzen Kirkman,Male,Staff Accountant III,917-113-9791,fkirkmanpn@edublogs.org,Jamaica,United States,US,New York,257 Anzinger Place,12-06-2019,30142-198,12-05-2019,First Class,Air,11470,813545.58,2,0.77,americanexpress,3.74E+14,Bad,WH-MUM-01,24,20,1,43,8,11,4,3.6,5,538113.12,22600751.04,Overstock
TAZ-6,7 Vidon Circle,Tazz,502-96-3884,93,Pontiac,Safari,Red,1987,750395.71,46994-329,Sela Marsters,Female,Cost Accountant,845-454-6377,smarsterspo@lycos.com,White Plains,United States,US,New York,681 Green Place,08-09-2018,0591-2467,30-04-2019,Same Day,Truck,10606,788082.02,1,0.32,visa-electron,4.41E+15,Bad,WH-KOL-01,39,18,1,56,6,11,8,3.7,5,750395.71,42022159.76,Overstock
SKI-151,54120 5th Lane,Skidoo,227-14-6321,101,Suzuki,Sidekick,Blue,1992,541872.99,0121-0772,Allissa Gwilt,Female,General Manager,785-599-7924,agwilt4d@blogger.com,Topeka,United States,US,Kansas,6245 Oakridge Plaza,19-06-2018,10742-8152,23-04-2019,Second Class,Air,66622,781324.74,1,0.6,mastercard,5.00E+15,Very Good,WH-KOL-01,31,18,1,48,9,12,9,4.8,3,541872.99,26009903.52,Overstock
ABA-327,72 Hauk Street,Abata,664-20-4806,81,Maserati,GranTurismo,Aquamarine,2011,506473.26,0220-9346,Erin Martijn,Male,Research Assistant II,860-802-6981,emartijndt@wikispaces.com,Hartford,United States,US,Connecticut,288 Macpherson Court,02-10-2018,68258-3001,15-06-2019,Second Class,Air,6160,938507.65,2,0.86,jcb,3.58E+15,Okay,WH-MUM-01,24,19,1,42,9,10,6,4.2,2,506473.26,20765403.66,Overstock
BRI-245,002 Bartillon Drive,Brightdog,370-66-4574,56,BMW,Z4 M,Khaki,2007,755402.38,60512-6032,Jarad Briatt,Male,Office Assistant IV,704-859-4960,jbriatt9t@goodreads.com,Charlotte,United States,US,North Carolina,72549 Helena Terrace,14-03-2019,63187-159,07-01-2019,Standard Class,Air,28235,902951.29,2,0.7,bankcard,5.60E+15,Bad,WH-KOL-01,28,15,1,42,9,15,8,3.8,4,755402.38,30971497.58,Overstock
KAT-175,79 Vidon Way,Katz,815-87-7868,104,Volvo,S40,Mauv,2001,753115.75,0363-0604,Tadeo Pyson,Male,Geological Engineer,202-145-2061,tpysonps@marketwatch.com,Washington,United States,US,District of Columbia,362 Lighthouse Bay Plaza,04-08-2018,0093-5539,05-02-2019,Same Day,Air,20005,982564.02,1,0.48,americanexpress,3.38E+14,Very Good,WH-CHN-01,29,17,1,45,10,14,4,4.8,4,753115.75,33890208.75,Overstock
VIN-74,3495 Northwestern Street,Vinte,384-67-3810,102,Toyota,Celica,Red,1976,747743.24,68382-027,Tedra Wasbey,Female,Media Manager IV,949-204-3472,twasbeypt@indiegogo.com,Irvine,United States,US,California,7806 Corscot Point,23-01-2019,50436-9973,03-03-2019,Standard Class,Truck,92612,724824.7,2,0.35,maestro,5.04E+17,Very Good,WH-KOL-01,22,18,1,39,8,11,8,4.6,2,747743.24,28414243.12,Overstock
SKY-153,396 Tony Park,Skyvu,876-27-7207,97,Saab,900,Crimson,2004,627014.03,68472-072,Cariotta Perel,Female,Internal Auditor,940-802-7294,cperelpu@github.com,Wichita Falls,United States,US,Texas,53 Amoth Road,19-04-2019,55111-565,26-05-2019,Standard Class,Air,76305,749629.33,1,0.55,jcb,3.55E+15,Very Good,WH-KOL-01,32,19,1,50,6,10,10,4.3,3,627014.03,31350701.5,Overstock
SKY-243,8618 Darwin Way,Skyble,237-88-3514,69,Honda,Odyssey,Pink,1998,696990.83,49520-501,Trevar Robjohns,Male,Account Representative III,202-559-1909,trobjohnsc8@com.com,Washington,United States,US,District of Columbia,72616 4th Junction,11-12-2018,66993-664,04-03-2019,Standard Class,Air,20099,735706.58,2,0.45,diners-club-carte-blanche,3.05E+13,Very Good,WH-BLR-01,36,15,1,50,6,15,9,3.8,3,696990.83,34152550.67,Overstock
BLO-185,692 Arkansas Terrace,Blogtags,163-06-9928,82,Maybach,57S,Aquamarine,2005,746550.84,0440-7805,Adiana Langshaw,Female,Occupational Therapist,435-516-5050,alangshawpw@npr.org,Salt Lake City,United States,US,Utah,412 Killdeer Parkway,21-03-2019,63187-061,05-01-2019,Second Class,Air,84105,882195.86,2,0.7,jcb,3.54E+15,Very Good,WH-KOL-01,39,15,1,53,8,10,7,4.6,4,746550.84,38820643.68,Overstock
RHY-175,62188 Lunder Center,Rhybox,655-21-6931,78,Lexus,LS,Puce,1989,645694.27,36800-980,Milzie Sutherby,Female,Nurse Practicioner,816-434-1505,msutherbypx@army.mil,Kansas City,United States,US,Missouri,2034 Sommers Parkway,19-06-2018,0942-6459,03-05-2019,Same Day,Air,64109,846757.92,2,0.5,visa-electron,4.51E+15,Bad,WH-BLR-01,39,20,1,58,6,12,7,4.1,4,645694.27,36804573.39,Overstock
SKI-323,17831 Chinook Parkway,Skippad,791-05-7061,102,Toyota,Solara,Green,1999,706179.75,68151-2871,Marla Essery,Female,Accountant IV,610-255-2286,messerypy@reference.com,Reading,United States,US,Pennsylvania,2855 Fairview Street,10-02-2019,0178-0490,07-06-2019,First Class,Air,19605,988909.9,2,0.58,bankcard,5.60E+15,Good,WH-MUM-01,23,17,1,39,7,13,6,4.9,3,706179.75,26834830.5,Overstock
KAZ-13,374 Golf Alley,Kazu,332-14-6264,82,Maybach,57,Mauv,2005,516753.59,75904-3343,Cornall Canizares,Male,Teacher,217-611-7491,ccanizarespz@cloudflare.com,Springfield,United States,US,Illinois,1621 Sherman Center,11-06-2019,50436-6046,01-06-2019,First Class,Truck,62764,914837.16,2,0.58,china-unionpay,5.60E+17,Very Good,WH-KOL-01,28,18,1,45,9,12,2,4,4,516753.59,22737157.96,Overstock
VIN-74,89821 Eliot Way,Vinte,107-81-5155,75,Kia,Rio,Violet,2011,575473.29,59762-1412,Jenna Fathers,Female,Project Manager,803-345-0815,jfathersq0@surveymonkey.com,Columbia,United States,US,South Carolina,28775 Dwight Crossing,28-04-2019,61748-200,26-03-2019,Second Class,Air,29203,806931.2,1,0.87,diners-club-enroute,2.02E+14,Bad,WH-KOL-01,32,19,1,50,8,15,2,4.4,2,575473.29,28773664.5,Overstock
BLU-113,58 Cambridge Road,Bluejam,516-58-4018,59,Chevrolet,Silverado 2500,Teal,2009,746875.73,54575-348,Ardelia Toll,Female,Research Assistant I,337-599-9659,atollq1@dmoz.org,Lafayette,United States,US,Louisiana,900 Dottie Circle,04-01-2019,54868-5002,27-04-2019,First Class,Truck,70593,931028.62,1,0.39,jcb,3.55E+15,Okay,WH-CHN-01,21,17,1,37,10,11,3,3.7,4,746875.73,27634402.01,Overstock
TWI-124,56 Forest Dale Center,Twitternation,441-20-8117,75,Kia,Sportage,Khaki,2002,722002.22,0519-1357,Caitrin Povall,Female,Web Designer IV,781-141-8847,cpovallq2@nps.gov,Newton,United States,US,Massachusetts,43232 Spenser Lane,29-06-2018,27437-203,31-01-2019,Second Class,Truck,2458,960855.9,2,0.31,diners-club-international,3.62E+13,Bad,WH-DEL-01,37,20,1,56,8,11,7,4.4,2,722002.22,39710122.1,Overstock
YOD-362,7899 Lillian Park,Yodoo,572-69-8273,59,Chevrolet,Sportvan G10,Maroon,1993,540825.5,41520-140,Esra Copp,Male,Dental Hygienist,702-291-8966,ecoppq3@myspace.com,Las Vegas,United States,US,Nevada,642 Merchant Point,12-11-2018,10019-033,30-05-2019,Second Class,Truck,89166,921195.48,1,0.58,mastercard,5.19E+15,Very Bad,WH-DEL-01,28,16,1,43,6,11,3,3.8,5,540825.5,23255496.5,Overstock
GEV-118,77436 Veith Park,Gevee,649-78-9218,90,Nissan,Quest,Blue,1993,634734.96,76439-273,Abigael Smalridge,Female,Health Coach II,520-393-0569,asmalridge2m@behance.net,Tucson,United States,US,Arizona,51509 Briar Crest Plaza,04-01-2019,54473-241,10-04-2019,Second Class,Truck,85705,768759.71,2,0.59,jcb,3.56E+15,Very Good,WH-BLR-01,36,17,1,52,10,13,4,3.5,5,634734.96,32371482.96,Overstock
THO-248,8 Wayridge Center,Thoughtbeat,645-30-1824,66,Ford,Explorer Sport,Mauv,2001,702638.94,76328-333,Hayward Audry,Male,Programmer Analyst III,646-450-7927,haudryq5@shinystat.com,New York City,United States,US,New York,2 Forster Avenue,20-12-2018,52125-877,24-02-2019,Second Class,Truck,10110,938864.54,1,0.78,jcb,3.58E+15,Very Good,WH-KOL-01,25,16,1,40,7,13,5,4.7,2,702638.94,28105557.6,Overstock
FAD-79,105 Homewood Avenue,Fadeo,541-50-1247,66,Ford,Escape,Fuscia,2009,673956.21,63629-1671,Koral Foy,Female,Research Nurse,512-914-9456,kfoyq6@nbcnews.com,Austin,United States,US,Texas,27092 Susan Avenue,25-12-2018,68462-296,29-05-2019,First Class,Air,78769,887725.23,1,0.61,instapayment,6.38E+15,Bad,WH-KOL-01,23,16,1,38,10,15,10,3.8,2,673956.21,25610335.98,Overstock
FIV-167,315 Del Mar Drive,Fivechat,331-38-7721,67,Geo,Metro,Green,1995,626229.94,68105-005,Ahmed Suggett,Male,Project Manager,239-378-6349,asuggettq7@histats.com,Naples,United States,US,Florida,12275 Old Shore Terrace,10-07-2018,50198-2826,14-06-2019,Standard Class,Truck,34114,959754.27,1,0.64,mastercard,5.55E+15,Very Bad,WH-MUM-01,26,15,1,40,10,10,4,4.4,3,626229.94,25049197.6,Overstock
ZOO-350,55 Westend Center,Zoomdog,891-98-6803,59,Chevrolet,Silverado 1500,Violet,2004,611966.63,63629-5094,Kingston Scotsbrook,Male,Project Manager,203-371-5513,kscotsbrookq8@theatlantic.com,New Haven,United States,US,Connecticut,9 Bluestem Pass,25-01-2019,55621-007,10-01-2019,First Class,Air,6538,719386.44,2,0.53,jcb,3.54E+15,Bad,WH-KOL-01,25,15,1,39,8,12,9,4.9,2,611966.63,23254731.94,Overstock
YOD-96,05665 Sugar Hill,Yodo,604-07-4246,56,BMW,760,Yellow,2004,511800.86,43596-0011,Orsola Allonby,Female,Recruiter,504-842-6094,oallonbyq9@ucla.edu,New Orleans,United States,US,Louisiana,7 Fair Oaks Trail,08-09-2018,55728-001,19-01-2019,First Class,Air,70142,752863.64,1,0.63,jcb,3.55E+15,Very Bad,WH-CHN-01,38,16,1,53,6,13,2,3.8,2,511800.86,27125445.58,Overstock
KWI-279,1282 Harbort Plaza,Kwimbee,184-98-6155,53,Audi,S6,Mauv,2007,673231.79,57520-0034,Kirsten Shoobridge,Female,Recruiting Manager,619-278-6699,kshoobridgeqa@ycombinator.com,San Diego,United States,US,California,8471 Orin Street,11-10-2018,0078-0512,11-04-2019,Standard Class,Truck,92127,768969.79,2,0.87,diners-club-carte-blanche,3.04E+13,Very Bad,WH-MUM-01,24,16,1,39,8,10,8,4,4,673231.79,25582808.02,Overstock
MIN-219,887 Larry Point,Minyx,809-80-4403,63,Dodge,Intrepid,Violet,1993,668395.35,50458-194,Lee Twohig,Male,Staff Scientist,626-199-2056,ltwohiglx@fda.gov,Pasadena,United States,US,California,2847 Pankratz Way,27-04-2019,36987-1677,03-01-2019,Same Day,Air,91131,754455.42,1,0.51,visa-electron,4.41E+15,Good,WH-BLR-01,21,17,1,37,6,12,4,4.3,2,668395.35,24730627.95,Overstock
QUI-353,03019 Union Parkway,Quimba,349-54-1230,104,Volvo,C70,Turquoise,2010,506162.39,66259-701,Estele Baggett,Female,Structural Engineer,614-674-9191,ebaggettqc@about.me,Columbus,United States,US,Ohio,2435 Goodland Circle,15-02-2019,50563-180,12-04-2019,Second Class,Truck,43268,786821.32,2,0.6,americanexpress,3.43E+14,Bad,WH-KOL-01,38,16,1,53,10,12,5,3.9,3,506162.39,26320444.28,Overstock
SKI-57,45 Kipling Circle,Skipstorm,753-08-5560,84,Mercedes-Benz,CLS-Class,Teal,2006,760854.57,24571-111,Ulysses Stansbie,Male,Executive Secretary,773-176-4952,ustansbieqd@hibu.com,Chicago,United States,US,Illinois,718 Jenifer Road,28-08-2018,51141-3771,17-01-2019,First Class,Truck,60652,894256.15,2,0.57,jcb,3.53E+15,Bad,WH-MUM-01,30,19,1,48,6,12,2,3.7,3,760854.57,35760164.79,Overstock
QUI-261,2 Loeprich Place,Quimm,109-63-3941,100,Subaru,Justy,Puce,1990,517142.83,49288-0326,Neddie Pedder,Male,Senior Editor,971-869-1575,npeddernp@nps.gov,Portland,United States,US,Oregon,04358 Pleasure Park,18-12-2018,55111-341,08-04-2019,Second Class,Air,97271,711788.52,2,0.61,mastercard,5.11E+15,Very Bad,WH-KOL-01,31,18,1,48,10,13,5,4.9,2,517142.83,24305713.01,Overstock
VOO-145,3549 Glendale Hill,Voolia,525-54-1139,104,Volvo,C70,Aquamarine,2012,668093.59,58474-010,Bear Polin,Male,Internal Auditor,719-190-4530,bpolinqf@theglobeandmail.com,Pueblo,United States,US,Colorado,1 Dapin Circle,31-01-2019,0615-7667,11-03-2019,Second Class,Truck,81015,946497.71,1,0.86,maestro,6.76E+18,Good,WH-KOL-01,36,19,1,54,7,11,6,4.9,3,668093.59,36077053.86,Overstock
DIV-109,8 Old Gate Point,Divavu,202-80-8923,102,Toyota,Highlander,Yellow,2008,541112.82,68382-795,Russ Hamon,Male,Database Administrator IV,503-155-0778,rhamonqg@nytimes.com,Beaverton,United States,US,Oregon,60322 Bultman Point,05-05-2019,59067-001,12-05-2019,Second Class,Truck,97075,956637.35,2,0.56,jcb,3.57E+15,Very Bad,WH-CHN-01,28,20,1,47,6,10,4,3.7,4,541112.82,24891189.72,Overstock
YAC-177,66603 Eliot Lane,Yacero,191-07-5808,58,Cadillac,Escalade EXT,Violet,2002,555111.84,23155-128,Brnaby Hurich,Male,Geological Engineer,313-509-3399,bhurichqh@boston.com,Detroit,United States,US,Michigan,156 Buhler Hill,22-06-2018,21624-001,15-05-2019,First Class,Truck,48217,750719.68,1,0.36,diners-club-carte-blanche,3.00E+13,Good,WH-CHN-01,36,19,1,54,10,13,3,4.4,2,555111.84,29976039.36,Overstock
FAD-79,4468 Hansons Place,Fadeo,141-40-6004,101,Suzuki,SJ,Crimson,1985,641960.9,43857-0294,Winny Piscot,Female,Cost Accountant,213-255-5536,wpiscotqi@wiley.com,Van Nuys,United States,US,California,53772 Brown Junction,04-07-2018,64117-149,15-04-2019,First Class,Air,91499,920449.05,1,0.83,visa-electron,4.18E+15,Bad,WH-KOL-01,26,18,1,43,7,10,8,3.7,2,641960.9,27604318.7,Overstock
LIV-106,2 Loeprich Road,Livefish,755-67-7009,63,Dodge,Ram 2500,Turquoise,2007,798141.78,37808-230,Bonita Veracruysse,Female,Geological Engineer,302-210-1844,bveracruysseqj@google.com.hk,Newark,United States,US,Delaware,4 Southridge Drive,27-05-2019,55319-107,07-04-2019,First Class,Truck,19725,879833.37,1,0.81,bankcard,5.60E+15,Bad,WH-DEL-01,29,20,1,48,7,11,6,4.2,4,798141.78,38310805.44,Overstock
DEV-28,7550 Packers Crossing,Devshare,711-83-0671,58,Cadillac,DeVille,Blue,1999,716194.77,64679-273,James Dikels,Male,Quality Engineer,304-636-1546,jdikelsr2@example.com,Huntington,United States,US,West Virginia,6 Hazelcrest Alley,20-05-2019,54416-005,10-04-2019,Standard Class,Truck,25705,835683.61,1,0.62,jcb,3.57E+15,Okay,WH-MUM-01,39,16,1,54,9,12,2,5,5,716194.77,38674517.58,Overstock
DEM-321,5 Sullivan Hill,Demimbu,324-61-2750,53,Audi,5000S,Aquamarine,1988,688837.92,63629-1346,Timoteo Lidgertwood,Male,Senior Cost Accountant,314-533-2582,tlidgertwoodql@deviantart.com,Saint Louis,United States,US,Missouri,74 South Place,10-12-2018,75936-111,21-02-2019,Standard Class,Air,63121,996374.15,2,0.55,jcb,3.53E+15,Bad,WH-BLR-01,39,15,1,53,6,12,2,4.8,3,688837.92,35819571.84,Overstock
POD-34,7 Dottie Place,Podcat,236-74-8866,63,Dodge,Ram Van 3500,Turquoise,2001,508303.99,57664-229,Gare Flaherty,Male,Cost Accountant,813-847-6221,gflahertyqm@facebook.com,Tampa,United States,US,Florida,082 Warbler Court,26-05-2019,0832-1072,17-06-2019,Same Day,Truck,33686,715661.58,1,0.5,jcb,3.57E+15,Very Good,WH-MUM-01,34,19,1,52,7,15,10,4,4,508303.99,26431807.48,Overstock
KAR-16,69 5th Alley,Kare,642-47-2130,59,Chevrolet,Express 1500,Red,2009,567101.99,55926-0014,Alla Zuker,Female,Information Systems Manager,816-458-5692,azukerqn@baidu.com,Kansas City,United States,US,Missouri,16513 Jenifer Place,08-01-2019,59779-320,17-03-2019,First Class,Air,64153,883602.62,1,0.4,jcb,3.55E+15,Bad,WH-BLR-01,24,19,1,42,7,14,5,4.1,2,567101.99,23818283.58,Overstock
TAG-107,314 Westport Circle,Tagchat,565-46-1132,88,Mitsubishi,Truck,Goldenrod,1990,675806.28,15127-311,Allan Lipgens,Male,VP Marketing,305-741-4255,alipgens5a@goodreads.com,Hollywood,United States,US,Florida,280 Del Mar Street,09-10-2018,65862-059,02-01-2019,Standard Class,Air,33023,816767.44,2,0.56,maestro,5.04E+17,Good,WH-DEL-01,36,17,1,52,7,15,7,4.3,4,675806.28,34466120.28,Overstock
LAZ-5,257 Sullivan Alley,Lazz,137-42-6156,84,Mercedes-Benz,600SEL,Aquamarine,1993,727672.88,55143-107,Florri Menear,Female,GIS Technical Architect,478-238-9669,fmenearp1@freewebs.com,Macon,United States,US,Georgia,67018 Anderson Place,07-11-2018,10544-020,17-06-2019,Standard Class,Truck,31210,956856.33,1,0.76,china-unionpay,5.61E+17,Very Good,WH-CHN-01,29,15,1,43,7,11,5,4.7,4,727672.88,31289933.84,Overstock
ZAZ-209,3 Rusk Trail,Zazio,891-93-3442,103,Volkswagen,Golf,Crimson,2006,647798.46,33992-3003,Kalli Coslett,Female,Business Systems Development Analyst,407-591-9064,kcoslettqq@reuters.com,Orlando,United States,US,Florida,5186 Nancy Trail,18-03-2019,46287-009,08-05-2019,Second Class,Truck,32835,976784.71,1,0.71,visa,4.02E+15,Very Good,WH-MUM-01,22,18,1,39,7,15,8,4.7,4,647798.46,25264139.94,Overstock
TAZ-6,2150 Acker Lane,Tazz,597-80-3691,56,BMW,5 Series,Goldenrod,1994,798206.16,61727-303,Sascha Rallinshaw,Male,Database Administrator II,561-251-3124,srallinshawqr@youtu.be,West Palm Beach,United States,US,Florida,6693 Kinsman Park,21-02-2019,42998-402,02-04-2019,Second Class,Air,33411,917104.31,2,0.29,mastercard,5.01E+15,Very Good,WH-BLR-01,40,16,1,55,7,15,8,4.6,3,798206.16,43103132.64,Overstock
TRU-140,1127 Independence Terrace,Trupe,108-37-5957,101,Suzuki,Samurai,Khaki,1994,764379.38,49884-929,Albert O'Cosgra,Male,Software Test Engineer II,585-649-1979,aocosgraqs@uol.com.br,Rochester,United States,US,New York,4622 Raven Circle,14-11-2018,59137-525,12-03-2019,Second Class,Air,14652,729410.28,2,0.56,switch,5.64E+17,Good,WH-DEL-01,26,18,1,43,10,12,4,4.7,4,764379.38,32103933.96,Overstock
QUI-353,242 Rusk Drive,Quimba,796-01-3998,88,Mitsubishi,Pajero,Fuscia,2003,595236.97,52125-595,Orville Argyle,Male,Executive Secretary,330-379-8821,oargyleqt@cmu.edu,Akron,United States,US,Ohio,03 Westend Lane,22-05-2019,48951-6044,11-02-2019,Same Day,Air,44329,705527.32,2,0.26,jcb,3.55E+15,Good,WH-KOL-01,31,19,1,49,6,11,6,4.4,4,595236.97,28571374.56,Overstock
SNA-124,69785 Nobel Lane,Snaptags,245-67-0465,95,Ram,Dakota,Green,2011,686205.26,55154-3379,Derick Scottesmoor,Male,VP Product Management,606-222-9568,dscottesmoorqu@barnesandnoble.com,London,United States,US,Kentucky,2 Westport Terrace,14-06-2019,61995-2371,15-02-2019,Second Class,Air,40745,757937.4,2,0.26,diners-club-carte-blanche,3.06E+13,Okay,WH-KOL-01,38,16,1,53,8,14,8,4.2,4,686205.26,35682673.52,Overstock
YOU-334,86 Pawling Pass,Youfeed,230-94-0683,75,Kia,Rio,Blue,2013,708205.02,54868-6090,Sanderson Gillino,Male,Administrative Officer,915-152-1877,sgillinoqv@geocities.jp,El Paso,United States,US,Texas,6 Kipling Center,24-05-2019,12830-739,10-01-2019,Standard Class,Air,79940,701450.85,2,0.38,switch,6.76E+17,Bad,WH-KOL-01,20,16,1,35,8,13,7,3.8,3,708205.02,24078970.68,Overstock
DIV-92,7 Kings Pass,Divape,162-95-2640,70,Hyundai,Sonata,Orange,1999,719448.27,68472-081,Diana Scruby,Female,Occupational Therapist,850-773-0823,dscrubyqw@dmoz.org,Pensacola,United States,US,Florida,04 Roxbury Circle,21-12-2018,0591-5882,27-01-2019,First Class,Truck,32505,860944.43,1,0.77,mastercard,5.46E+15,Very Good,WH-DEL-01,39,18,1,56,7,12,5,4.9,2,719448.27,40289103.12,Overstock
THO-53,10454 Leroy Junction,Thoughtstorm,560-72-9504,53,Audi,A8,Red,2003,601030.83,13537-110,Anatollo Pow,Male,GIS Technical Architect,518-474-2773,apow23@acquirethisname.com,Albany,United States,US,New York,166 Lillian Place,26-04-2019,0378-9104,27-01-2019,Second Class,Air,12255,860641.97,2,0.74,maestro,5.02E+18,Okay,WH-MUM-01,40,18,1,57,9,14,5,4,4,601030.83,33657726.48,Overstock
ABA-208,2 Oxford Junction,Abatz,477-42-1099,71,Infiniti,QX56,Mauv,2011,653709.4,10812-204,Ryon Glasscoo,Male,Actuary,347-982-8865,rglasscooqy@creativecommons.org,Flushing,United States,US,New York,29029 Mesta Way,13-03-2019,36987-1840,17-05-2019,First Class,Air,11355,798954.23,2,0.73,mastercard,5.01E+15,Very Bad,WH-MUM-01,21,16,1,36,10,15,6,3.6,2,653709.4,22879829,Overstock
DEM-127,46 Stoughton Parkway,Demizz,890-35-5664,90,Nissan,240SX,Purple,1995,602442.24,51143-296,Nannie McGarrell,Female,Account Coordinator,816-161-2822,nmcgarrellrf@booking.com,Kansas City,United States,US,Missouri,68 Mosinee Street,05-01-2019,49348-920,04-02-2019,First Class,Truck,64193,895979.14,1,0.64,jcb,3.54E+15,Very Bad,WH-BLR-01,24,20,1,43,10,10,5,3.8,2,602442.24,25905016.32,Overstock
ABA-208,9 7th Parkway,Abatz,458-83-1338,63,Dodge,Ram 2500,Orange,2007,645417.58,58214-100,Kevina Biggin,Female,Compensation Analyst,215-821-7480,kbigginr0@multiply.com,Philadelphia,United States,US,Pennsylvania,8 Shopko Avenue,20-05-2019,25021-117,06-05-2019,Second Class,Truck,19131,962632.07,1,0.75,jcb,3.55E+15,Okay,WH-CHN-01,22,20,1,41,9,12,5,3.9,2,645417.58,26462120.78,Overstock
RHY-62,5 Moose Drive,Rhycero,141-80-2703,66,Ford,Tempo,Goldenrod,1991,694325.43,41250-167,Ronni Humpage,Female,Librarian,434-442-0666,rhumpager1@usgs.gov,Charlottesville,United States,US,Virginia,24 Moulton Point,07-12-2018,55154-4989,14-06-2019,Second Class,Air,22908,832851.16,2,0.73,bankcard,5.60E+15,Okay,WH-MUM-01,27,16,1,42,10,12,5,4.6,5,694325.43,28467342.63,Overstock
SKI-323,36 Heath Pass,Skippad,433-43-1432,57,Buick,Park Avenue,Turquoise,1997,665233.99,54111-113,Finlay Addison,Male,Web Developer II,619-165-8510,faddisoncd@ox.ac.uk,San Diego,United States,US,California,5 Nobel Trail,10-04-2019,55910-804,09-03-2019,First Class,Air,92170,958446.75,1,0.39,jcb,3.58E+15,Okay,WH-DEL-01,25,18,1,42,6,10,6,4.6,2,665233.99,27939827.58,Overstock
EAM-222,69 Goodland Lane,Eamia,475-13-8465,59,Chevrolet,Express 1500,Red,2009,560777.07,49671-002,Lemuel Huggin,Male,Assistant Manager,314-523-6361,lhugginr3@salon.com,Saint Louis,United States,US,Missouri,8851 Bluestem Point,12-09-2018,43772-0003,10-01-2019,Standard Class,Air,63167,952762.44,2,0.72,china-unionpay,5.61E+17,Okay,WH-BLR-01,22,17,1,38,10,15,9,3.5,2,560777.07,20748751.59,Overstock
JAM-275,8 Scott Trail,Jamia,777-76-5259,90,Nissan,Sentra,Red,2009,662924.75,0904-5980,Idell Merrell,Female,VP Product Management,208-132-9083,imerrellr4@soundcloud.com,Boise,United States,US,Idaho,2 Toban Point,17-08-2018,52376-036,20-02-2019,Standard Class,Air,83705,776307.76,1,0.76,diners-club-enroute,2.02E+14,Very Good,WH-DEL-01,35,18,1,52,7,12,8,4.6,3,662924.75,34472087,Overstock
LIV-47,92856 Sloan Crossing,Livetube,707-22-4767,79,Lincoln,MKX,Maroon,2009,789397.64,60681-7002,Keary Leebeter,Male,Cost Accountant,210-956-7181,kleebeterr5@msu.edu,San Antonio,United States,US,Texas,304 Grim Trail,05-03-2019,54569-1647,28-02-2019,Standard Class,Truck,78285,987573.24,1,0.38,jcb,3.59E+15,Bad,WH-CHN-01,22,16,1,37,8,10,7,4.2,4,789397.64,29207712.68,Overstock
THO-271,3142 Rockefeller Way,Thoughtbridge,782-90-9359,92,Plymouth,Sundance,Blue,1993,561643.77,0006-0740,Tirrell Hegg,Male,Account Executive,916-275-2214,theggr6@stumbleupon.com,Sacramento,United States,US,California,542 Spenser Hill,17-12-2018,16590-774,02-03-2019,Second Class,Truck,95823,952050.49,2,0.82,maestro,6.76E+18,Okay,WH-MUM-01,22,20,1,41,10,10,6,4.4,2,561643.77,22465750.8,Overstock
SKA-32,62 Welch Place,Skaboo,404-75-2325,93,Pontiac,G8,Goldenrod,2008,625853.14,60505-2664,Vinson Derges,Male,Account Coordinator,915-394-0885,vdergesl1@businessinsider.com,El Paso,United States,US,Texas,6694 Cardinal Court,07-12-2018,13537-138,20-02-2019,Same Day,Air,79940,712344.87,2,0.33,china-unionpay,5.60E+16,Very Bad,WH-KOL-01,25,20,1,44,7,14,6,4.3,2,625853.14,26911685.02,Overstock
YOU-114,278 Cody Plaza,Youspan,867-74-3976,68,GMC,Acadia,Maroon,2010,662222.31,47335-203,Kahaleel Rosengart,Male,Accountant IV,509-921-1228,krosengart3m@examiner.com,Spokane,United States,US,Washington,11 Stoughton Lane,23-12-2018,67544-023,02-05-2019,First Class,Truck,99205,807033.52,2,0.37,china-unionpay,5.60E+15,Okay,WH-BLR-01,20,15,1,34,10,15,4,3.8,4,662222.31,21853336.23,Overstock
EID-41,786 Scoville Junction,Eidel,811-95-3189,76,Lamborghini,Gallardo,Green,2003,679404.14,63629-1468,Tyler Okeshott,Male,Analyst Programmer,703-563-8336,tokeshottr9@usnews.com,Arlington,United States,US,Virginia,52 Buena Vista Trail,25-09-2018,57955-2311,01-02-2019,Standard Class,Air,22205,915071.48,1,0.49,switch,4.94E+15,Very Good,WH-DEL-01,28,17,1,44,10,15,3,3.6,2,679404.14,29893782.16,Overstock
TWI-124,290 Dottie Drive,Twitternation,851-77-9525,59,Chevrolet,G-Series G10,Puce,1994,630469.02,55711-070,Giavani Hugle,Male,Media Manager III,434-419-7151,ghuglera@edublogs.org,Charlottesville,United States,US,Virginia,5750 Carey Hill,01-12-2018,33261-039,04-01-2019,Same Day,Air,22903,735445.23,1,0.76,diners-club-enroute,2.02E+14,Good,WH-BLR-01,32,16,1,47,8,11,6,4.4,3,630469.02,29632043.94,Overstock
VIP-158,4015 Ramsey Alley,Vipe,155-18-0873,56,BMW,745,Aquamarine,2002,651516.71,0363-0149,Geno Gristock,Male,Physical Therapy Assistant,512-746-2727,ggristockrb@cdbaby.com,Austin,United States,US,Texas,438 Drewry Alley,16-10-2018,65856-216,17-02-2019,Standard Class,Truck,78737,711464.16,1,0.59,jcb,3.57E+15,Very Bad,WH-CHN-01,21,15,1,35,6,13,7,4.6,3,651516.71,22803084.85,Overstock
VOO-145,157 Victoria Hill,Voolia,723-29-9697,63,Dodge,Dynasty,Yellow,1992,526967.62,52054-215,Vince Sheekey,Male,Financial Advisor,617-645-5606,vsheekeyrc@nps.gov,Cambridge,United States,US,Massachusetts,85951 Mayfield Hill,23-02-2019,55301-243,17-04-2019,First Class,Air,2142,996982.84,1,0.26,maestro,5.02E+16,Bad,WH-KOL-01,23,17,1,39,10,11,5,3.6,2,526967.62,20551737.18,Overstock
SNA-124,8802 Alpine Center,Snaptags,676-43-8841,93,Pontiac,Bonneville,Fuscia,1991,539493.48,0781-5385,Ignazio Casetti,Male,Human Resources Assistant I,808-316-5213,icasettird@mit.edu,Honolulu,United States,US,Hawaii,71855 South Hill,04-06-2019,36987-1963,31-05-2019,Same Day,Air,96845,773845.35,1,0.49,jcb,3.56E+15,Good,WH-DEL-01,35,15,1,49,9,11,9,3.7,3,539493.48,26435180.52,Overstock
REA-238,2 Kedzie Avenue,Realpoint,562-17-2875,103,Volkswagen,Eurovan,Blue,1994,549477.51,24987-437,Boycie Seed,Male,Project Manager,713-159-7116,bseedre@nasa.gov,Houston,United States,US,Texas,7 Mendota Avenue,31-07-2018,55154-3226,20-01-2019,First Class,Truck,77281,849199.84,1,0.83,diners-club-carte-blanche,3.06E+13,Very Good,WH-CHN-01,24,15,1,38,7,14,9,4.2,4,549477.51,20880145.38,Overstock
COG-152,2494 Almo Circle,Cogilith,322-62-8408,59,Chevrolet,Camaro,Crimson,2002,568280.89,0268-6618,Marve Gaynsford,Male,Internal Auditor,334-997-2654,mgaynsfordic@lycos.com,Montgomery,United States,US,Alabama,43 Graedel Street,28-03-2019,63801-107,10-04-2019,First Class,Truck,36125,779286.32,2,0.86,americanexpress,3.74E+14,Good,WH-KOL-01,25,20,1,44,9,10,5,4.7,4,568280.89,24436078.27,Overstock
REA-10,2 Eliot Terrace,Realcube,231-12-3580,77,Land Rover,Range Rover Sport,Red,2012,780221.09,57520-0401,Weider Dinnis,Male,VP Accounting,765-942-8689,wdinnisrg@webs.com,Crawfordsville,United States,US,Indiana,7 Lakewood Gardens Parkway,16-05-2019,0603-2213,07-05-2019,Same Day,Truck,47937,876979.46,2,0.57,jcb,3.58E+15,Very Bad,WH-MUM-01,32,16,1,47,7,14,2,4.7,3,780221.09,35890170.14,Overstock
OYO-216,1827 Warrior Park,Oyonder,716-43-8118,92,Plymouth,Reliant,Purple,1981,603300.58,63629-5191,Tedmund Ould,Male,Teacher,713-188-2047,toulddc@google.com.br,Houston,United States,US,Texas,729 Riverside Circle,28-01-2019,63824-303,31-05-2019,First Class,Truck,77206,872255.78,2,0.32,jcb,3.58E+15,Bad,WH-MUM-01,33,17,1,49,10,10,3,4.3,4,603300.58,28958427.84,Overstock
DEV-224,48 Melody Parkway,Devpoint,306-69-8866,56,BMW,760,Orange,2006,772366.39,36987-2288,Naomi Piscopello,Female,Accountant II,410-723-1525,npiscopellori@rakuten.co.jp,Baltimore,United States,US,Maryland,61 Quincy Junction,11-09-2018,60505-0166,31-05-2019,Second Class,Air,21265,752901.1,2,0.39,jcb,3.58E+15,Very Good,WH-KOL-01,29,15,1,43,9,13,3,3.7,5,772366.39,32439388.38,Overstock
VID-267,6 Carioca Trail,Vidoo,159-34-3380,85,Mercury,Sable,Khaki,1996,562701.11,48951-3141,Zitella Thackston,Female,Financial Advisor,574-367-5341,zthackstonrj@theglobeandmail.com,South Bend,United States,US,Indiana,1513 Chive Junction,30-11-2018,0548-3015,06-06-2019,Standard Class,Air,46614,885826.68,1,0.78,maestro,5.02E+18,Very Bad,WH-MUM-01,23,20,1,42,8,15,6,4,4,562701.11,23633446.62,Overstock
DIV-215,5782 Dahle Street,Divanoodle,389-66-3576,66,Ford,Mustang,Puce,1970,674685.37,42924-001,Chere Rawles,Female,Payment Adjustment Coordinator,562-959-0913,crawleskg@nature.com,Anaheim,United States,US,California,24 8th Place,07-12-2018,42023-167,06-01-2019,Second Class,Truck,92805,800465.3,2,0.77,bankcard,5.60E+15,Very Bad,WH-BLR-01,39,18,1,56,8,10,9,4.8,5,674685.37,37107695.35,Overstock
ZOO-135,56 Jay Terrace,Zoovu,742-59-6791,56,BMW,Z3,Khaki,1999,734175.16,36987-1348,Tonie Gueste,Female,Recruiting Manager,302-244-4452,tguesterl@google.de,Wilmington,United States,US,Delaware,7216 Reindahl Way,07-05-2019,0517-0725,19-05-2019,First Class,Truck,19810,914193.62,1,0.42,jcb,3.58E+15,Very Good,WH-CHN-01,38,17,1,54,6,13,10,3.6,2,734175.16,39645458.64,Overstock
BRI-114,352 Monica Drive,Brightbean,281-57-4165,60,Chrysler,Cirrus,Red,1999,704831.17,63323-086,Haven Piggen,Male,Payment Adjustment Coordinator,504-686-5984,hpiggendm@accuweather.com,New Orleans,United States,US,Louisiana,488 Del Mar Circle,10-08-2018,76329-3301,01-01-2019,First Class,Truck,70116,739988.12,1,0.5,jcb,3.53E+15,Good,WH-CHN-01,25,18,1,42,9,13,2,3.7,5,704831.17,29602909.14,Overstock
EDG-222,13 Dunning Alley,Edgeify,352-07-3630,59,Chevrolet,Monte Carlo,Fuscia,2004,718778.77,0268-0030,Sherman Bennett,Male,Senior Editor,402-591-6358,sbennettrn@google.com.hk,Lincoln,United States,US,Nebraska,4 Oneill Place,14-08-2018,68788-0046,16-03-2019,Second Class,Truck,68524,900610.31,2,0.59,maestro,5.02E+15,Okay,WH-CHN-01,28,16,1,43,10,14,6,4.7,3,718778.77,30188708.34,Overstock
ZOO-361,60 Fairview Hill,Zooveo,788-64-6027,100,Subaru,Outback,Khaki,2006,689650.37,11559-729,Abbie Lehemann,Male,Chief Design Engineer,801-778-3176,alehemannro@tumblr.com,Salt Lake City,United States,US,Utah,62 Kedzie Court,18-09-2018,36987-3015,08-04-2019,Standard Class,Air,84152,987645.58,1,0.33,jcb,3.58E+15,Okay,WH-DEL-01,37,17,1,53,6,14,3,4.3,4,689650.37,36551469.61,Overstock
GEB-202,026 Calypso Pass,Geba,439-17-9977,53,Audi,Q7,Green,2012,525136.96,55143-011,Anny Bowick,Female,VP Marketing,918-943-3464,abowickrp@wikia.com,Tulsa,United States,US,Oklahoma,08 Ludington Alley,25-06-2018,68180-181,25-01-2019,Second Class,Air,74141,870962.7,2,0.25,diners-club-carte-blanche,3.04E+13,Okay,WH-BLR-01,34,17,1,50,10,10,8,4.6,3,525136.96,25731711.04,Overstock
TEK-286,2128 Spenser Avenue,Teklist,366-89-4882,96,Rolls-Royce,Phantom,Crimson,2011,516274.45,62670-4458,Randy Gummory,Male,Social Worker,303-844-0035,rgummoryoe@altervista.org,Denver,United States,US,Colorado,344 Badeau Court,09-07-2018,50436-5891,18-01-2019,Same Day,Truck,80228,930903.65,1,0.48,jcb,3.53E+15,Very Good,WH-KOL-01,36,16,1,51,6,15,10,4.5,4,516274.45,26329996.95,Overstock
MEE-208,8006 Dennis Plaza,Meembee,544-94-3877,91,Oldsmobile,88,Goldenrod,1995,655522.91,49778-001,Marlo Larkins,Male,Operator,801-384-9853,mlarkinsrr@4shared.com,Ogden,United States,US,Utah,82641 Quincy Court,28-08-2018,17856-5180,04-05-2019,Standard Class,Truck,84403,821678.46,1,0.89,visa,4.04E+12,Very Bad,WH-CHN-01,20,15,1,34,7,10,4,4.3,3,655522.91,22287778.94,Overstock
